<?xml version="1.0" encoding="UTF-8"?>
<kml xmlns="http://www.opengis.net/kml/2.2"><Document>
<name>Lidar-UAVSAR overlap (within 3 months)</name>
<Placemark><name>Central Agricultural Research Center (CARC) x uticam 210° (21003)</name><description>Central Agricultural Research Center (CARC), MT lidar ∩ UAVSAR uticam line 21003 | lidar 2021-01-15 ~ UAVSAR 2021-01-15, 2021-01-20, 2021-02-23; lidar 2021-01-21 ~ UAVSAR 2021-01-15, 2021-01-20, 2021-02-23; lidar 2021-01-22 ~ UAVSAR 2021-01-15, 2021-01-20, 2021-02-23; lidar 2021-01-29 ~ UAVSAR 2021-01-15, 2021-01-20, 2021-02-23; lidar 2021-02-17 ~ UAVSAR 2021-01-15, 2021-01-20, 2021-02-23; lidar 2021-02-18 ~ UAVSAR 2021-01-15, 2021-01-20, 2021-02-23; lidar 2021-02-24 ~ UAVSAR 2021-01-15, 2021-01-20, 2021-02-23; lidar 2021-03-04 ~ UAVSAR 2021-01-15, 2021-01-20, 2021-02-23</description><Style><LineStyle><color>ff0080ff</color><width>2</width></LineStyle><PolyStyle><color>7f0080ff</color></PolyStyle></Style><MultiGeometry><Polygon><outerBoundaryIs><LinearRing><coordinates>-109.95937,47.06553,0 -109.94595,47.06541,0 -109.94613,47.05626,0 -109.95955,47.05639,0 -109.95937,47.06553,0</coordinates></LinearRing></outerBoundaryIs></Polygon></MultiGeometry></Placemark>
<Placemark><name>Mores Creek Summit x idahos 274° (27441)</name><description>Mores Creek Summit, ID lidar ∩ UAVSAR idahos line 27441 | lidar 2025-01-13 ~ UAVSAR 2025-03-12, 2025-03-13, 2025-03-17; lidar 2025-01-29 ~ UAVSAR 2025-03-12, 2025-03-13, 2025-03-17; lidar 2025-04-04 ~ UAVSAR 2025-03-12, 2025-03-13, 2025-03-17</description><Style><LineStyle><color>ff0080ff</color><width>2</width></LineStyle><PolyStyle><color>7f0080ff</color></PolyStyle></Style><MultiGeometry><Polygon><outerBoundaryIs><LinearRing><coordinates>-115.6354747,43.9828452,0 -115.6372045,43.9071914,0 -115.7352319,43.9083186,0 -115.7336265,43.9839753,0 -115.6354747,43.9828452,0</coordinates></LinearRing></outerBoundaryIs></Polygon></MultiGeometry></Placemark>
<Placemark><name>Cherry-Eleanor x tuolum 101° (10104)</name><description>Cherry-Eleanor, CA lidar ∩ UAVSAR tuolum line 10104 | lidar 2016-04-01 ~ UAVSAR 2016-04-05, 2016-04-06, 2016-04-07; lidar 2016-04-07 ~ UAVSAR 2016-04-05, 2016-04-06, 2016-04-07; lidar 2016-04-16 ~ UAVSAR 2016-04-05, 2016-04-06, 2016-04-07; lidar 2016-04-26 ~ UAVSAR 2016-04-05, 2016-04-06, 2016-04-07</description><Style><LineStyle><color>ff0080ff</color><width>2</width></LineStyle><PolyStyle><color>7f0080ff</color></PolyStyle></Style><MultiGeometry><Polygon><outerBoundaryIs><LinearRing><coordinates>-119.685244288,37.856395561,0 -119.639522293,38.046725207,0 -119.1911620099442,37.981272710538775,0 -119.18570177867502,37.797719332363705,0 -119.685244288,37.856395561,0</coordinates></LinearRing></outerBoundaryIs></Polygon></MultiGeometry></Placemark>
<Placemark><name>Cherry-Eleanor x tuolum 271° (27110)</name><description>Cherry-Eleanor, CA lidar ∩ UAVSAR tuolum line 27110 | lidar 2016-04-01 ~ UAVSAR 2016-04-05, 2016-04-06, 2016-04-07; lidar 2016-04-07 ~ UAVSAR 2016-04-05, 2016-04-06, 2016-04-07; lidar 2016-04-16 ~ UAVSAR 2016-04-05, 2016-04-06, 2016-04-07; lidar 2016-04-26 ~ UAVSAR 2016-04-05, 2016-04-06, 2016-04-07</description><Style><LineStyle><color>ff0080ff</color><width>2</width></LineStyle><PolyStyle><color>7f0080ff</color></PolyStyle></Style><MultiGeometry><Polygon><outerBoundaryIs><LinearRing><coordinates>-119.589423684,37.796942097,0 -119.585469265,37.988533206,0 -119.19090807373239,37.972736286490075,0 -119.18544301575295,37.789020651639134,0 -119.589423684,37.796942097,0</coordinates></LinearRing></outerBoundaryIs></Polygon></MultiGeometry></Placemark>
<Placemark><name>Cherry-Eleanor x tuolum 316° (31610)</name><description>Cherry-Eleanor, CA lidar ∩ UAVSAR tuolum line 31610 | lidar 2016-04-01 ~ UAVSAR 2016-04-05, 2016-04-06, 2016-04-07; lidar 2016-04-07 ~ UAVSAR 2016-04-05, 2016-04-06, 2016-04-07; lidar 2016-04-16 ~ UAVSAR 2016-04-05, 2016-04-06, 2016-04-07; lidar 2016-04-26 ~ UAVSAR 2016-04-05, 2016-04-06, 2016-04-07</description><Style><LineStyle><color>ff0080ff</color><width>2</width></LineStyle><PolyStyle><color>7f0080ff</color></PolyStyle></Style><MultiGeometry><Polygon><outerBoundaryIs><LinearRing><coordinates>-119.18747199078993,37.857227510270725,0 -119.18423550900224,37.74842860849349,0 -119.19950465927677,37.7368120971495,0 -119.36329791528102,37.73326532261796,0 -119.93844392999975,38.20759028892534,0 -119.93913,38.22484,0 -119.62261114194337,38.23177550183411,0 -119.18747199078993,37.857227510270725,0</coordinates></LinearRing></outerBoundaryIs></Polygon></MultiGeometry></Placemark>
<Placemark><name>Merced Basin x SMAP13 135° (13500)</name><description>Merced Basin, CA lidar ∩ UAVSAR SMAP13 line 13500 | lidar 2014-03-24 ~ UAVSAR 2014-01-17, 2014-02-11, 2014-04-01; lidar 2014-04-06 ~ UAVSAR 2014-01-17, 2014-02-11, 2014-04-01; lidar 2014-04-14 ~ UAVSAR 2014-01-17, 2014-02-11, 2014-04-01; lidar 2014-04-23 ~ UAVSAR 2014-02-11, 2014-04-01; lidar 2014-04-29 ~ UAVSAR 2014-02-11, 2014-04-01</description><Style><LineStyle><color>ff0080ff</color><width>2</width></LineStyle><PolyStyle><color>7f0080ff</color></PolyStyle></Style><MultiGeometry><Polygon><outerBoundaryIs><LinearRing><coordinates>-119.58847465835564,37.90628857667341,0 -119.25787,37.91329,0 -119.25004313726346,37.655335725731625,0 -119.58847465835564,37.90628857667341,0</coordinates></LinearRing></outerBoundaryIs></Polygon></MultiGeometry></Placemark>
<Placemark><name>Tuolumne Basin x SMAP13 135° (13500)</name><description>Tuolumne Basin, CA lidar ∩ UAVSAR SMAP13 line 13500 | lidar 2014-03-23 ~ UAVSAR 2014-01-17, 2014-02-11, 2014-04-01; lidar 2014-04-07 ~ UAVSAR 2014-01-17, 2014-02-11, 2014-04-01; lidar 2014-04-20 ~ UAVSAR 2014-02-11, 2014-04-01; lidar 2014-04-28 ~ UAVSAR 2014-02-11, 2014-04-01</description><Style><LineStyle><color>ff0080ff</color><width>2</width></LineStyle><PolyStyle><color>7f0080ff</color></PolyStyle></Style><MultiGeometry><Polygon><outerBoundaryIs><LinearRing><coordinates>-119.19102009348406,37.89338342164542,0 -119.18648,37.74088,0 -119.3604540306628,37.73720732086016,0 -119.80129766164347,38.06410053003023,0 -119.80575,38.18143,0 -119.55743126694982,38.18672619827824,0 -119.19102009348406,37.89338342164542,0</coordinates></LinearRing></outerBoundaryIs></Polygon></MultiGeometry></Placemark>
<Placemark><name>Tuolumne Basin x tuolum 101° (10104)</name><description>Tuolumne Basin, CA lidar ∩ UAVSAR tuolum line 10104 | lidar 2016-03-26 ~ UAVSAR 2016-04-05, 2016-04-06, 2016-04-07; lidar 2016-04-01 ~ UAVSAR 2016-04-05, 2016-04-06, 2016-04-07; lidar 2016-04-07 ~ UAVSAR 2016-04-05, 2016-04-06, 2016-04-07; lidar 2016-04-16 ~ UAVSAR 2016-04-05, 2016-04-06, 2016-04-07; lidar 2016-04-26 ~ UAVSAR 2016-04-05, 2016-04-06, 2016-04-07</description><Style><LineStyle><color>ff0080ff</color><width>2</width></LineStyle><PolyStyle><color>7f0080ff</color></PolyStyle></Style><MultiGeometry><Polygon><outerBoundaryIs><LinearRing><coordinates>-119.685244288,37.856395561,0 -119.639522293,38.046725207,0 -119.1911620099442,37.981272710538775,0 -119.18570177867502,37.797719332363705,0 -119.685244288,37.856395561,0</coordinates></LinearRing></outerBoundaryIs></Polygon></MultiGeometry></Placemark>
<Placemark><name>Tuolumne Basin x tuolum 271° (27110)</name><description>Tuolumne Basin, CA lidar ∩ UAVSAR tuolum line 27110 | lidar 2016-03-26 ~ UAVSAR 2016-04-05, 2016-04-06, 2016-04-07; lidar 2016-04-01 ~ UAVSAR 2016-04-05, 2016-04-06, 2016-04-07; lidar 2016-04-07 ~ UAVSAR 2016-04-05, 2016-04-06, 2016-04-07; lidar 2016-04-16 ~ UAVSAR 2016-04-05, 2016-04-06, 2016-04-07; lidar 2016-04-26 ~ UAVSAR 2016-04-05, 2016-04-06, 2016-04-07</description><Style><LineStyle><color>ff0080ff</color><width>2</width></LineStyle><PolyStyle><color>7f0080ff</color></PolyStyle></Style><MultiGeometry><Polygon><outerBoundaryIs><LinearRing><coordinates>-119.589423684,37.796942097,0 -119.585469265,37.988533206,0 -119.19090807373239,37.972736286490075,0 -119.18544301575295,37.789020651639134,0 -119.589423684,37.796942097,0</coordinates></LinearRing></outerBoundaryIs></Polygon></MultiGeometry></Placemark>
<Placemark><name>Tuolumne Basin x tuolum 316° (31610)</name><description>Tuolumne Basin, CA lidar ∩ UAVSAR tuolum line 31610 | lidar 2016-03-26 ~ UAVSAR 2016-04-05, 2016-04-06, 2016-04-07; lidar 2016-04-01 ~ UAVSAR 2016-04-05, 2016-04-06, 2016-04-07; lidar 2016-04-07 ~ UAVSAR 2016-04-05, 2016-04-06, 2016-04-07; lidar 2016-04-16 ~ UAVSAR 2016-04-05, 2016-04-06, 2016-04-07; lidar 2016-04-26 ~ UAVSAR 2016-04-05, 2016-04-06, 2016-04-07</description><Style><LineStyle><color>ff0080ff</color><width>2</width></LineStyle><PolyStyle><color>7f0080ff</color></PolyStyle></Style><MultiGeometry><Polygon><outerBoundaryIs><LinearRing><coordinates>-119.18747199078993,37.857227510270725,0 -119.18423550900224,37.74842860849349,0 -119.19950465927677,37.7368120971495,0 -119.36329791528102,37.73326532261796,0 -119.93844392999975,38.20759028892534,0 -119.93913,38.22484,0 -119.62261114194337,38.23177550183411,0 -119.18747199078993,37.857227510270725,0</coordinates></LinearRing></outerBoundaryIs></Polygon></MultiGeometry></Placemark>
<Placemark><name>Animas Basin x irnton 014° (01406)</name><description>Animas Basin, CO lidar ∩ UAVSAR irnton line 01406 | lidar 2021-04-19 ~ UAVSAR 2021-01-21, 2021-01-28, 2021-02-04, 2021-02-11, 2021-02-23, 2021-03-03, 2021-03-10, 2021-03-16, 2021-03-22</description><Style><LineStyle><color>ff0080ff</color><width>2</width></LineStyle><PolyStyle><color>7f0080ff</color></PolyStyle></Style><MultiGeometry><Polygon><outerBoundaryIs><LinearRing><coordinates>-107.687035,37.684599,0 -107.87276977364328,37.72097491173546,0 -107.87272543399217,37.721031431255724,0 -107.87567127727269,37.73852994839456,0 -107.86578198181749,37.74688040885869,0 -107.86157686184993,37.75554259980959,0 -107.86288426800442,37.760016048731295,0 -107.86979193510255,37.76255103657594,0 -107.86881462174277,37.7666295457009,0 -107.86063949614255,37.775388359290744,0 -107.8407060524723,37.77361836001449,0 -107.83594671846848,37.78274357064978,0 -107.8242941295403,37.78978154981732,0 -107.82224813486872,37.795687435211875,0 -107.82805781929625,37.799152200200744,0 -107.82429285524523,37.8046488761906,0 -107.82896871166547,37.80814077900057,0 -107.82853885778835,37.81175529296417,0 -107.80855767856654,37.823947396932276,0 -107.79600560043986,37.82244416194823,0 -107.78975583735861,37.83745980978285,0 -107.78249588359178,37.84078537200292,0 -107.78498648189726,37.846583282311094,0 -107.77937770012453,37.84851799686305,0 -107.78237636199079,37.86781968646986,0 -107.77499488067203,37.867994025179875,0 -107.7662467531908,37.87721054659401,0 -107.76001681934336,37.87780740024413,0 -107.75565829791998,37.88286536055278,0 -107.75592691733162,37.89006747424813,0 -107.75031405707038,37.8920009475693,0 -107.74881104777367,37.89744238800719,0 -107.7431639924402,37.89847527638821,0 -107.73828512331053,37.90489632726361,0 -107.72151117034467,37.8971761617007,0 -107.70907984278138,37.89926525130138,0 -107.70717760786158,37.893902696581314,0 -107.69461495872416,37.892389030378084,0 -107.68869426995717,37.90153513000091,0 -107.68296411717797,37.90031438226993,0 -107.6808224412833,37.90396746560986,0 -107.66598594027596,37.90250255928546,0 -107.66111614340974,37.90937083096512,0 -107.65199287230163,37.90867583073516,0 -107.63718262146568,37.92387647589122,0 -107.63208393816231,37.92444123679552,0 -107.62091827410002,37.91432828895182,0 -107.61703637033409,37.9171179488436,0 -107.61251168512199,37.93388838082496,0 -107.60839717247208,37.935504408214854,0 -107.687035,37.684599,0</coordinates></LinearRing></outerBoundaryIs></Polygon></MultiGeometry></Placemark>
<Placemark><name>Crested Butte / East River x peeler 137° (13711)</name><description>Crested Butte / East River, CO lidar ∩ UAVSAR peeler line 13711 | lidar 2020-02-14 ~ UAVSAR 2019-12-20, 2020-02-12, 2020-02-19, 2020-02-26, 2020-03-12</description><Style><LineStyle><color>ff0080ff</color><width>2</width></LineStyle><PolyStyle><color>7f0080ff</color></PolyStyle></Style><MultiGeometry><Polygon><outerBoundaryIs><LinearRing><coordinates>-106.963354,38.698668,0 -106.96508678235973,38.700119682629804,0 -106.96041884722678,38.71767782544045,0 -106.95171094651064,38.71466982808129,0 -106.95388745309029,38.71012812986953,0 -106.95181882692135,38.707052144350094,0 -106.95333604956194,38.705949376880255,0 -106.95433955747028,38.70561523470938,0 -106.95404165806828,38.70543651733915,0 -106.963354,38.698668,0</coordinates></LinearRing></outerBoundaryIs></Polygon><Polygon><outerBoundaryIs><LinearRing><coordinates>-106.91795070525926,38.73166861251623,0 -106.91457992627988,38.74546976102169,0 -106.9030096592087,38.74252825770535,0 -106.91795070525926,38.73166861251623,0</coordinates></LinearRing></outerBoundaryIs></Polygon><Polygon><outerBoundaryIs><LinearRing><coordinates>-106.90095715303312,38.74402008690793,0 -106.90076680957463,38.745244727705945,0 -106.89917043210089,38.74531873462714,0 -106.90095715303312,38.74402008690793,0</coordinates></LinearRing></outerBoundaryIs></Polygon><Polygon><outerBoundaryIs><LinearRing><coordinates>-106.85848500476486,38.774890245466615,0 -106.87400056334386,38.777664995482006,0 -106.8880338048128,38.785999165723176,0 -106.9092746216186,38.78385181761812,0 -106.91054394003825,38.76671086482378,0 -106.93504686314004,38.757747523100406,0 -106.93807132609045,38.741928784001786,0 -106.97301003471921,38.736388264718116,0 -106.98340897837654,38.73801435098614,0 -106.98930855803376,38.74332042214888,0 -107.00887111243466,38.7434362790293,0 -107.01815979164105,38.7464299142175,0 -107.02477763804275,38.75667753588427,0 -107.02450800952805,38.767494827143985,0 -107.03326361162948,38.77184802356941,0 -107.04995536396943,38.7712205020992,0 -107.11370321179008,38.824626887990064,0 -107.11316590536691,38.8271952934131,0 -107.09772949144623,38.83107774977356,0 -107.0886898985973,38.837096513312694,0 -107.09929106283951,38.84501568528187,0 -107.10619585446685,38.864263459879794,0 -107.09997983580345,38.8684300688387,0 -107.10134398158229,38.875613740438375,0 -107.08609407363403,38.886249088491816,0 -107.08176122795778,38.895787231577145,0 -107.09101997248493,38.896973260074056,0 -107.09751721421563,38.902262820166975,0 -107.10003451734732,38.90942573532947,0 -107.11972234859732,38.912223363430726,0 -107.11606181483688,38.944275936556494,0 -107.10561324625189,38.96158427827228,0 -107.10777056881032,38.9759615375336,0 -107.10335576599797,38.982798825392635,0 -107.10257509881396,38.99542706218566,0 -107.09744860713467,38.997771898101085,0 -107.09551260172,39.01042084524851,0 -107.08363973677136,38.999370942979816,0 -107.07845958410849,38.99991388344347,0 -107.07720013407223,38.99633226863982,0 -107.06613203809886,38.99292480999639,0 -107.06541103035434,38.98798199337264,0 -107.05030628010134,38.98464441963976,0 -107.04578160454669,38.98787743267109,0 -107.04430990476571,38.99691341722891,0 -107.04814871635396,39.009910800239226,0 -107.04599592378014,39.015354680326624,0 -107.04028884192873,39.01770720996624,0 -107.02053566779595,39.013546056964145,0 -107.0176401291729,39.017212314134824,0 -106.79135318869983,38.827250637422416,0 -106.7903178000455,38.82443641875874,0 -106.85848500476486,38.774890245466615,0</coordinates></LinearRing></outerBoundaryIs></Polygon></MultiGeometry></Placemark>
<Placemark><name>Crested Butte / East River x peeler 316° (31619)</name><description>Crested Butte / East River, CO lidar ∩ UAVSAR peeler line 31619 | lidar 2020-02-14 ~ UAVSAR 2019-12-20, 2020-02-12, 2020-02-19, 2020-02-26, 2020-03-12</description><Style><LineStyle><color>ff0080ff</color><width>2</width></LineStyle><PolyStyle><color>7f0080ff</color></PolyStyle></Style><MultiGeometry><Polygon><outerBoundaryIs><LinearRing><coordinates>-106.86511,38.783307,0 -107.10642349914721,38.97804776956804,0 -107.10335576599797,38.982798825392635,0 -107.10257509881396,38.99542706218566,0 -107.09744860713467,38.997771898101085,0 -107.09551260172,39.01042084524851,0 -107.08363973677136,38.999370942979816,0 -107.07845958410849,38.99991388344347,0 -107.07720013407223,38.99633226863982,0 -107.06613203809886,38.99292480999639,0 -107.06541103035434,38.98798199337264,0 -107.05030628010134,38.98464441963976,0 -107.04578160454669,38.98787743267109,0 -107.04430990476571,38.99691341722891,0 -107.04814871635396,39.009910800239226,0 -107.04599592378014,39.015354680326624,0 -107.04028884192873,39.01770720996624,0 -107.02053566779595,39.013546056964145,0 -107.00827103322203,39.02907522452369,0 -106.99627430448575,39.03378631868135,0 -106.97301737922388,39.028325534893575,0 -106.96672936738895,39.03068431554476,0 -106.96379284140147,39.02893176347148,0 -106.96403359991916,39.01676389559536,0 -106.94492350333627,39.01483161231421,0 -106.93426371955853,39.00509759351127,0 -106.91793354781431,38.999060066533424,0 -106.90989057270248,39.00054359705354,0 -106.90735236294682,38.99202531848262,0 -106.88421090954006,38.9901488505421,0 -106.87739363635319,38.99431344169609,0 -106.87657266928743,39.00694115535432,0 -106.86047082845121,39.00945171554125,0 -106.84777547898902,38.98757808194894,0 -106.82905563066464,38.977961638927866,0 -106.81702022855997,38.98130338019151,0 -106.81059311416001,38.978249653097144,0 -106.7990653072053,38.97887852729726,0 -106.79709529933866,38.96944788803614,0 -106.78888283624559,38.964167804340846,0 -106.77776227662595,38.96783845708596,0 -106.75479409222513,38.94926898826387,0 -106.75499169052426,38.94711196076582,0 -106.74759546936706,38.92785021653608,0 -106.76434575130996,38.905522224577595,0 -106.75881375959463,38.891639245484214,0 -106.77339356116245,38.8751995239449,0 -106.77479708282821,38.86211275227204,0 -106.78804569083155,38.861910612952826,0 -106.78903970224533,38.85558793151144,0 -106.79476544472769,38.85414846412992,0 -106.80030925879778,38.84550300156714,0 -106.80065805535253,38.83648696140932,0 -106.79574942372246,38.835520648682696,0 -106.86511,38.783307,0</coordinates></LinearRing></outerBoundaryIs></Polygon></MultiGeometry></Placemark>
<Placemark><name>Cameron Pass x rockmt 141° (14107)</name><description>Cameron Pass, CO lidar ∩ UAVSAR rockmt line 14107 | lidar 2021-03-19 ~ UAVSAR 2021-01-15, 2021-01-20, 2021-01-27, 2021-02-03, 2021-02-23, 2021-03-03, 2021-03-10, 2021-03-16, 2021-03-22</description><Style><LineStyle><color>ff0080ff</color><width>2</width></LineStyle><PolyStyle><color>7f0080ff</color></PolyStyle></Style><MultiGeometry><Polygon><outerBoundaryIs><LinearRing><coordinates>-105.918,40.5722,0 -105.862,40.5726,0 -105.861,40.5046,0 -105.917,40.5041,0 -105.918,40.5722,0</coordinates></LinearRing></outerBoundaryIs></Polygon></MultiGeometry></Placemark>
<Placemark><name>Cameron Pass x rockmt 321° (32109)</name><description>Cameron Pass, CO lidar ∩ UAVSAR rockmt line 32109 | lidar 2021-03-19 ~ UAVSAR 2021-01-27, 2021-02-03, 2021-03-03, 2021-03-10, 2021-03-22</description><Style><LineStyle><color>ff0080ff</color><width>2</width></LineStyle><PolyStyle><color>7f0080ff</color></PolyStyle></Style><MultiGeometry><Polygon><outerBoundaryIs><LinearRing><coordinates>-105.918,40.5722,0 -105.862,40.5726,0 -105.861,40.5046,0 -105.917,40.5041,0 -105.918,40.5722,0</coordinates></LinearRing></outerBoundaryIs></Polygon></MultiGeometry></Placemark>
<Placemark><name>Dolores Basin x irnton 014° (01406)</name><description>Dolores Basin, CO lidar ∩ UAVSAR irnton line 01406 | lidar 2021-04-20 ~ UAVSAR 2021-01-21, 2021-01-28, 2021-02-04, 2021-02-11, 2021-02-23, 2021-03-03, 2021-03-10, 2021-03-16, 2021-03-22</description><Style><LineStyle><color>ff0080ff</color><width>2</width></LineStyle><PolyStyle><color>7f0080ff</color></PolyStyle></Style><MultiGeometry><Polygon><outerBoundaryIs><LinearRing><coordinates>-107.912265,37.72871,0 -107.89022229020594,37.79973185940187,0 -107.88837677920297,37.79625972126735,0 -107.89036123816562,37.78955473863273,0 -107.88601397189994,37.784934859057074,0 -107.872916154873,37.785939116005004,0 -107.87029010022671,37.78091389273378,0 -107.86137115191103,37.777072480484634,0 -107.86993479087636,37.76243418268644,0 -107.86266130478477,37.759988115180214,0 -107.86171800224544,37.75545803418701,0 -107.86606531555398,37.746563930036544,0 -107.87547335070404,37.73870501509261,0 -107.87281234323075,37.72106500565825,0 -107.87286838839023,37.720994225304274,0 -107.912265,37.72871,0</coordinates></LinearRing></outerBoundaryIs></Polygon></MultiGeometry></Placemark>
<Placemark><name>Fraser Experimental Forest x fraser 052° (05209)</name><description>Fraser Experimental Forest, CO lidar ∩ UAVSAR fraser line 05209 | lidar 2020-02-11 ~ UAVSAR 2020-02-12, 2020-02-19, 2020-02-26, 2020-03-12; lidar 2021-03-19 ~ UAVSAR 2021-01-15, 2021-01-20, 2021-01-27, 2021-02-03, 2021-02-23, 2021-03-03, 2021-03-10, 2021-03-16, 2021-03-22</description><Style><LineStyle><color>ff0080ff</color><width>2</width></LineStyle><PolyStyle><color>7f0080ff</color></PolyStyle></Style><MultiGeometry><Polygon><outerBoundaryIs><LinearRing><coordinates>-105.901,39.91749,0 -105.847,39.9179,0 -105.846,39.8389,0 -105.9,39.8385,0 -105.901,39.91749,0</coordinates></LinearRing></outerBoundaryIs></Polygon></MultiGeometry></Placemark>
<Placemark><name>Fraser Experimental Forest x fraser 233° (23306)</name><description>Fraser Experimental Forest, CO lidar ∩ UAVSAR fraser line 23306 | lidar 2021-03-19 ~ UAVSAR 2021-01-27, 2021-02-03, 2021-03-03, 2021-03-10, 2021-03-16, 2021-03-22</description><Style><LineStyle><color>ff0080ff</color><width>2</width></LineStyle><PolyStyle><color>7f0080ff</color></PolyStyle></Style><MultiGeometry><Polygon><outerBoundaryIs><LinearRing><coordinates>-105.92870336605635,39.9316191386162,0 -105.847,39.9323,0 -105.846,39.8369,0 -105.942,39.8362,0 -105.94291512954968,39.92341184608487,0 -105.92870336605635,39.9316191386162,0</coordinates></LinearRing></outerBoundaryIs></Polygon></MultiGeometry></Placemark>
<Placemark><name>Fraser Experimental Forest x fraser 233° (23307)</name><description>Fraser Experimental Forest, CO lidar ∩ UAVSAR fraser line 23307 | lidar 2020-02-11 ~ UAVSAR 2020-02-01, 2020-02-12, 2020-02-19, 2020-02-26, 2020-03-12</description><Style><LineStyle><color>ff0080ff</color><width>2</width></LineStyle><PolyStyle><color>7f0080ff</color></PolyStyle></Style><MultiGeometry><Polygon><outerBoundaryIs><LinearRing><coordinates>-105.901,39.91749,0 -105.847,39.9179,0 -105.846,39.8389,0 -105.9,39.8385,0 -105.901,39.91749,0</coordinates></LinearRing></outerBoundaryIs></Polygon></MultiGeometry></Placemark>
<Placemark><name>Grand Mesa x grmesa 078° (07805)</name><description>Grand Mesa, CO lidar ∩ UAVSAR grmesa line 07805 | lidar 2017-02-08 ~ UAVSAR 2017-02-06, 2017-02-22, 2017-02-25, 2017-03-08, 2017-03-31; lidar 2017-02-16 ~ UAVSAR 2017-02-06, 2017-02-22, 2017-02-25, 2017-03-08, 2017-03-31; lidar 2017-02-20 ~ UAVSAR 2017-02-06, 2017-02-22, 2017-02-25, 2017-03-08, 2017-03-31; lidar 2017-02-21 ~ UAVSAR 2017-02-06, 2017-02-22, 2017-02-25, 2017-03-08, 2017-03-31; lidar 2017-02-25 ~ UAVSAR 2017-02-06, 2017-02-22, 2017-02-25, 2017-03-08, 2017-03-31</description><Style><LineStyle><color>ff0080ff</color><width>2</width></LineStyle><PolyStyle><color>7f0080ff</color></PolyStyle></Style><MultiGeometry><Polygon><outerBoundaryIs><LinearRing><coordinates>-108.20969,39.04071,0 -108.15775,39.03946,0 -108.15901,39.00796,0 -108.21093,39.00921,0 -108.20969,39.04071,0</coordinates></LinearRing></outerBoundaryIs></Polygon></MultiGeometry></Placemark>
<Placemark><name>Grand Mesa x grmesa 080° (08006)</name><description>Grand Mesa, CO lidar ∩ UAVSAR grmesa line 08006 | lidar 2017-02-08 ~ UAVSAR 2017-02-06, 2017-02-22, 2017-02-25, 2017-03-08, 2017-03-31; lidar 2017-02-16 ~ UAVSAR 2017-02-06, 2017-02-22, 2017-02-25, 2017-03-08, 2017-03-31; lidar 2017-02-20 ~ UAVSAR 2017-02-06, 2017-02-22, 2017-02-25, 2017-03-08, 2017-03-31; lidar 2017-02-21 ~ UAVSAR 2017-02-06, 2017-02-22, 2017-02-25, 2017-03-08, 2017-03-31; lidar 2017-02-25 ~ UAVSAR 2017-02-06, 2017-02-22, 2017-02-25, 2017-03-08, 2017-03-31</description><Style><LineStyle><color>ff0080ff</color><width>2</width></LineStyle><PolyStyle><color>7f0080ff</color></PolyStyle></Style><MultiGeometry><Polygon><outerBoundaryIs><LinearRing><coordinates>-108.20969,39.04071,0 -108.15775,39.03946,0 -108.15901,39.00796,0 -108.21093,39.00921,0 -108.20969,39.04071,0</coordinates></LinearRing></outerBoundaryIs></Polygon></MultiGeometry></Placemark>
<Placemark><name>Grand Mesa x grmesa 093° (09305)</name><description>Grand Mesa, CO lidar ∩ UAVSAR grmesa line 09305 | lidar 2020-02-01 ~ UAVSAR 2020-02-01, 2020-02-12, 2020-02-19, 2020-02-26, 2020-03-12; lidar 2020-02-13 ~ UAVSAR 2020-02-01, 2020-02-12, 2020-02-19, 2020-02-26, 2020-03-12; lidar 2020-02-01 ~ UAVSAR 2020-02-01, 2020-02-12, 2020-02-19, 2020-02-26, 2020-03-12</description><Style><LineStyle><color>ff0080ff</color><width>2</width></LineStyle><PolyStyle><color>7f0080ff</color></PolyStyle></Style><MultiGeometry><Polygon><outerBoundaryIs><LinearRing><coordinates>-108.23302230936831,39.063051665436994,0 -108.23340619019758,39.068015780935156,0 -108.21778382226728,39.068544733938964,0 -108.21758929904283,39.07349507311052,0 -108.21185137634083,39.07245701181594,0 -108.21138039528606,39.069743025766556,0 -108.20034049645331,39.07128010735063,0 -108.1655024580281,39.046564018484816,0 -108.13271801828256,39.04305933737598,0 -108.11239322422485,39.0457106354614,0 -108.0872434106505,39.03922897781202,0 -108.06354871075557,39.05349894649464,0 -108.042623173353,39.05657327140137,0 -108.00965962147096,39.07104683123306,0 -107.99509150528394,39.00580913771815,0 -108.0217322939059,39.00379021904248,0 -108.0325075373102,38.99460574197861,0 -108.03579806727217,38.99874343940589,0 -108.03280201891273,39.0013698698082,0 -108.03741529992408,39.00148720543356,0 -108.04575080133269,38.99539254474243,0 -108.04329440574288,38.998933814129465,0 -108.04788885806376,38.99950069822365,0 -108.04982452713155,38.994594821259795,0 -108.05382347594853,38.99559684048197,0 -108.05196280343026,38.998702908647374,0 -108.06872289978308,38.998224657582554,0 -108.10536469856851,38.99148262186901,0 -108.1455116850887,38.99787792215354,0 -108.18597002170628,38.99660924072879,0 -108.20653660264946,39.0020588637625,0 -108.22717333908103,39.02056981484453,0 -108.22718722194594,39.034984749841904,0 -108.23166288711938,39.03869478821463,0 -108.23180054496446,39.049959452292775,0 -108.2373264423623,39.05639695535176,0 -108.23437012528407,39.05812865550578,0 -108.23592618330025,39.06267012489429,0 -108.23302230936831,39.063051665436994,0</coordinates></LinearRing></outerBoundaryIs></Polygon></MultiGeometry></Placemark>
<Placemark><name>Grand Mesa x grmesa 260° (26006)</name><description>Grand Mesa, CO lidar ∩ UAVSAR grmesa line 26006 | lidar 2017-02-08 ~ UAVSAR 2017-02-06, 2017-02-22, 2017-02-25, 2017-03-08, 2017-03-31; lidar 2017-02-16 ~ UAVSAR 2017-02-06, 2017-02-22, 2017-02-25, 2017-03-08, 2017-03-31; lidar 2017-02-20 ~ UAVSAR 2017-02-06, 2017-02-22, 2017-02-25, 2017-03-08, 2017-03-31; lidar 2017-02-21 ~ UAVSAR 2017-02-06, 2017-02-22, 2017-02-25, 2017-03-08, 2017-03-31; lidar 2017-02-25 ~ UAVSAR 2017-02-06, 2017-02-22, 2017-02-25, 2017-03-08, 2017-03-31</description><Style><LineStyle><color>ff0080ff</color><width>2</width></LineStyle><PolyStyle><color>7f0080ff</color></PolyStyle></Style><MultiGeometry><Polygon><outerBoundaryIs><LinearRing><coordinates>-108.20969,39.04071,0 -108.15775,39.03946,0 -108.15901,39.00796,0 -108.21093,39.00921,0 -108.20969,39.04071,0</coordinates></LinearRing></outerBoundaryIs></Polygon></MultiGeometry></Placemark>
<Placemark><name>Grand Mesa x grmesa 274° (27416)</name><description>Grand Mesa, CO lidar ∩ UAVSAR grmesa line 27416 | lidar 2020-02-01 ~ UAVSAR 2020-02-01, 2020-02-12, 2020-02-19, 2020-02-26, 2020-03-12; lidar 2020-02-13 ~ UAVSAR 2020-02-01, 2020-02-12, 2020-02-19, 2020-02-26, 2020-03-12; lidar 2020-02-01 ~ UAVSAR 2020-02-01, 2020-02-12, 2020-02-19, 2020-02-26, 2020-03-12</description><Style><LineStyle><color>ff0080ff</color><width>2</width></LineStyle><PolyStyle><color>7f0080ff</color></PolyStyle></Style><MultiGeometry><Polygon><outerBoundaryIs><LinearRing><coordinates>-108.23302230936831,39.063051665436994,0 -108.23340619019758,39.068015780935156,0 -108.21778382226728,39.068544733938964,0 -108.21758929904283,39.07349507311052,0 -108.21185137634083,39.07245701181594,0 -108.21138039528606,39.069743025766556,0 -108.20034049645331,39.07128010735063,0 -108.1655024580281,39.046564018484816,0 -108.13271801828256,39.04305933737598,0 -108.11239322422485,39.0457106354614,0 -108.0872434106505,39.03922897781202,0 -108.06354871075557,39.05349894649464,0 -108.042623173353,39.05657327140137,0 -108.00965962147096,39.07104683123306,0 -107.99509150528394,39.00580913771815,0 -108.0217322939059,39.00379021904248,0 -108.0325075373102,38.99460574197861,0 -108.03579806727217,38.99874343940589,0 -108.03280201891273,39.0013698698082,0 -108.03741529992408,39.00148720543356,0 -108.04575080133269,38.99539254474243,0 -108.04329440574288,38.998933814129465,0 -108.04788885806376,38.99950069822365,0 -108.04982452713155,38.994594821259795,0 -108.05382347594853,38.99559684048197,0 -108.05196280343026,38.998702908647374,0 -108.06872289978308,38.998224657582554,0 -108.10536469856851,38.99148262186901,0 -108.1455116850887,38.99787792215354,0 -108.18597002170628,38.99660924072879,0 -108.20653660264946,39.0020588637625,0 -108.22717333908103,39.02056981484453,0 -108.22718722194594,39.034984749841904,0 -108.23166288711938,39.03869478821463,0 -108.23180054496446,39.049959452292775,0 -108.2373264423623,39.05639695535176,0 -108.23437012528407,39.05812865550578,0 -108.23592618330025,39.06267012489429,0 -108.23302230936831,39.063051665436994,0</coordinates></LinearRing></outerBoundaryIs></Polygon></MultiGeometry></Placemark>
<Placemark><name>Gunnison Taylor x peeler 316° (31619)</name><description>Gunnison Taylor, CO lidar ∩ UAVSAR peeler line 31619 | lidar 2020-02-20 ~ UAVSAR 2019-12-20, 2020-02-12, 2020-02-19, 2020-02-26, 2020-03-12</description><Style><LineStyle><color>ff0080ff</color><width>2</width></LineStyle><PolyStyle><color>7f0080ff</color></PolyStyle></Style><MultiGeometry><Polygon><outerBoundaryIs><LinearRing><coordinates>-106.74805281032299,38.943818752323644,0 -106.7518984290036,38.943761424935396,0 -106.75485965145667,38.946870626416775,0 -106.75465057104877,38.94915295331904,0 -106.74805281032299,38.943818752323644,0</coordinates></LinearRing></outerBoundaryIs></Polygon><Polygon><outerBoundaryIs><LinearRing><coordinates>-106.7766456609832,38.966935688325385,0 -106.77783552056023,38.965895452760336,0 -106.78702010310771,38.96395303201933,0 -106.79222308649344,38.96432374702827,0 -106.7975627361012,38.970098417128426,0 -106.79595719522703,38.975078910234636,0 -106.80016683460592,38.98177188059207,0 -106.79603660789846,38.982613008652066,0 -106.7766456609832,38.966935688325385,0</coordinates></LinearRing></outerBoundaryIs></Polygon></MultiGeometry></Placemark>
<Placemark><name>Rio Grande x Slumgl 035° (03501)</name><description>Rio Grande, CO lidar ∩ UAVSAR Slumgl line 03501 | lidar 2015-04-07 ~ UAVSAR 2015-04-28; lidar 2016-04-03 ~ UAVSAR 2016-03-28, 2016-04-01, 2016-04-08</description><Style><LineStyle><color>ff0080ff</color><width>2</width></LineStyle><PolyStyle><color>7f0080ff</color></PolyStyle></Style><MultiGeometry><Polygon><outerBoundaryIs><LinearRing><coordinates>-107.26258032,37.77902208,0 -107.4201554360912,37.8585,0 -107.4188,37.8585,0 -107.4186,37.8585,0 -107.4184,37.8584,0 -107.4183,37.8584,0 -107.4182,37.8585,0 -107.418,37.8585,0 -107.4178,37.8584,0 -107.4177,37.8584,0 -107.4175,37.8584,0 -107.4174,37.8583,0 -107.4173,37.8582,0 -107.4173,37.858,0 -107.4172,37.858,0 -107.4171,37.8579,0 -107.417,37.8579,0 -107.4168,37.8578,0 -107.4167,37.8578,0 -107.4166,37.8577,0 -107.4165,37.8576,0 -107.4164,37.8575,0 -107.4163,37.8574,0 -107.4161,37.8572,0 -107.4159,37.857,0 -107.4155,37.8568,0 -107.4151,37.8567,0 -107.4146,37.8565,0 -107.4143,37.8565,0 -107.414,37.8564,0 -107.4135,37.8564,0 -107.413,37.8563,0 -107.4123,37.8563,0 -107.4116,37.8562,0 -107.4109,37.8563,0 -107.4102,37.8563,0 -107.4097,37.8563,0 -107.4092,37.8563,0 -107.4087,37.8564,0 -107.4084,37.8564,0 -107.4079,37.8566,0 -107.4075,37.8567,0 -107.4072,37.8568,0 -107.4066,37.8568,0 -107.4062,37.8568,0 -107.4056,37.8568,0 -107.4051,37.8568,0 -107.4046,37.8569,0 -107.4039,37.8571,0 -107.4036,37.8572,0 -107.4034,37.8573,0 -107.4032,37.8573,0 -107.4031,37.8574,0 -107.4028,37.8574,0 -107.4025,37.8574,0 -107.4021,37.8574,0 -107.402,37.8574,0 -107.4014,37.8575,0 -107.4009,37.8575,0 -107.4002,37.8575,0 -107.3998,37.8574,0 -107.3992,37.8572,0 -107.3988,37.8571,0 -107.3984,37.8569,0 -107.398,37.8568,0 -107.3977,37.8566,0 -107.3974,37.8566,0 -107.3971,37.8564,0 -107.3966,37.8564,0 -107.3964,37.8564,0 -107.3961,37.8563,0 -107.3956,37.8561,0 -107.3955,37.856,0 -107.395,37.8559,0 -107.3944,37.8558,0 -107.3937,37.8557,0 -107.3932,37.8556,0 -107.3928,37.8556,0 -107.3922,37.8556,0 -107.3917,37.8556,0 -107.3912,37.8556,0 -107.3907,37.8555,0 -107.3902,37.8555,0 -107.3899,37.8555,0 -107.3895,37.8553,0 -107.3892,37.8553,0 -107.3889,37.8552,0 -107.3886,37.8554,0 -107.3884,37.8556,0 -107.3882,37.8559,0 -107.3881,37.8561,0 -107.3879,37.8562,0 -107.3877,37.8563,0 -107.3874,37.8563,0 -107.3873,37.8562,0 -107.3871,37.8563,0 -107.3866,37.8564,0 -107.386,37.8566,0 -107.3858,37.8568,0 -107.3849,37.8575,0 -107.3847,37.8579,0 -107.3843,37.8583,0 -107.3836,37.8589,0 -107.3832,37.8592,0 -107.3831,37.8595,0 -107.3829,37.8597,0 -107.3825,37.8599,0 -107.3823,37.8601,0 -107.3822,37.8603,0 -107.382,37.8603,0 -107.3815,37.8605,0 -107.3813,37.8605,0 -107.3812,37.8606,0 -107.3811,37.8606,0 -107.3808,37.8607,0 -107.3807,37.8607,0 -107.3806,37.8606,0 -107.3805,37.8606,0 -107.3804,37.8605,0 -107.3803,37.8604,0 -107.3802,37.8602,0 -107.3801,37.86,0 -107.3799,37.8596,0 -107.3798,37.8594,0 -107.3795,37.8593,0 -107.3793,37.8591,0 -107.3792,37.859,0 -107.3791,37.8588,0 -107.3789,37.8587,0 -107.3787,37.8585,0 -107.3785,37.8583,0 -107.3783,37.8583,0 -107.3781,37.8582,0 -107.3779,37.8582,0 -107.3776,37.8581,0 -107.3774,37.8579,0 -107.3771,37.8576,0 -107.3768,37.8573,0 -107.3766,37.857,0 -107.3763,37.8567,0 -107.3762,37.8566,0 -107.376,37.8564,0 -107.3757,37.8561,0 -107.3755,37.856,0 -107.3754,37.8559,0 -107.3751,37.8558,0 -107.3747,37.8558,0 -107.3745,37.8558,0 -107.3743,37.8558,0 -107.3741,37.8559,0 -107.3738,37.856,0 -107.3734,37.8562,0 -107.3731,37.8563,0 -107.3725,37.8564,0 -107.372,37.8564,0 -107.3712,37.8562,0 -107.3707,37.8561,0 -107.3702,37.8561,0 -107.3694,37.856,0 -107.3688,37.856,0 -107.3687,37.8561,0 -107.3683,37.8563,0 -107.3679,37.8566,0 -107.3677,37.8568,0 -107.3674,37.857,0 -107.367,37.857,0 -107.3667,37.8569,0 -107.3663,37.8568,0 -107.3659,37.8568,0 -107.3654,37.8569,0 -107.365,37.8572,0 -107.3647,37.8572,0 -107.3643,37.8573,0 -107.3639,37.8573,0 -107.3635,37.8575,0 -107.3633,37.8576,0 -107.3629,37.8579,0 -107.3626,37.8581,0 -107.3624,37.8584,0 -107.362,37.8587,0 -107.3618,37.8588,0 -107.3612,37.8591,0 -107.361,37.8592,0 -107.3609,37.8593,0 -107.3606,37.8593,0 -107.3605,37.8592,0 -107.3602,37.8592,0 -107.3595,37.859,0 -107.3588,37.8589,0 -107.358,37.8589,0 -107.3576,37.8589,0 -107.3572,37.8587,0 -107.357,37.8586,0 -107.3567,37.8585,0 -107.3564,37.8584,0 -107.3559,37.8584,0 -107.3556,37.8584,0 -107.3555,37.8583,0 -107.3553,37.858,0 -107.3549,37.8578,0 -107.3546,37.8577,0 -107.3544,37.8576,0 -107.3542,37.8574,0 -107.3539,37.8572,0 -107.3536,37.8571,0 -107.353,37.8569,0 -107.3526,37.857,0 -107.3521,37.857,0 -107.3518,37.8572,0 -107.3514,37.8572,0 -107.351,37.8571,0 -107.3504,37.8568,0 -107.3498,37.8566,0 -107.3494,37.8565,0 -107.3486,37.8569,0 -107.3481,37.8571,0 -107.3479,37.8572,0 -107.3477,37.8573,0 -107.3475,37.8575,0 -107.3475,37.8577,0 -107.3474,37.8577,0 -107.3473,37.8579,0 -107.3473,37.8581,0 -107.3474,37.8582,0 -107.3474,37.8587,0 -107.3473,37.859,0 -107.3469,37.8597,0 -107.3468,37.8603,0 -107.3465,37.861,0 -107.3465,37.8613,0 -107.3464,37.8617,0 -107.3464,37.8619,0 -107.3465,37.8624,0 -107.3465,37.8628,0 -107.3465,37.863,0 -107.3462,37.8632,0 -107.3459,37.8635,0 -107.3456,37.864,0 -107.3455,37.8646,0 -107.3453,37.8652,0 -107.3452,37.8654,0 -107.3449,37.8655,0 -107.3444,37.8657,0 -107.3443,37.866,0 -107.3441,37.8663,0 -107.3436,37.8666,0 -107.3432,37.8668,0 -107.3429,37.867,0 -107.3428,37.8672,0 -107.3428,37.8673,0 -107.3425,37.8676,0 -107.3424,37.8678,0 -107.3421,37.868,0 -107.342,37.868,0 -107.3417,37.8683,0 -107.3411,37.8688,0 -107.3409,37.869,0 -107.3407,37.8692,0 -107.3406,37.8694,0 -107.3405,37.8695,0 -107.3407,37.8698,0 -107.3409,37.87,0 -107.3409,37.8701,0 -107.3409,37.8703,0 -107.3409,37.8706,0 -107.3408,37.8707,0 -107.3406,37.8709,0 -107.3403,37.8711,0 -107.3402,37.8713,0 -107.3401,37.8715,0 -107.3397,37.8716,0 -107.3392,37.8716,0 -107.3385,37.8718,0 -107.3381,37.872,0 -107.3379,37.8722,0 -107.3378,37.8724,0 -107.3377,37.8728,0 -107.3377,37.8729,0 -107.3377,37.873,0 -107.3376,37.8732,0 -107.3373,37.8734,0 -107.337,37.8736,0 -107.3369,37.8738,0 -107.3369,37.874,0 -107.3368,37.8743,0 -107.3368,37.8744,0 -107.3367,37.8747,0 -107.3364,37.8749,0 -107.3362,37.875,0 -107.336,37.8751,0 -107.336,37.8752,0 -107.3359,37.8756,0 -107.3357,37.8759,0 -107.3354,37.8761,0 -107.3351,37.8763,0 -107.3347,37.8763,0 -107.3345,37.8764,0 -107.334,37.8766,0 -107.3337,37.8767,0 -107.3333,37.8769,0 -107.3329,37.8771,0 -107.3326,37.8773,0 -107.332,37.8776,0 -107.3316,37.8778,0 -107.3314,37.878,0 -107.3309,37.8783,0 -107.3306,37.8786,0 -107.3302,37.8789,0 -107.3297,37.879,0 -107.3294,37.8792,0 -107.3291,37.8793,0 -107.3287,37.8793,0 -107.3283,37.8795,0 -107.3279,37.8796,0 -107.3276,37.8798,0 -107.3273,37.88,0 -107.3271,37.8802,0 -107.3268,37.8805,0 -107.3266,37.8809,0 -107.3265,37.8811,0 -107.3265,37.8814,0 -107.3266,37.8819,0 -107.3265,37.8822,0 -107.3264,37.8823,0 -107.3262,37.8825,0 -107.3258,37.8825,0 -107.3256,37.8826,0 -107.3252,37.8828,0 -107.3249,37.883,0 -107.3246,37.8833,0 -107.3241,37.8837,0 -107.3237,37.8842,0 -107.3232,37.8847,0 -107.3227,37.8851,0 -107.3223,37.8854,0 -107.3218,37.8856,0 -107.3213,37.8857,0 -107.3207,37.886,0 -107.3205,37.8861,0 -107.3202,37.8863,0 -107.32,37.8866,0 -107.3198,37.8869,0 -107.3196,37.8872,0 -107.3195,37.8875,0 -107.3194,37.8877,0 -107.3192,37.888,0 -107.319,37.8883,0 -107.3188,37.8887,0 -107.3187,37.8889,0 -107.3182,37.89,0 -107.3181,37.8902,0 -107.3179,37.8903,0 -107.3175,37.8905,0 -107.3172,37.8906,0 -107.3169,37.8909,0 -107.3167,37.8911,0 -107.3165,37.8913,0 -107.3161,37.8918,0 -107.3158,37.892,0 -107.3156,37.8921,0 -107.3155,37.8921,0 -107.3153,37.892,0 -107.3152,37.8919,0 -107.315,37.8919,0 -107.3148,37.8918,0 -107.3144,37.8918,0 -107.314,37.8918,0 -107.3137,37.8918,0 -107.3133,37.8918,0 -107.3126,37.8919,0 -107.3125,37.8919,0 -107.3124,37.8918,0 -107.3123,37.8918,0 -107.3121,37.8916,0 -107.3117,37.8914,0 -107.3113,37.8912,0 -107.3109,37.8911,0 -107.3107,37.8911,0 -107.3101,37.8912,0 -107.3095,37.8913,0 -107.3089,37.8915,0 -107.3086,37.8916,0 -107.3082,37.8922,0 -107.3079,37.8926,0 -107.3074,37.8934,0 -107.3073,37.8936,0 -107.3071,37.894,0 -107.3069,37.8942,0 -107.3067,37.8943,0 -107.3065,37.8944,0 -107.3063,37.8945,0 -107.3063,37.8946,0 -107.3063,37.895,0 -107.3064,37.8952,0 -107.3064,37.8953,0 -107.3062,37.8954,0 -107.3061,37.8956,0 -107.3058,37.8956,0 -107.3051,37.8957,0 -107.3043,37.896,0 -107.3038,37.8962,0 -107.3034,37.8966,0 -107.3029,37.8971,0 -107.3029,37.8976,0 -107.3029,37.898,0 -107.3028,37.8981,0 -107.3024,37.8982,0 -107.3021,37.8983,0 -107.3011,37.8985,0 -107.3006,37.8987,0 -107.3004,37.8989,0 -107.3003,37.8992,0 -107.3002,37.8994,0 -107.3002,37.8998,0 -107.3001,37.9,0 -107.2999,37.9004,0 -107.2997,37.9008,0 -107.2995,37.9012,0 -107.2994,37.9016,0 -107.2993,37.9019,0 -107.2995,37.9022,0 -107.2994,37.9023,0 -107.299,37.9026,0 -107.2986,37.9027,0 -107.2988,37.9033,0 -107.2989,37.9036,0 -107.299,37.9039,0 -107.2992,37.9043,0 -107.2992,37.9047,0 -107.2992,37.9051,0 -107.2992,37.9053,0 -107.2987,37.9056,0 -107.2982,37.9059,0 -107.2978,37.9063,0 -107.2975,37.9066,0 -107.2965,37.907,0 -107.296,37.9072,0 -107.2954,37.9074,0 -107.295,37.9076,0 -107.2942,37.9077,0 -107.2936,37.9079,0 -107.2936,37.9083,0 -107.2935,37.9085,0 -107.2935,37.9088,0 -107.2934,37.9092,0 -107.2933,37.9095,0 -107.2931,37.9098,0 -107.2927,37.9104,0 -107.2925,37.9109,0 -107.2923,37.9118,0 -107.2923,37.9122,0 -107.2922,37.9124,0 -107.2918,37.9126,0 -107.2909,37.9131,0 -107.2905,37.9139,0 -107.2902,37.9146,0 -107.2899,37.915,0 -107.2894,37.9156,0 -107.2891,37.9158,0 -107.2888,37.9159,0 -107.2884,37.916,0 -107.2882,37.9161,0 -107.2875,37.9164,0 -107.287,37.9166,0 -107.2868,37.9168,0 -107.2861,37.9171,0 -107.2857,37.9174,0 -107.2855,37.9178,0 -107.2852,37.9183,0 -107.2848,37.9189,0 -107.2847,37.9194,0 -107.2846,37.9201,0 -107.2845,37.9206,0 -107.2845,37.921,0 -107.2846,37.9217,0 -107.284,37.9221,0 -107.2837,37.9223,0 -107.2833,37.9224,0 -107.283,37.9225,0 -107.2825,37.9228,0 -107.2823,37.9229,0 -107.2808,37.9243,0 -107.2804,37.9248,0 -107.2802,37.9251,0 -107.28,37.9255,0 -107.28,37.9256,0 -107.28,37.9258,0 -107.28,37.9261,0 -107.28,37.9265,0 -107.28,37.9267,0 -107.2799,37.9269,0 -107.2795,37.9273,0 -107.2789,37.9279,0 -107.2786,37.9283,0 -107.2784,37.9288,0 -107.2783,37.9292,0 -107.2782,37.9296,0 -107.2782,37.9299,0 -107.2781,37.9301,0 -107.2778,37.9303,0 -107.2775,37.9303,0 -107.2771,37.9305,0 -107.2763,37.9305,0 -107.2757,37.9306,0 -107.2753,37.9307,0 -107.2749,37.9308,0 -107.2743,37.9311,0 -107.2739,37.9313,0 -107.2733,37.9318,0 -107.2731,37.9319,0 -107.2729,37.932,0 -107.2727,37.9322,0 -107.2725,37.9324,0 -107.2723,37.9326,0 -107.2721,37.9327,0 -107.2719,37.9329,0 -107.2716,37.9332,0 -107.2715,37.9333,0 -107.2713,37.9341,0 -107.2711,37.9344,0 -107.2708,37.9348,0 -107.2707,37.9352,0 -107.2704,37.9356,0 -107.2701,37.9361,0 -107.2698,37.9365,0 -107.2695,37.9369,0 -107.2692,37.9372,0 -107.2689,37.9374,0 -107.2687,37.9375,0 -107.2681,37.9377,0 -107.2679,37.9378,0 -107.2678,37.9379,0 -107.2676,37.9379,0 -107.2674,37.938,0 -107.2673,37.938,0 -107.267,37.938,0 -107.2667,37.938,0 -107.2663,37.938,0 -107.266,37.938,0 -107.2652,37.9377,0 -107.2645,37.9376,0 -107.2638,37.9373,0 -107.2627,37.9367,0 -107.2608,37.9358,0 -107.2601,37.9353,0 -107.2593,37.9347,0 -107.2587,37.9341,0 -107.2579,37.933,0 -107.2572,37.9322,0 -107.2566,37.9316,0 -107.256,37.931,0 -107.255,37.9304,0 -107.2539,37.9296,0 -107.2532,37.9293,0 -107.2526,37.9291,0 -107.2515,37.9289,0 -107.2499,37.9287,0 -107.2489,37.9285,0 -107.2481,37.9284,0 -107.2469,37.9284,0 -107.2463,37.9284,0 -107.246,37.9284,0 -107.2458,37.9285,0 -107.2442,37.9284,0 -107.2428,37.9282,0 -107.2415,37.9282,0 -107.2399,37.928,0 -107.2386,37.9279,0 -107.2377,37.928,0 -107.2364,37.928,0 -107.2352,37.9283,0 -107.2341,37.9286,0 -107.2334,37.9287,0 -107.2323,37.9286,0 -107.2316,37.9285,0 -107.2311,37.9282,0 -107.2306,37.9279,0 -107.2303,37.9278,0 -107.2299,37.9275,0 -107.2296,37.9274,0 -107.2293,37.9271,0 -107.2289,37.9269,0 -107.2285,37.9267,0 -107.2279,37.9265,0 -107.2274,37.9263,0 -107.2267,37.9261,0 -107.2261,37.926,0 -107.2257,37.926,0 -107.2254,37.926,0 -107.2251,37.926,0 -107.2248,37.9261,0 -107.2245,37.9263,0 -107.2234,37.9272,0 -107.2233,37.9275,0 -107.223,37.928,0 -107.2224,37.9282,0 -107.2202,37.9285,0 -107.2197,37.9285,0 -107.2189,37.9285,0 -107.2174,37.9285,0 -107.2164,37.9285,0 -107.2142,37.9285,0 -107.2122,37.9287,0 -107.2116,37.9287,0 -107.2104,37.9287,0 -107.2095,37.9288,0 -107.2083,37.9288,0 -107.2068,37.9289,0 -107.2056,37.9291,0 -107.2041,37.9295,0 -107.2018,37.9298,0 -107.2011,37.9302,0 -107.201,37.9303,0 -107.2008,37.9304,0 -107.2007,37.9305,0 -107.2006,37.9306,0 -107.2005,37.9307,0 -107.2003,37.9308,0 -107.2002,37.9309,0 -107.2001,37.931,0 -107.2,37.9311,0 -107.1999,37.9312,0 -107.1998,37.9314,0 -107.1997,37.9315,0 -107.1996,37.9316,0 -107.1995,37.9317,0 -107.1994,37.9318,0 -107.1993,37.9319,0 -107.1992,37.9321,0 -107.1992,37.9322,0 -107.1991,37.9323,0 -107.1991,37.9325,0 -107.199,37.9326,0 -107.199,37.9327,0 -107.1989,37.9329,0 -107.1989,37.933,0 -107.1988,37.9331,0 -107.1988,37.9333,0 -107.1988,37.9334,0 -107.1988,37.9336,0 -107.1988,37.9337,0 -107.1987,37.9338,0 -107.1987,37.934,0 -107.1987,37.9341,0 -107.1986,37.9342,0 -107.1983,37.9347,0 -107.1981,37.9348,0 -107.1978,37.935,0 -107.1972,37.9352,0 -107.1964,37.9354,0 -107.1955,37.9356,0 -107.1947,37.9358,0 -107.1939,37.936,0 -107.1931,37.9362,0 -107.1923,37.9363,0 -107.1913,37.9364,0 -107.1905,37.9366,0 -107.1887,37.9367,0 -107.1876,37.9367,0 -107.1863,37.9367,0 -107.1849,37.9365,0 -107.1842,37.9364,0 -107.1835,37.9361,0 -107.183,37.9358,0 -107.1825,37.9356,0 -107.182,37.9356,0 -107.1812,37.9356,0 -107.1808,37.9356,0 -107.1805,37.9357,0 -107.1799,37.9358,0 -107.1793,37.9361,0 -107.1773,37.9366,0 -107.1766,37.9367,0 -107.1748,37.9364,0 -107.1729,37.9364,0 -107.1708,37.9366,0 -107.1701,37.937,0 -107.1692,37.9373,0 -107.1688,37.9374,0 -107.1682,37.9376,0 -107.1676,37.9378,0 -107.1673,37.9381,0 -107.1667,37.9386,0 -107.1657,37.939,0 -107.1643,37.9392,0 -107.1626,37.9393,0 -107.1622,37.9393,0 -107.1615,37.9392,0 -107.1611,37.9391,0 -107.1605,37.939,0 -107.1599,37.939,0 -107.1595,37.9391,0 -107.1591,37.9392,0 -107.1588,37.9394,0 -107.1583,37.9397,0 -107.1576,37.9398,0 -107.1569,37.9399,0 -107.1561,37.9401,0 -107.1555,37.9402,0 -107.1547,37.9402,0 -107.1541,37.9401,0 -107.1533,37.94,0 -107.1524,37.9399,0 -107.1513,37.9399,0 -107.1504,37.94,0 -107.1497,37.94,0 -107.149,37.94,0 -107.1484,37.94,0 -107.1479,37.9401,0 -107.1474,37.9401,0 -107.1468,37.94,0 -107.1466,37.9399,0 -107.1458,37.9397,0 -107.1454,37.9396,0 -107.1452,37.9396,0 -107.1442,37.9393,0 -107.1436,37.9392,0 -107.1428,37.9392,0 -107.1417,37.9393,0 -107.1416,37.9392,0 -107.1413,37.9391,0 -107.1407,37.9387,0 -107.1402,37.9385,0 -107.1394,37.9384,0 -107.1387,37.9383,0 -107.1382,37.9383,0 -107.1373,37.9381,0 -107.1363,37.9379,0 -107.1353,37.9375,0 -107.1346,37.9372,0 -107.1339,37.937,0 -107.1336,37.9369,0 -107.133,37.9368,0 -107.1325,37.9369,0 -107.1317,37.9371,0 -107.131,37.9374,0 -107.1305,37.9377,0 -107.1277,37.9392,0 -107.1265,37.9398,0 -107.1254,37.9403,0 -107.1248,37.9407,0 -107.124,37.941,0 -107.1233,37.9411,0 -107.1226,37.9412,0 -107.1219,37.9413,0 -107.1214,37.9415,0 -107.1208,37.9417,0 -107.1204,37.942,0 -107.12,37.9422,0 -107.1197,37.9424,0 -107.119,37.9424,0 -107.1186,37.9426,0 -107.1184,37.9426,0 -107.1183,37.9426,0 -107.1181,37.9426,0 -107.118,37.9424,0 -107.118,37.9423,0 -107.1178,37.942,0 -107.1177,37.9418,0 -107.11761360335503,37.941756801677506,0 -107.26258032,37.77902208,0</coordinates></LinearRing></outerBoundaryIs></Polygon></MultiGeometry></Placemark>
<Placemark><name>Rio Grande x Slumgl 125° (12502)</name><description>Rio Grande, CO lidar ∩ UAVSAR Slumgl line 12502 | lidar 2015-04-07 ~ UAVSAR 2015-04-28; lidar 2016-04-03 ~ UAVSAR 2016-04-01, 2016-04-08</description><Style><LineStyle><color>ff0080ff</color><width>2</width></LineStyle><PolyStyle><color>7f0080ff</color></PolyStyle></Style><MultiGeometry><Polygon><outerBoundaryIs><LinearRing><coordinates>-106.99700352,37.94181288,0 -107.15484948,37.77752196,0 -107.32516468290994,37.882823544726705,0 -107.3249,37.883,0 -107.3246,37.8833,0 -107.3241,37.8837,0 -107.3237,37.8842,0 -107.3232,37.8847,0 -107.3227,37.8851,0 -107.3223,37.8854,0 -107.3218,37.8856,0 -107.3213,37.8857,0 -107.3207,37.886,0 -107.3205,37.8861,0 -107.3202,37.8863,0 -107.32,37.8866,0 -107.3198,37.8869,0 -107.3196,37.8872,0 -107.3195,37.8875,0 -107.3194,37.8877,0 -107.3192,37.888,0 -107.319,37.8883,0 -107.3188,37.8887,0 -107.3187,37.8889,0 -107.3182,37.89,0 -107.3181,37.8902,0 -107.3179,37.8903,0 -107.3175,37.8905,0 -107.3172,37.8906,0 -107.3169,37.8909,0 -107.3167,37.8911,0 -107.3165,37.8913,0 -107.3161,37.8918,0 -107.3158,37.892,0 -107.3156,37.8921,0 -107.3155,37.8921,0 -107.3153,37.892,0 -107.3152,37.8919,0 -107.315,37.8919,0 -107.3148,37.8918,0 -107.3144,37.8918,0 -107.314,37.8918,0 -107.3137,37.8918,0 -107.3133,37.8918,0 -107.3126,37.8919,0 -107.3125,37.8919,0 -107.3124,37.8918,0 -107.3123,37.8918,0 -107.3121,37.8916,0 -107.3117,37.8914,0 -107.3113,37.8912,0 -107.3109,37.8911,0 -107.3107,37.8911,0 -107.3101,37.8912,0 -107.3095,37.8913,0 -107.3089,37.8915,0 -107.3086,37.8916,0 -107.3082,37.8922,0 -107.3079,37.8926,0 -107.3074,37.8934,0 -107.3073,37.8936,0 -107.3071,37.894,0 -107.3069,37.8942,0 -107.3067,37.8943,0 -107.3065,37.8944,0 -107.3063,37.8945,0 -107.3063,37.8946,0 -107.3063,37.895,0 -107.3064,37.8952,0 -107.3064,37.8953,0 -107.3062,37.8954,0 -107.3061,37.8956,0 -107.3058,37.8956,0 -107.3051,37.8957,0 -107.3043,37.896,0 -107.3038,37.8962,0 -107.3034,37.8966,0 -107.3029,37.8971,0 -107.3029,37.8976,0 -107.3029,37.898,0 -107.3028,37.8981,0 -107.3024,37.8982,0 -107.3021,37.8983,0 -107.3011,37.8985,0 -107.3006,37.8987,0 -107.3004,37.8989,0 -107.3003,37.8992,0 -107.3002,37.8994,0 -107.3002,37.8998,0 -107.3001,37.9,0 -107.2999,37.9004,0 -107.2997,37.9008,0 -107.2995,37.9012,0 -107.2994,37.9016,0 -107.2993,37.9019,0 -107.2995,37.9022,0 -107.2994,37.9023,0 -107.299,37.9026,0 -107.2986,37.9027,0 -107.2988,37.9033,0 -107.2989,37.9036,0 -107.299,37.9039,0 -107.2992,37.9043,0 -107.2992,37.9047,0 -107.2992,37.9051,0 -107.2992,37.9053,0 -107.2987,37.9056,0 -107.2982,37.9059,0 -107.2978,37.9063,0 -107.2975,37.9066,0 -107.2965,37.907,0 -107.296,37.9072,0 -107.2954,37.9074,0 -107.295,37.9076,0 -107.2942,37.9077,0 -107.2936,37.9079,0 -107.2936,37.9083,0 -107.2935,37.9085,0 -107.2935,37.9088,0 -107.2934,37.9092,0 -107.2933,37.9095,0 -107.2931,37.9098,0 -107.2927,37.9104,0 -107.2925,37.9109,0 -107.2923,37.9118,0 -107.2923,37.9122,0 -107.2922,37.9124,0 -107.2918,37.9126,0 -107.2909,37.9131,0 -107.2905,37.9139,0 -107.2902,37.9146,0 -107.2899,37.915,0 -107.2894,37.9156,0 -107.2891,37.9158,0 -107.2888,37.9159,0 -107.2884,37.916,0 -107.2882,37.9161,0 -107.2875,37.9164,0 -107.287,37.9166,0 -107.2868,37.9168,0 -107.2861,37.9171,0 -107.2857,37.9174,0 -107.2855,37.9178,0 -107.2852,37.9183,0 -107.2848,37.9189,0 -107.2847,37.9194,0 -107.2846,37.9201,0 -107.2845,37.9206,0 -107.2845,37.921,0 -107.2846,37.9217,0 -107.284,37.9221,0 -107.2837,37.9223,0 -107.2833,37.9224,0 -107.283,37.9225,0 -107.2825,37.9228,0 -107.2823,37.9229,0 -107.2808,37.9243,0 -107.2804,37.9248,0 -107.2802,37.9251,0 -107.28,37.9255,0 -107.28,37.9256,0 -107.28,37.9258,0 -107.28,37.9261,0 -107.28,37.9265,0 -107.28,37.9267,0 -107.2799,37.9269,0 -107.2795,37.9273,0 -107.2789,37.9279,0 -107.2786,37.9283,0 -107.2784,37.9288,0 -107.2783,37.9292,0 -107.2782,37.9296,0 -107.2782,37.9299,0 -107.2781,37.9301,0 -107.2778,37.9303,0 -107.2775,37.9303,0 -107.2771,37.9305,0 -107.2763,37.9305,0 -107.2757,37.9306,0 -107.2753,37.9307,0 -107.2749,37.9308,0 -107.2743,37.9311,0 -107.2739,37.9313,0 -107.2733,37.9318,0 -107.2731,37.9319,0 -107.2729,37.932,0 -107.2727,37.9322,0 -107.2725,37.9324,0 -107.2723,37.9326,0 -107.2721,37.9327,0 -107.2719,37.9329,0 -107.2716,37.9332,0 -107.2715,37.9333,0 -107.2713,37.9341,0 -107.2711,37.9344,0 -107.2708,37.9348,0 -107.2707,37.9352,0 -107.2704,37.9356,0 -107.2701,37.9361,0 -107.2698,37.9365,0 -107.2695,37.9369,0 -107.2692,37.9372,0 -107.2689,37.9374,0 -107.2687,37.9375,0 -107.2681,37.9377,0 -107.2679,37.9378,0 -107.2678,37.9379,0 -107.2676,37.9379,0 -107.2674,37.938,0 -107.2673,37.938,0 -107.267,37.938,0 -107.2667,37.938,0 -107.2663,37.938,0 -107.266,37.938,0 -107.2652,37.9377,0 -107.2645,37.9376,0 -107.2638,37.9373,0 -107.2627,37.9367,0 -107.2608,37.9358,0 -107.2601,37.9353,0 -107.2593,37.9347,0 -107.2587,37.9341,0 -107.2579,37.933,0 -107.2572,37.9322,0 -107.2566,37.9316,0 -107.256,37.931,0 -107.255,37.9304,0 -107.2539,37.9296,0 -107.2532,37.9293,0 -107.2526,37.9291,0 -107.2515,37.9289,0 -107.2499,37.9287,0 -107.2489,37.9285,0 -107.2481,37.9284,0 -107.2469,37.9284,0 -107.2463,37.9284,0 -107.246,37.9284,0 -107.2458,37.9285,0 -107.2442,37.9284,0 -107.2428,37.9282,0 -107.2415,37.9282,0 -107.2399,37.928,0 -107.2386,37.9279,0 -107.2377,37.928,0 -107.2364,37.928,0 -107.2352,37.9283,0 -107.2341,37.9286,0 -107.2334,37.9287,0 -107.2323,37.9286,0 -107.2316,37.9285,0 -107.2311,37.9282,0 -107.2306,37.9279,0 -107.2303,37.9278,0 -107.2299,37.9275,0 -107.2296,37.9274,0 -107.2293,37.9271,0 -107.2289,37.9269,0 -107.2285,37.9267,0 -107.2279,37.9265,0 -107.2274,37.9263,0 -107.2267,37.9261,0 -107.2261,37.926,0 -107.2257,37.926,0 -107.2254,37.926,0 -107.2251,37.926,0 -107.2248,37.9261,0 -107.2245,37.9263,0 -107.2234,37.9272,0 -107.2233,37.9275,0 -107.223,37.928,0 -107.2224,37.9282,0 -107.2202,37.9285,0 -107.2197,37.9285,0 -107.2189,37.9285,0 -107.2174,37.9285,0 -107.2164,37.9285,0 -107.2142,37.9285,0 -107.2122,37.9287,0 -107.2116,37.9287,0 -107.2104,37.9287,0 -107.2095,37.9288,0 -107.2083,37.9288,0 -107.2068,37.9289,0 -107.2056,37.9291,0 -107.2041,37.9295,0 -107.2018,37.9298,0 -107.2011,37.9302,0 -107.201,37.9303,0 -107.2008,37.9304,0 -107.2007,37.9305,0 -107.2006,37.9306,0 -107.2005,37.9307,0 -107.2003,37.9308,0 -107.2002,37.9309,0 -107.2001,37.931,0 -107.2,37.9311,0 -107.1999,37.9312,0 -107.1998,37.9314,0 -107.1997,37.9315,0 -107.1996,37.9316,0 -107.1995,37.9317,0 -107.1994,37.9318,0 -107.1993,37.9319,0 -107.1992,37.9321,0 -107.1992,37.9322,0 -107.1991,37.9323,0 -107.1991,37.9325,0 -107.199,37.9326,0 -107.199,37.9327,0 -107.1989,37.9329,0 -107.1989,37.933,0 -107.1988,37.9331,0 -107.1988,37.9333,0 -107.1988,37.9334,0 -107.1988,37.9336,0 -107.1988,37.9337,0 -107.1987,37.9338,0 -107.1987,37.934,0 -107.1987,37.9341,0 -107.1986,37.9342,0 -107.1983,37.9347,0 -107.1981,37.9348,0 -107.1978,37.935,0 -107.1972,37.9352,0 -107.1964,37.9354,0 -107.1955,37.9356,0 -107.1947,37.9358,0 -107.1939,37.936,0 -107.1931,37.9362,0 -107.1923,37.9363,0 -107.1913,37.9364,0 -107.1905,37.9366,0 -107.1887,37.9367,0 -107.1876,37.9367,0 -107.1863,37.9367,0 -107.1849,37.9365,0 -107.1842,37.9364,0 -107.1835,37.9361,0 -107.183,37.9358,0 -107.1825,37.9356,0 -107.182,37.9356,0 -107.1812,37.9356,0 -107.1808,37.9356,0 -107.1805,37.9357,0 -107.1799,37.9358,0 -107.1793,37.9361,0 -107.1773,37.9366,0 -107.1766,37.9367,0 -107.1748,37.9364,0 -107.1729,37.9364,0 -107.1708,37.9366,0 -107.1701,37.937,0 -107.1692,37.9373,0 -107.1688,37.9374,0 -107.1682,37.9376,0 -107.1676,37.9378,0 -107.1673,37.9381,0 -107.1667,37.9386,0 -107.1657,37.939,0 -107.1643,37.9392,0 -107.1626,37.9393,0 -107.1622,37.9393,0 -107.1615,37.9392,0 -107.1611,37.9391,0 -107.1605,37.939,0 -107.1599,37.939,0 -107.1595,37.9391,0 -107.1591,37.9392,0 -107.1588,37.9394,0 -107.1583,37.9397,0 -107.1576,37.9398,0 -107.1569,37.9399,0 -107.1561,37.9401,0 -107.1555,37.9402,0 -107.1547,37.9402,0 -107.1541,37.9401,0 -107.1533,37.94,0 -107.1524,37.9399,0 -107.1513,37.9399,0 -107.1504,37.94,0 -107.1497,37.94,0 -107.149,37.94,0 -107.1484,37.94,0 -107.1479,37.9401,0 -107.1474,37.9401,0 -107.1468,37.94,0 -107.1466,37.9399,0 -107.1458,37.9397,0 -107.1454,37.9396,0 -107.1452,37.9396,0 -107.1442,37.9393,0 -107.1436,37.9392,0 -107.1428,37.9392,0 -107.1417,37.9393,0 -107.1416,37.9392,0 -107.1413,37.9391,0 -107.1407,37.9387,0 -107.1402,37.9385,0 -107.1394,37.9384,0 -107.1387,37.9383,0 -107.1382,37.9383,0 -107.1373,37.9381,0 -107.1363,37.9379,0 -107.1353,37.9375,0 -107.1346,37.9372,0 -107.1339,37.937,0 -107.1336,37.9369,0 -107.133,37.9368,0 -107.1325,37.9369,0 -107.1317,37.9371,0 -107.131,37.9374,0 -107.1305,37.9377,0 -107.1277,37.9392,0 -107.1265,37.9398,0 -107.1254,37.9403,0 -107.1248,37.9407,0 -107.124,37.941,0 -107.1233,37.9411,0 -107.1226,37.9412,0 -107.1219,37.9413,0 -107.1214,37.9415,0 -107.1208,37.9417,0 -107.1204,37.942,0 -107.12,37.9422,0 -107.1197,37.9424,0 -107.119,37.9424,0 -107.1186,37.9426,0 -107.1184,37.9426,0 -107.1183,37.9426,0 -107.1181,37.9426,0 -107.118,37.9424,0 -107.118,37.9423,0 -107.1178,37.942,0 -107.1177,37.9418,0 -107.1175,37.9417,0 -107.1174,37.9416,0 -107.1172,37.9415,0 -107.1171,37.9415,0 -107.1169,37.9415,0 -107.1157,37.9417,0 -107.1138,37.9422,0 -107.1114,37.9428,0 -107.1102,37.9433,0 -107.1092,37.9437,0 -107.1089,37.9439,0 -107.1087,37.9443,0 -107.1085,37.9449,0 -107.1085,37.945,0 -107.1083,37.9452,0 -107.1081,37.9455,0 -107.1077,37.946,0 -107.1075,37.9462,0 -107.1073,37.9464,0 -107.1067,37.9469,0 -107.1063,37.9473,0 -107.106,37.9477,0 -107.1057,37.9481,0 -107.1055,37.9486,0 -107.1052,37.9494,0 -107.105,37.9498,0 -107.1048,37.9502,0 -107.1047,37.9504,0 -107.1045,37.9506,0 -107.1045,37.9511,0 -107.1045,37.952,0 -107.1045,37.9526,0 -107.1045,37.9528,0 -107.1042,37.9532,0 -107.1035,37.9539,0 -107.1031,37.9542,0 -107.103,37.9544,0 -107.103,37.9549,0 -107.103,37.9552,0 -107.103,37.9554,0 -107.1029,37.9554,0 -107.1028,37.9554,0 -107.1026,37.9553,0 -107.1024,37.9551,0 -107.1022,37.9547,0 -107.1019,37.9544,0 -107.1015,37.9539,0 -107.1014,37.9536,0 -107.1013,37.9529,0 -107.1012,37.9527,0 -107.1011,37.9525,0 -107.1008,37.9523,0 -107.1005,37.952,0 -107.1,37.9517,0 -107.0994,37.9515,0 -107.0988,37.9514,0 -107.0984,37.9513,0 -107.0981,37.951,0 -107.0976,37.9508,0 -107.097,37.9505,0 -107.0962,37.9501,0 -107.0958,37.95,0 -107.0954,37.9499,0 -107.0951,37.9498,0 -107.0945,37.9495,0 -107.0931,37.9492,0 -107.0924,37.9492,0 -107.0915,37.9492,0 -107.0912,37.9493,0 -107.0905,37.9496,0 -107.0901,37.9496,0 -107.0895,37.9499,0 -107.0889,37.9502,0 -107.0885,37.9507,0 -107.0882,37.9511,0 -107.0879,37.9517,0 -107.0875,37.9519,0 -107.0871,37.9523,0 -107.0866,37.9527,0 -107.0862,37.953,0 -107.0857,37.9532,0 -107.0853,37.9533,0 -107.0848,37.9534,0 -107.0846,37.9536,0 -107.0843,37.9537,0 -107.084,37.9537,0 -107.0836,37.9537,0 -107.0831,37.9537,0 -107.0823,37.9537,0 -107.0818,37.9537,0 -107.0804,37.9538,0 -107.0801,37.9538,0 -107.0799,37.9537,0 -107.0797,37.9537,0 -107.0795,37.9537,0 -107.0792,37.9538,0 -107.0788,37.9539,0 -107.0782,37.9539,0 -107.078,37.9539,0 -107.0778,37.954,0 -107.0777,37.9541,0 -107.0774,37.9541,0 -107.0768,37.954,0 -107.0762,37.9539,0 -107.0758,37.9538,0 -107.0751,37.9537,0 -107.075,37.9538,0 -107.0748,37.9539,0 -107.0747,37.9539,0 -107.0743,37.954,0 -107.0739,37.9541,0 -107.073,37.9546,0 -107.0726,37.9548,0 -107.0719,37.9555,0 -107.0713,37.956,0 -107.0707,37.9566,0 -107.0703,37.9569,0 -107.0701,37.9572,0 -107.0699,37.9576,0 -107.0698,37.9578,0 -107.0692,37.9584,0 -107.0689,37.959,0 -107.0685,37.9594,0 -107.0682,37.9598,0 -107.068,37.9601,0 -107.0679,37.9603,0 -107.0679,37.9605,0 -107.0679,37.9607,0 -107.0678,37.9609,0 -107.0677,37.9615,0 -107.0676,37.9614,0 -107.0673,37.9611,0 -107.067,37.9608,0 -107.0667,37.9605,0 -107.0662,37.9602,0 -107.0659,37.9601,0 -107.0655,37.9599,0 -107.0648,37.9597,0 -107.0641,37.9595,0 -107.0636,37.9595,0 -107.0627,37.9594,0 -107.0622,37.9595,0 -107.0616,37.9596,0 -107.0612,37.9596,0 -107.0607,37.9596,0 -107.0607,37.9595,0 -107.0606,37.9593,0 -107.0603,37.9586,0 -107.06,37.9581,0 -107.0596,37.9574,0 -107.0595,37.9569,0 -107.0594,37.9562,0 -107.0593,37.956,0 -107.059,37.9553,0 -107.0588,37.955,0 -107.0586,37.9546,0 -107.0583,37.9543,0 -107.0579,37.9539,0 -107.0576,37.9536,0 -107.0569,37.9531,0 -107.0566,37.9528,0 -107.0566,37.9527,0 -107.0561,37.9522,0 -107.0558,37.9518,0 -107.0556,37.9513,0 -107.0552,37.9511,0 -107.055,37.9509,0 -107.0548,37.9509,0 -107.0545,37.9509,0 -107.0542,37.951,0 -107.0538,37.951,0 -107.0534,37.9511,0 -107.053,37.9512,0 -107.0526,37.9513,0 -107.0523,37.9515,0 -107.0515,37.9519,0 -107.0509,37.9522,0 -107.0508,37.9522,0 -107.0506,37.9522,0 -107.0503,37.9522,0 -107.0499,37.9521,0 -107.0496,37.952,0 -107.0494,37.9518,0 -107.0492,37.9516,0 -107.0487,37.9514,0 -107.0483,37.9512,0 -107.0478,37.951,0 -107.0473,37.9507,0 -107.0467,37.9504,0 -107.0458,37.9499,0 -107.0452,37.9495,0 -107.0444,37.949,0 -107.0432,37.9486,0 -107.0422,37.9485,0 -107.0414,37.9485,0 -107.0401,37.9486,0 -107.0384,37.9486,0 -107.037,37.9487,0 -107.0365,37.9488,0 -107.0359,37.949,0 -107.0353,37.9492,0 -107.035,37.9493,0 -107.0347,37.9493,0 -107.0342,37.9493,0 -107.0337,37.9493,0 -107.0332,37.9493,0 -107.0328,37.9494,0 -107.0325,37.9496,0 -107.0322,37.9497,0 -107.0319,37.9502,0 -107.0317,37.9507,0 -107.0313,37.9515,0 -107.0312,37.9519,0 -107.0312,37.9522,0 -107.0312,37.9524,0 -107.0312,37.9525,0 -107.031,37.9525,0 -107.0305,37.9527,0 -107.03,37.9529,0 -107.0292,37.9532,0 -107.0283,37.9535,0 -107.0281,37.9537,0 -107.0279,37.9538,0 -107.0275,37.954,0 -107.0271,37.9543,0 -107.027,37.9545,0 -107.0268,37.9545,0 -107.0267,37.9545,0 -107.0264,37.9544,0 -107.0258,37.9544,0 -107.0255,37.9544,0 -107.0249,37.9544,0 -107.0246,37.9542,0 -107.0243,37.954,0 -107.024,37.9538,0 -107.0233,37.9536,0 -107.0225,37.9532,0 -107.0219,37.953,0 -107.0214,37.9529,0 -107.0212,37.9527,0 -107.021,37.9525,0 -107.0207,37.9522,0 -107.0203,37.952,0 -107.0198,37.9516,0 -107.0196,37.9515,0 -107.0194,37.9513,0 -107.019,37.9508,0 -107.0184,37.9502,0 -107.0177,37.9499,0 -107.0175,37.9494,0 -107.0171,37.9488,0 -107.0168,37.9485,0 -107.0165,37.9484,0 -107.0159,37.9486,0 -107.0156,37.9486,0 -107.0153,37.9485,0 -107.015,37.9484,0 -107.0144,37.9481,0 -107.0143,37.948,0 -107.014,37.9479,0 -107.0136,37.9476,0 -107.0134,37.9475,0 -107.0131,37.9474,0 -107.0126,37.9474,0 -107.0122,37.9473,0 -107.0119,37.9473,0 -107.0117,37.9472,0 -107.0115,37.947,0 -107.0111,37.9468,0 -107.0107,37.9468,0 -107.0104,37.9469,0 -107.0102,37.947,0 -107.01,37.9469,0 -107.0097,37.9467,0 -107.0092,37.9465,0 -107.009,37.9465,0 -107.0088,37.9466,0 -107.0084,37.9468,0 -107.008,37.9469,0 -107.0076,37.9471,0 -107.0074,37.9473,0 -107.00731384118396,37.9474723176321,0 -106.99700352,37.94181288,0</coordinates></LinearRing></outerBoundaryIs></Polygon></MultiGeometry></Placemark>
<Placemark><name>Rio Grande x Slumgl 215° (21501)</name><description>Rio Grande, CO lidar ∩ UAVSAR Slumgl line 21501 | lidar 2015-04-07 ~ UAVSAR 2015-04-28; lidar 2016-04-03 ~ UAVSAR 2016-04-01, 2016-04-08</description><Style><LineStyle><color>ff0080ff</color><width>2</width></LineStyle><PolyStyle><color>7f0080ff</color></PolyStyle></Style><MultiGeometry><Polygon><outerBoundaryIs><LinearRing><coordinates>-107.33964204,37.77224376,0 -107.46681179087882,37.84655094549491,0 -107.4667,37.8467,0 -107.4667,37.8469,0 -107.4667,37.8474,0 -107.4667,37.8477,0 -107.4666,37.848,0 -107.4665,37.8482,0 -107.4663,37.8486,0 -107.4663,37.8489,0 -107.4663,37.8491,0 -107.4663,37.8495,0 -107.4664,37.85,0 -107.4664,37.8502,0 -107.4664,37.8505,0 -107.4663,37.8507,0 -107.4661,37.8511,0 -107.4659,37.8513,0 -107.4658,37.8517,0 -107.4655,37.8524,0 -107.4654,37.8527,0 -107.4651,37.8531,0 -107.4648,37.8536,0 -107.4646,37.8542,0 -107.4644,37.8546,0 -107.4643,37.8549,0 -107.4642,37.8553,0 -107.4641,37.8558,0 -107.464,37.8561,0 -107.4639,37.8567,0 -107.464,37.857,0 -107.4641,37.8572,0 -107.4646,37.8578,0 -107.4648,37.858,0 -107.4649,37.8581,0 -107.4651,37.8583,0 -107.4652,37.8584,0 -107.4653,37.8585,0 -107.4653,37.8586,0 -107.4654,37.8587,0 -107.4653,37.8588,0 -107.4652,37.8587,0 -107.465,37.8586,0 -107.4649,37.8584,0 -107.4647,37.8583,0 -107.4644,37.8581,0 -107.4641,37.8579,0 -107.4639,37.8578,0 -107.4636,37.8576,0 -107.4633,37.8575,0 -107.463,37.8574,0 -107.4627,37.8573,0 -107.4625,37.8573,0 -107.4621,37.8572,0 -107.4616,37.8571,0 -107.4612,37.8569,0 -107.4608,37.8567,0 -107.4604,37.8565,0 -107.4602,37.8565,0 -107.4601,37.8565,0 -107.4598,37.8565,0 -107.4595,37.8566,0 -107.4593,37.8566,0 -107.4589,37.8564,0 -107.4586,37.8561,0 -107.4584,37.856,0 -107.4582,37.8558,0 -107.4581,37.8556,0 -107.4577,37.8551,0 -107.4575,37.8549,0 -107.4571,37.8544,0 -107.457,37.8541,0 -107.4569,37.8537,0 -107.457,37.8533,0 -107.4569,37.8528,0 -107.4566,37.8525,0 -107.4564,37.8523,0 -107.456,37.852,0 -107.4557,37.8519,0 -107.4555,37.8519,0 -107.4554,37.8518,0 -107.4552,37.8517,0 -107.455,37.8516,0 -107.455,37.8512,0 -107.4549,37.8508,0 -107.455,37.8507,0 -107.4547,37.8506,0 -107.4543,37.8505,0 -107.454,37.8503,0 -107.4538,37.8502,0 -107.4536,37.8501,0 -107.4534,37.85,0 -107.4532,37.8498,0 -107.453,37.8498,0 -107.4528,37.8497,0 -107.4527,37.8496,0 -107.4525,37.8496,0 -107.4523,37.8495,0 -107.4522,37.8495,0 -107.4522,37.8494,0 -107.4521,37.8493,0 -107.4521,37.8492,0 -107.4521,37.849,0 -107.4521,37.8488,0 -107.452,37.8486,0 -107.452,37.8484,0 -107.4519,37.8479,0 -107.4518,37.8477,0 -107.4518,37.8475,0 -107.4517,37.8474,0 -107.4516,37.8473,0 -107.4514,37.8471,0 -107.451,37.8472,0 -107.4504,37.8472,0 -107.45,37.8475,0 -107.4497,37.8477,0 -107.4495,37.8477,0 -107.4493,37.8477,0 -107.449,37.8477,0 -107.4486,37.8479,0 -107.4484,37.8481,0 -107.4481,37.8483,0 -107.4479,37.8486,0 -107.4477,37.8488,0 -107.4476,37.8489,0 -107.4474,37.849,0 -107.4473,37.8491,0 -107.4468,37.849,0 -107.4461,37.8488,0 -107.4459,37.8488,0 -107.4455,37.8488,0 -107.4454,37.8487,0 -107.4453,37.8486,0 -107.4453,37.8485,0 -107.4452,37.8483,0 -107.4452,37.8482,0 -107.4453,37.8479,0 -107.4454,37.8477,0 -107.4454,37.8476,0 -107.4454,37.8475,0 -107.4454,37.8474,0 -107.4453,37.8472,0 -107.4451,37.847,0 -107.4451,37.8469,0 -107.4452,37.8467,0 -107.4452,37.8465,0 -107.4452,37.8463,0 -107.4452,37.8462,0 -107.4453,37.846,0 -107.4453,37.8459,0 -107.4454,37.8457,0 -107.4455,37.8456,0 -107.4455,37.8454,0 -107.4455,37.8448,0 -107.4455,37.8446,0 -107.4456,37.8444,0 -107.4457,37.8441,0 -107.4458,37.844,0 -107.4457,37.8439,0 -107.4456,37.8438,0 -107.4454,37.8438,0 -107.4453,37.8439,0 -107.4452,37.844,0 -107.4451,37.844,0 -107.4449,37.8441,0 -107.4446,37.8443,0 -107.4443,37.8444,0 -107.4441,37.8446,0 -107.4438,37.8448,0 -107.4437,37.845,0 -107.4434,37.8453,0 -107.4431,37.8456,0 -107.4428,37.846,0 -107.4426,37.8461,0 -107.4424,37.846,0 -107.4422,37.8458,0 -107.4416,37.8454,0 -107.4414,37.8452,0 -107.4412,37.8449,0 -107.4406,37.8448,0 -107.4399,37.8447,0 -107.4392,37.8447,0 -107.439,37.8449,0 -107.4388,37.845,0 -107.4385,37.8454,0 -107.4383,37.8456,0 -107.4381,37.8458,0 -107.4381,37.8459,0 -107.4379,37.846,0 -107.4377,37.8461,0 -107.4376,37.8461,0 -107.4374,37.846,0 -107.4371,37.846,0 -107.4369,37.846,0 -107.4366,37.846,0 -107.4363,37.846,0 -107.4362,37.846,0 -107.4361,37.8461,0 -107.436,37.8463,0 -107.4359,37.8466,0 -107.4357,37.847,0 -107.4355,37.8472,0 -107.4352,37.8473,0 -107.4347,37.8476,0 -107.4343,37.8478,0 -107.4338,37.8481,0 -107.4336,37.8482,0 -107.4334,37.8484,0 -107.4331,37.8485,0 -107.4329,37.8486,0 -107.4326,37.8488,0 -107.4325,37.8489,0 -107.4324,37.8491,0 -107.4322,37.8494,0 -107.4321,37.8498,0 -107.432,37.8501,0 -107.4319,37.8505,0 -107.4319,37.8507,0 -107.4319,37.8509,0 -107.4319,37.851,0 -107.4319,37.8513,0 -107.432,37.8515,0 -107.432,37.8517,0 -107.4321,37.8519,0 -107.4321,37.8521,0 -107.432,37.8522,0 -107.432,37.8523,0 -107.4319,37.8524,0 -107.4317,37.8526,0 -107.4311,37.8527,0 -107.4305,37.8528,0 -107.4302,37.8529,0 -107.4301,37.853,0 -107.43,37.8531,0 -107.4299,37.8532,0 -107.4299,37.8535,0 -107.4299,37.8538,0 -107.4299,37.8541,0 -107.4298,37.8544,0 -107.4297,37.8546,0 -107.4296,37.8547,0 -107.4293,37.855,0 -107.429,37.8552,0 -107.4285,37.8555,0 -107.4281,37.8557,0 -107.4278,37.856,0 -107.4275,37.8563,0 -107.4272,37.8566,0 -107.4272,37.8567,0 -107.4271,37.8568,0 -107.427,37.8568,0 -107.4269,37.857,0 -107.4269,37.8573,0 -107.4268,37.8575,0 -107.4264,37.8578,0 -107.4258,37.8584,0 -107.4254,37.8589,0 -107.4253,37.859,0 -107.4251,37.8592,0 -107.4247,37.8592,0 -107.4246,37.8592,0 -107.4244,37.8593,0 -107.4242,37.8592,0 -107.4241,37.8592,0 -107.4239,37.8591,0 -107.4235,37.859,0 -107.4233,37.8589,0 -107.423,37.8587,0 -107.4228,37.8587,0 -107.4225,37.8587,0 -107.4222,37.8587,0 -107.422,37.8586,0 -107.4216,37.8586,0 -107.4212,37.8585,0 -107.4188,37.8585,0 -107.4186,37.8585,0 -107.4184,37.8584,0 -107.4183,37.8584,0 -107.4182,37.8585,0 -107.418,37.8585,0 -107.4178,37.8584,0 -107.4177,37.8584,0 -107.4175,37.8584,0 -107.4174,37.8583,0 -107.4173,37.8582,0 -107.4173,37.858,0 -107.4172,37.858,0 -107.4171,37.8579,0 -107.417,37.8579,0 -107.4168,37.8578,0 -107.4167,37.8578,0 -107.4166,37.8577,0 -107.4165,37.8576,0 -107.4164,37.8575,0 -107.4163,37.8574,0 -107.4161,37.8572,0 -107.4159,37.857,0 -107.4155,37.8568,0 -107.4151,37.8567,0 -107.4146,37.8565,0 -107.4143,37.8565,0 -107.414,37.8564,0 -107.4135,37.8564,0 -107.413,37.8563,0 -107.4123,37.8563,0 -107.4116,37.8562,0 -107.4109,37.8563,0 -107.4102,37.8563,0 -107.4097,37.8563,0 -107.4092,37.8563,0 -107.4087,37.8564,0 -107.4084,37.8564,0 -107.4079,37.8566,0 -107.4075,37.8567,0 -107.4072,37.8568,0 -107.4066,37.8568,0 -107.4062,37.8568,0 -107.4056,37.8568,0 -107.4051,37.8568,0 -107.4046,37.8569,0 -107.4039,37.8571,0 -107.4036,37.8572,0 -107.4034,37.8573,0 -107.4032,37.8573,0 -107.4031,37.8574,0 -107.4028,37.8574,0 -107.4025,37.8574,0 -107.4021,37.8574,0 -107.402,37.8574,0 -107.4014,37.8575,0 -107.4009,37.8575,0 -107.4002,37.8575,0 -107.3998,37.8574,0 -107.3992,37.8572,0 -107.3988,37.8571,0 -107.3984,37.8569,0 -107.398,37.8568,0 -107.3977,37.8566,0 -107.3974,37.8566,0 -107.3971,37.8564,0 -107.3966,37.8564,0 -107.3964,37.8564,0 -107.3961,37.8563,0 -107.3956,37.8561,0 -107.3955,37.856,0 -107.395,37.8559,0 -107.3944,37.8558,0 -107.3937,37.8557,0 -107.3932,37.8556,0 -107.3928,37.8556,0 -107.3922,37.8556,0 -107.3917,37.8556,0 -107.3912,37.8556,0 -107.3907,37.8555,0 -107.3902,37.8555,0 -107.3899,37.8555,0 -107.3895,37.8553,0 -107.3892,37.8553,0 -107.3889,37.8552,0 -107.3886,37.8554,0 -107.3884,37.8556,0 -107.3882,37.8559,0 -107.3881,37.8561,0 -107.3879,37.8562,0 -107.3877,37.8563,0 -107.3874,37.8563,0 -107.3873,37.8562,0 -107.3871,37.8563,0 -107.3866,37.8564,0 -107.386,37.8566,0 -107.3858,37.8568,0 -107.3849,37.8575,0 -107.3847,37.8579,0 -107.3843,37.8583,0 -107.3836,37.8589,0 -107.3832,37.8592,0 -107.3831,37.8595,0 -107.3829,37.8597,0 -107.3825,37.8599,0 -107.3823,37.8601,0 -107.3822,37.8603,0 -107.382,37.8603,0 -107.3815,37.8605,0 -107.3813,37.8605,0 -107.3812,37.8606,0 -107.3811,37.8606,0 -107.3808,37.8607,0 -107.3807,37.8607,0 -107.3806,37.8606,0 -107.3805,37.8606,0 -107.3804,37.8605,0 -107.3803,37.8604,0 -107.3802,37.8602,0 -107.3801,37.86,0 -107.3799,37.8596,0 -107.3798,37.8594,0 -107.3795,37.8593,0 -107.3793,37.8591,0 -107.3792,37.859,0 -107.3791,37.8588,0 -107.3789,37.8587,0 -107.3787,37.8585,0 -107.3785,37.8583,0 -107.3783,37.8583,0 -107.3781,37.8582,0 -107.3779,37.8582,0 -107.3776,37.8581,0 -107.3774,37.8579,0 -107.3771,37.8576,0 -107.3768,37.8573,0 -107.3766,37.857,0 -107.3763,37.8567,0 -107.3762,37.8566,0 -107.376,37.8564,0 -107.3757,37.8561,0 -107.3755,37.856,0 -107.3754,37.8559,0 -107.3751,37.8558,0 -107.3747,37.8558,0 -107.3745,37.8558,0 -107.3743,37.8558,0 -107.3741,37.8559,0 -107.3738,37.856,0 -107.3734,37.8562,0 -107.3731,37.8563,0 -107.3725,37.8564,0 -107.372,37.8564,0 -107.3712,37.8562,0 -107.3707,37.8561,0 -107.3702,37.8561,0 -107.3694,37.856,0 -107.3688,37.856,0 -107.3687,37.8561,0 -107.3683,37.8563,0 -107.3679,37.8566,0 -107.3677,37.8568,0 -107.3674,37.857,0 -107.367,37.857,0 -107.3667,37.8569,0 -107.3663,37.8568,0 -107.3659,37.8568,0 -107.3654,37.8569,0 -107.365,37.8572,0 -107.3647,37.8572,0 -107.3643,37.8573,0 -107.3639,37.8573,0 -107.3635,37.8575,0 -107.3633,37.8576,0 -107.3629,37.8579,0 -107.3626,37.8581,0 -107.3624,37.8584,0 -107.362,37.8587,0 -107.3618,37.8588,0 -107.3612,37.8591,0 -107.361,37.8592,0 -107.3609,37.8593,0 -107.3606,37.8593,0 -107.3605,37.8592,0 -107.3602,37.8592,0 -107.3595,37.859,0 -107.3588,37.8589,0 -107.358,37.8589,0 -107.3576,37.8589,0 -107.3572,37.8587,0 -107.357,37.8586,0 -107.3567,37.8585,0 -107.3564,37.8584,0 -107.3559,37.8584,0 -107.3556,37.8584,0 -107.3555,37.8583,0 -107.3553,37.858,0 -107.3549,37.8578,0 -107.3546,37.8577,0 -107.3544,37.8576,0 -107.3542,37.8574,0 -107.3539,37.8572,0 -107.3536,37.8571,0 -107.353,37.8569,0 -107.3526,37.857,0 -107.3521,37.857,0 -107.3518,37.8572,0 -107.3514,37.8572,0 -107.351,37.8571,0 -107.3504,37.8568,0 -107.3498,37.8566,0 -107.3494,37.8565,0 -107.3486,37.8569,0 -107.3481,37.8571,0 -107.3479,37.8572,0 -107.3477,37.8573,0 -107.3475,37.8575,0 -107.3475,37.8577,0 -107.3474,37.8577,0 -107.3473,37.8579,0 -107.3473,37.8581,0 -107.3474,37.8582,0 -107.3474,37.8587,0 -107.3473,37.859,0 -107.3469,37.8597,0 -107.3468,37.8603,0 -107.3465,37.861,0 -107.3465,37.8613,0 -107.3464,37.8617,0 -107.3464,37.8619,0 -107.3465,37.8624,0 -107.3465,37.8628,0 -107.3465,37.863,0 -107.3462,37.8632,0 -107.3459,37.8635,0 -107.3456,37.864,0 -107.3455,37.8646,0 -107.3453,37.8652,0 -107.3452,37.8654,0 -107.3449,37.8655,0 -107.3444,37.8657,0 -107.3443,37.866,0 -107.3441,37.8663,0 -107.3436,37.8666,0 -107.3432,37.8668,0 -107.3429,37.867,0 -107.3428,37.8672,0 -107.3428,37.8673,0 -107.3425,37.8676,0 -107.3424,37.8678,0 -107.3421,37.868,0 -107.342,37.868,0 -107.3417,37.8683,0 -107.3411,37.8688,0 -107.3409,37.869,0 -107.3407,37.8692,0 -107.3406,37.8694,0 -107.3405,37.8695,0 -107.3407,37.8698,0 -107.3409,37.87,0 -107.3409,37.8701,0 -107.3409,37.8703,0 -107.3409,37.8706,0 -107.3408,37.8707,0 -107.3406,37.8709,0 -107.3403,37.8711,0 -107.3402,37.8713,0 -107.3401,37.8715,0 -107.3397,37.8716,0 -107.3392,37.8716,0 -107.3385,37.8718,0 -107.3381,37.872,0 -107.3379,37.8722,0 -107.3378,37.8724,0 -107.3377,37.8728,0 -107.3377,37.8729,0 -107.3377,37.873,0 -107.3376,37.8732,0 -107.3373,37.8734,0 -107.337,37.8736,0 -107.3369,37.8738,0 -107.3369,37.874,0 -107.3368,37.8743,0 -107.3368,37.8744,0 -107.3367,37.8747,0 -107.3364,37.8749,0 -107.3362,37.875,0 -107.336,37.8751,0 -107.336,37.8752,0 -107.3359,37.8756,0 -107.3357,37.8759,0 -107.3354,37.8761,0 -107.3351,37.8763,0 -107.3347,37.8763,0 -107.3345,37.8764,0 -107.334,37.8766,0 -107.3337,37.8767,0 -107.3333,37.8769,0 -107.3329,37.8771,0 -107.3326,37.8773,0 -107.332,37.8776,0 -107.3316,37.8778,0 -107.3314,37.878,0 -107.3309,37.8783,0 -107.3306,37.8786,0 -107.3302,37.8789,0 -107.3297,37.879,0 -107.3294,37.8792,0 -107.3291,37.8793,0 -107.3287,37.8793,0 -107.3283,37.8795,0 -107.3279,37.8796,0 -107.3276,37.8798,0 -107.3273,37.88,0 -107.3271,37.8802,0 -107.3268,37.8805,0 -107.3266,37.8809,0 -107.3265,37.8811,0 -107.3265,37.8814,0 -107.3266,37.8819,0 -107.3265,37.8822,0 -107.3264,37.8823,0 -107.3262,37.8825,0 -107.3258,37.8825,0 -107.3256,37.8826,0 -107.3252,37.8828,0 -107.3249,37.883,0 -107.3246,37.8833,0 -107.3241,37.8837,0 -107.3237,37.8842,0 -107.3232,37.8847,0 -107.3227,37.8851,0 -107.3223,37.8854,0 -107.3218,37.8856,0 -107.3213,37.8857,0 -107.3207,37.886,0 -107.3205,37.8861,0 -107.3202,37.8863,0 -107.32,37.8866,0 -107.3198,37.8869,0 -107.3196,37.8872,0 -107.3195,37.8875,0 -107.3194,37.8877,0 -107.3192,37.888,0 -107.319,37.8883,0 -107.3188,37.8887,0 -107.3187,37.8889,0 -107.3182,37.89,0 -107.3181,37.8902,0 -107.3179,37.8903,0 -107.3175,37.8905,0 -107.3172,37.8906,0 -107.3169,37.8909,0 -107.3167,37.8911,0 -107.3165,37.8913,0 -107.3161,37.8918,0 -107.3158,37.892,0 -107.3156,37.8921,0 -107.3155,37.8921,0 -107.3153,37.892,0 -107.3152,37.8919,0 -107.315,37.8919,0 -107.3148,37.8918,0 -107.3144,37.8918,0 -107.314,37.8918,0 -107.3137,37.8918,0 -107.3133,37.8918,0 -107.3126,37.8919,0 -107.3125,37.8919,0 -107.3124,37.8918,0 -107.3123,37.8918,0 -107.3121,37.8916,0 -107.3117,37.8914,0 -107.3113,37.8912,0 -107.3109,37.8911,0 -107.3107,37.8911,0 -107.3101,37.8912,0 -107.3095,37.8913,0 -107.3089,37.8915,0 -107.3086,37.8916,0 -107.3082,37.8922,0 -107.3079,37.8926,0 -107.3074,37.8934,0 -107.3073,37.8936,0 -107.3071,37.894,0 -107.3069,37.8942,0 -107.3067,37.8943,0 -107.3065,37.8944,0 -107.3063,37.8945,0 -107.3063,37.8946,0 -107.3063,37.895,0 -107.3064,37.8952,0 -107.3064,37.8953,0 -107.3062,37.8954,0 -107.3061,37.8956,0 -107.3058,37.8956,0 -107.3051,37.8957,0 -107.3043,37.896,0 -107.3038,37.8962,0 -107.3034,37.8966,0 -107.3029,37.8971,0 -107.3029,37.8976,0 -107.3029,37.898,0 -107.3028,37.8981,0 -107.3024,37.8982,0 -107.3021,37.8983,0 -107.3011,37.8985,0 -107.3006,37.8987,0 -107.3004,37.8989,0 -107.3003,37.8992,0 -107.3002,37.8994,0 -107.3002,37.8998,0 -107.3001,37.9,0 -107.2999,37.9004,0 -107.2997,37.9008,0 -107.2995,37.9012,0 -107.2994,37.9016,0 -107.2993,37.9019,0 -107.2995,37.9022,0 -107.2994,37.9023,0 -107.299,37.9026,0 -107.2986,37.9027,0 -107.2988,37.9033,0 -107.2989,37.9036,0 -107.299,37.9039,0 -107.2992,37.9043,0 -107.2992,37.9047,0 -107.2992,37.9051,0 -107.2992,37.9053,0 -107.2987,37.9056,0 -107.2982,37.9059,0 -107.2978,37.9063,0 -107.2975,37.9066,0 -107.2965,37.907,0 -107.296,37.9072,0 -107.2954,37.9074,0 -107.295,37.9076,0 -107.2942,37.9077,0 -107.2936,37.9079,0 -107.2936,37.9083,0 -107.2935,37.9085,0 -107.2935,37.9088,0 -107.2934,37.9092,0 -107.2933,37.9095,0 -107.2931,37.9098,0 -107.2927,37.9104,0 -107.2925,37.9109,0 -107.2923,37.9118,0 -107.2923,37.9122,0 -107.2922,37.9124,0 -107.2918,37.9126,0 -107.2909,37.9131,0 -107.2905,37.9139,0 -107.2902,37.9146,0 -107.2899,37.915,0 -107.2894,37.9156,0 -107.2891,37.9158,0 -107.2888,37.9159,0 -107.2884,37.916,0 -107.2882,37.9161,0 -107.2875,37.9164,0 -107.287,37.9166,0 -107.2868,37.9168,0 -107.2861,37.9171,0 -107.2857,37.9174,0 -107.2855,37.9178,0 -107.2852,37.9183,0 -107.2848,37.9189,0 -107.2847,37.9194,0 -107.2846,37.9201,0 -107.2845,37.9206,0 -107.2845,37.921,0 -107.2846,37.9217,0 -107.284,37.9221,0 -107.2837,37.9223,0 -107.2833,37.9224,0 -107.283,37.9225,0 -107.2825,37.9228,0 -107.2823,37.9229,0 -107.2808,37.9243,0 -107.2804,37.9248,0 -107.2802,37.9251,0 -107.28,37.9255,0 -107.28,37.9256,0 -107.28,37.9258,0 -107.28,37.9261,0 -107.28,37.9265,0 -107.28,37.9267,0 -107.2799,37.9269,0 -107.2795,37.9273,0 -107.2789,37.9279,0 -107.2786,37.9283,0 -107.2784,37.9288,0 -107.2783,37.9292,0 -107.2782,37.9296,0 -107.2782,37.9299,0 -107.2781,37.9301,0 -107.2778,37.9303,0 -107.2775,37.9303,0 -107.2771,37.9305,0 -107.2763,37.9305,0 -107.2757,37.9306,0 -107.2753,37.9307,0 -107.2749,37.9308,0 -107.2743,37.9311,0 -107.2739,37.9313,0 -107.2733,37.9318,0 -107.2731,37.9319,0 -107.2729,37.932,0 -107.2727,37.9322,0 -107.2725,37.9324,0 -107.2723,37.9326,0 -107.2721,37.9327,0 -107.2719,37.9329,0 -107.2716,37.9332,0 -107.2715,37.9333,0 -107.2713,37.9341,0 -107.2711,37.9344,0 -107.2708,37.9348,0 -107.2707,37.9352,0 -107.2704,37.9356,0 -107.2701,37.9361,0 -107.2698,37.9365,0 -107.2695,37.9369,0 -107.2692,37.9372,0 -107.2689,37.9374,0 -107.2687,37.9375,0 -107.2681,37.9377,0 -107.2679,37.9378,0 -107.2678,37.9379,0 -107.2676,37.9379,0 -107.2674,37.938,0 -107.2673,37.938,0 -107.267,37.938,0 -107.2667,37.938,0 -107.2663,37.938,0 -107.266,37.938,0 -107.2652,37.9377,0 -107.2645,37.9376,0 -107.2638,37.9373,0 -107.2627,37.9367,0 -107.2608,37.9358,0 -107.2601,37.9353,0 -107.2593,37.9347,0 -107.2587,37.9341,0 -107.2579,37.933,0 -107.2572,37.9322,0 -107.2566,37.9316,0 -107.256,37.931,0 -107.255,37.9304,0 -107.2539,37.9296,0 -107.2532,37.9293,0 -107.2526,37.9291,0 -107.2515,37.9289,0 -107.2499,37.9287,0 -107.2489,37.9285,0 -107.2481,37.9284,0 -107.2469,37.9284,0 -107.2463,37.9284,0 -107.246,37.9284,0 -107.2458,37.9285,0 -107.2442,37.9284,0 -107.2428,37.9282,0 -107.2415,37.9282,0 -107.2399,37.928,0 -107.2386,37.9279,0 -107.2377,37.928,0 -107.2364,37.928,0 -107.2352,37.9283,0 -107.2341,37.9286,0 -107.2334,37.9287,0 -107.2323,37.9286,0 -107.2316,37.9285,0 -107.2311,37.9282,0 -107.2306,37.9279,0 -107.2303,37.9278,0 -107.2299,37.9275,0 -107.2296,37.9274,0 -107.2293,37.9271,0 -107.2289,37.9269,0 -107.2285,37.9267,0 -107.2279,37.9265,0 -107.2274,37.9263,0 -107.2267,37.9261,0 -107.2261,37.926,0 -107.2257,37.926,0 -107.2254,37.926,0 -107.2251,37.926,0 -107.2248,37.9261,0 -107.2245,37.9263,0 -107.2234,37.9272,0 -107.2233,37.9275,0 -107.223,37.928,0 -107.2224,37.9282,0 -107.2202,37.9285,0 -107.2197,37.9285,0 -107.2189,37.9285,0 -107.2174,37.9285,0 -107.2164,37.9285,0 -107.2142,37.9285,0 -107.2122,37.9287,0 -107.2116,37.9287,0 -107.2104,37.9287,0 -107.2095,37.9288,0 -107.2083,37.9288,0 -107.2068,37.9289,0 -107.2056,37.9291,0 -107.2041,37.9295,0 -107.2018,37.9298,0 -107.2011,37.9302,0 -107.201,37.9303,0 -107.2008,37.9304,0 -107.2007,37.9305,0 -107.2006,37.9306,0 -107.2005,37.9307,0 -107.2003,37.9308,0 -107.2002,37.9309,0 -107.2001,37.931,0 -107.2,37.9311,0 -107.1999,37.9312,0 -107.1998,37.9314,0 -107.1997,37.9315,0 -107.1996,37.9316,0 -107.1995,37.9317,0 -107.1994,37.9318,0 -107.1993,37.9319,0 -107.1992,37.9321,0 -107.1992,37.9322,0 -107.1991,37.9323,0 -107.1991,37.9325,0 -107.199,37.9326,0 -107.199,37.9327,0 -107.1989,37.9329,0 -107.1989,37.933,0 -107.1988,37.9331,0 -107.1988,37.9333,0 -107.1988,37.9334,0 -107.1988,37.9336,0 -107.1988,37.9337,0 -107.1987,37.9338,0 -107.1987,37.934,0 -107.1987,37.9341,0 -107.1986,37.9342,0 -107.1983,37.9347,0 -107.1981,37.9348,0 -107.1978,37.935,0 -107.1972,37.9352,0 -107.1964,37.9354,0 -107.1955,37.9356,0 -107.19477497540315,37.93578125614921,0 -107.33964204,37.77224376,0</coordinates></LinearRing></outerBoundaryIs></Polygon></MultiGeometry></Placemark>
<Placemark><name>Rio Grande x Slumgl 305° (30502)</name><description>Rio Grande, CO lidar ∩ UAVSAR Slumgl line 30502 | lidar 2015-04-07 ~ UAVSAR 2015-04-28; lidar 2016-04-03 ~ UAVSAR 2016-03-28, 2016-04-01, 2016-04-08</description><Style><LineStyle><color>ff0080ff</color><width>2</width></LineStyle><PolyStyle><color>7f0080ff</color></PolyStyle></Style><MultiGeometry><Polygon><outerBoundaryIs><LinearRing><coordinates>-107.13812592,37.85363916,0 -107.27787884255751,37.93024743829499,0 -107.2778,37.9303,0 -107.2775,37.9303,0 -107.2771,37.9305,0 -107.2763,37.9305,0 -107.2757,37.9306,0 -107.2753,37.9307,0 -107.2749,37.9308,0 -107.2743,37.9311,0 -107.2739,37.9313,0 -107.2733,37.9318,0 -107.2731,37.9319,0 -107.2729,37.932,0 -107.2727,37.9322,0 -107.2725,37.9324,0 -107.2723,37.9326,0 -107.2721,37.9327,0 -107.2719,37.9329,0 -107.2716,37.9332,0 -107.2715,37.9333,0 -107.2713,37.9341,0 -107.2711,37.9344,0 -107.2708,37.9348,0 -107.2707,37.9352,0 -107.2704,37.9356,0 -107.2701,37.9361,0 -107.2698,37.9365,0 -107.2695,37.9369,0 -107.2692,37.9372,0 -107.2689,37.9374,0 -107.2687,37.9375,0 -107.2681,37.9377,0 -107.2679,37.9378,0 -107.2678,37.9379,0 -107.2676,37.9379,0 -107.2674,37.938,0 -107.2673,37.938,0 -107.267,37.938,0 -107.2667,37.938,0 -107.2663,37.938,0 -107.266,37.938,0 -107.2652,37.9377,0 -107.2645,37.9376,0 -107.2638,37.9373,0 -107.2627,37.9367,0 -107.2608,37.9358,0 -107.2601,37.9353,0 -107.2593,37.9347,0 -107.2587,37.9341,0 -107.2579,37.933,0 -107.2572,37.9322,0 -107.2566,37.9316,0 -107.256,37.931,0 -107.255,37.9304,0 -107.2539,37.9296,0 -107.2532,37.9293,0 -107.2526,37.9291,0 -107.2515,37.9289,0 -107.2499,37.9287,0 -107.2489,37.9285,0 -107.2481,37.9284,0 -107.2469,37.9284,0 -107.2463,37.9284,0 -107.246,37.9284,0 -107.2458,37.9285,0 -107.2442,37.9284,0 -107.2428,37.9282,0 -107.2415,37.9282,0 -107.2399,37.928,0 -107.2386,37.9279,0 -107.2377,37.928,0 -107.2364,37.928,0 -107.2352,37.9283,0 -107.2341,37.9286,0 -107.2334,37.9287,0 -107.2323,37.9286,0 -107.2316,37.9285,0 -107.2311,37.9282,0 -107.2306,37.9279,0 -107.2303,37.9278,0 -107.2299,37.9275,0 -107.2296,37.9274,0 -107.2293,37.9271,0 -107.2289,37.9269,0 -107.2285,37.9267,0 -107.2279,37.9265,0 -107.2274,37.9263,0 -107.2267,37.9261,0 -107.2261,37.926,0 -107.2257,37.926,0 -107.2254,37.926,0 -107.2251,37.926,0 -107.2248,37.9261,0 -107.2245,37.9263,0 -107.2234,37.9272,0 -107.2233,37.9275,0 -107.223,37.928,0 -107.2224,37.9282,0 -107.2202,37.9285,0 -107.2197,37.9285,0 -107.2189,37.9285,0 -107.2174,37.9285,0 -107.2164,37.9285,0 -107.2142,37.9285,0 -107.2122,37.9287,0 -107.2116,37.9287,0 -107.2104,37.9287,0 -107.2095,37.9288,0 -107.2083,37.9288,0 -107.2068,37.9289,0 -107.2056,37.9291,0 -107.2041,37.9295,0 -107.2018,37.9298,0 -107.2011,37.9302,0 -107.201,37.9303,0 -107.2008,37.9304,0 -107.2007,37.9305,0 -107.2006,37.9306,0 -107.2005,37.9307,0 -107.2003,37.9308,0 -107.2002,37.9309,0 -107.2001,37.931,0 -107.2,37.9311,0 -107.1999,37.9312,0 -107.1998,37.9314,0 -107.1997,37.9315,0 -107.1996,37.9316,0 -107.1995,37.9317,0 -107.1994,37.9318,0 -107.1993,37.9319,0 -107.1992,37.9321,0 -107.1992,37.9322,0 -107.1991,37.9323,0 -107.1991,37.9325,0 -107.199,37.9326,0 -107.199,37.9327,0 -107.1989,37.9329,0 -107.1989,37.933,0 -107.1988,37.9331,0 -107.1988,37.9333,0 -107.1988,37.9334,0 -107.1988,37.9336,0 -107.1988,37.9337,0 -107.1987,37.9338,0 -107.1987,37.934,0 -107.1987,37.9341,0 -107.1986,37.9342,0 -107.1983,37.9347,0 -107.1981,37.9348,0 -107.1978,37.935,0 -107.1972,37.9352,0 -107.1964,37.9354,0 -107.1955,37.9356,0 -107.1947,37.9358,0 -107.1939,37.936,0 -107.1931,37.9362,0 -107.1923,37.9363,0 -107.1913,37.9364,0 -107.1905,37.9366,0 -107.1887,37.9367,0 -107.1876,37.9367,0 -107.1863,37.9367,0 -107.1849,37.9365,0 -107.1842,37.9364,0 -107.1835,37.9361,0 -107.183,37.9358,0 -107.1825,37.9356,0 -107.182,37.9356,0 -107.1812,37.9356,0 -107.1808,37.9356,0 -107.1805,37.9357,0 -107.1799,37.9358,0 -107.1793,37.9361,0 -107.1773,37.9366,0 -107.1766,37.9367,0 -107.1748,37.9364,0 -107.1729,37.9364,0 -107.1708,37.9366,0 -107.1701,37.937,0 -107.1692,37.9373,0 -107.1688,37.9374,0 -107.1682,37.9376,0 -107.1676,37.9378,0 -107.1673,37.9381,0 -107.1667,37.9386,0 -107.1657,37.939,0 -107.1643,37.9392,0 -107.1626,37.9393,0 -107.1622,37.9393,0 -107.1615,37.9392,0 -107.1611,37.9391,0 -107.1605,37.939,0 -107.1599,37.939,0 -107.1595,37.9391,0 -107.1591,37.9392,0 -107.1588,37.9394,0 -107.1583,37.9397,0 -107.1576,37.9398,0 -107.1569,37.9399,0 -107.1561,37.9401,0 -107.1555,37.9402,0 -107.1547,37.9402,0 -107.1541,37.9401,0 -107.1533,37.94,0 -107.1524,37.9399,0 -107.1513,37.9399,0 -107.1504,37.94,0 -107.1497,37.94,0 -107.149,37.94,0 -107.1484,37.94,0 -107.1479,37.9401,0 -107.1474,37.9401,0 -107.1468,37.94,0 -107.1466,37.9399,0 -107.1458,37.9397,0 -107.1454,37.9396,0 -107.1452,37.9396,0 -107.1442,37.9393,0 -107.1436,37.9392,0 -107.1428,37.9392,0 -107.1417,37.9393,0 -107.1416,37.9392,0 -107.1413,37.9391,0 -107.1407,37.9387,0 -107.1402,37.9385,0 -107.1394,37.9384,0 -107.1387,37.9383,0 -107.1382,37.9383,0 -107.1373,37.9381,0 -107.1363,37.9379,0 -107.1353,37.9375,0 -107.1346,37.9372,0 -107.1339,37.937,0 -107.1336,37.9369,0 -107.133,37.9368,0 -107.1325,37.9369,0 -107.1317,37.9371,0 -107.131,37.9374,0 -107.1305,37.9377,0 -107.1277,37.9392,0 -107.1265,37.9398,0 -107.1254,37.9403,0 -107.1248,37.9407,0 -107.124,37.941,0 -107.1233,37.9411,0 -107.1226,37.9412,0 -107.1219,37.9413,0 -107.1214,37.9415,0 -107.1208,37.9417,0 -107.1204,37.942,0 -107.12,37.9422,0 -107.1197,37.9424,0 -107.119,37.9424,0 -107.1186,37.9426,0 -107.1184,37.9426,0 -107.1183,37.9426,0 -107.1181,37.9426,0 -107.118,37.9424,0 -107.118,37.9423,0 -107.1178,37.942,0 -107.1177,37.9418,0 -107.1175,37.9417,0 -107.1174,37.9416,0 -107.1172,37.9415,0 -107.1171,37.9415,0 -107.1169,37.9415,0 -107.1157,37.9417,0 -107.1138,37.9422,0 -107.1114,37.9428,0 -107.1102,37.9433,0 -107.1092,37.9437,0 -107.1089,37.9439,0 -107.1087,37.9443,0 -107.1085,37.9449,0 -107.1085,37.945,0 -107.1083,37.9452,0 -107.1081,37.9455,0 -107.1077,37.946,0 -107.1075,37.9462,0 -107.1073,37.9464,0 -107.1067,37.9469,0 -107.1063,37.9473,0 -107.106,37.9477,0 -107.1057,37.9481,0 -107.1055,37.9486,0 -107.1052,37.9494,0 -107.105,37.9498,0 -107.1048,37.9502,0 -107.1047,37.9504,0 -107.1045,37.9506,0 -107.1045,37.9511,0 -107.1045,37.952,0 -107.1045,37.9526,0 -107.1045,37.9528,0 -107.1042,37.9532,0 -107.1035,37.9539,0 -107.1031,37.9542,0 -107.103,37.9544,0 -107.103,37.9549,0 -107.103,37.9552,0 -107.103,37.9554,0 -107.1029,37.9554,0 -107.1028,37.9554,0 -107.1026,37.9553,0 -107.1024,37.9551,0 -107.1022,37.9547,0 -107.1019,37.9544,0 -107.1015,37.9539,0 -107.1014,37.9536,0 -107.1013,37.9529,0 -107.1012,37.9527,0 -107.1011,37.9525,0 -107.1008,37.9523,0 -107.1005,37.952,0 -107.1,37.9517,0 -107.0994,37.9515,0 -107.0988,37.9514,0 -107.0984,37.9513,0 -107.0981,37.951,0 -107.0976,37.9508,0 -107.097,37.9505,0 -107.0962,37.9501,0 -107.0958,37.95,0 -107.0954,37.9499,0 -107.0951,37.9498,0 -107.0945,37.9495,0 -107.0931,37.9492,0 -107.0924,37.9492,0 -107.0915,37.9492,0 -107.0912,37.9493,0 -107.0905,37.9496,0 -107.0901,37.9496,0 -107.0895,37.9499,0 -107.0889,37.9502,0 -107.0885,37.9507,0 -107.0882,37.9511,0 -107.0879,37.9517,0 -107.0875,37.9519,0 -107.0871,37.9523,0 -107.0866,37.9527,0 -107.0862,37.953,0 -107.0857,37.9532,0 -107.0853,37.9533,0 -107.0848,37.9534,0 -107.0846,37.9536,0 -107.0843,37.9537,0 -107.084,37.9537,0 -107.0836,37.9537,0 -107.0831,37.9537,0 -107.0823,37.9537,0 -107.0818,37.9537,0 -107.0804,37.9538,0 -107.0801,37.9538,0 -107.0799,37.9537,0 -107.0797,37.9537,0 -107.0795,37.9537,0 -107.0792,37.9538,0 -107.0788,37.9539,0 -107.0782,37.9539,0 -107.078,37.9539,0 -107.0778,37.954,0 -107.0777,37.9541,0 -107.0774,37.9541,0 -107.0768,37.954,0 -107.0762,37.9539,0 -107.0758,37.9538,0 -107.0751,37.9537,0 -107.075,37.9538,0 -107.0748,37.9539,0 -107.0747,37.9539,0 -107.0743,37.954,0 -107.0739,37.9541,0 -107.073,37.9546,0 -107.0726,37.9548,0 -107.0719,37.9555,0 -107.0713,37.956,0 -107.0707,37.9566,0 -107.0703,37.9569,0 -107.0701,37.9572,0 -107.0699,37.9576,0 -107.0698,37.9578,0 -107.0692,37.9584,0 -107.0689,37.959,0 -107.0685,37.9594,0 -107.0682,37.9598,0 -107.068,37.9601,0 -107.0679,37.9603,0 -107.0679,37.9605,0 -107.0679,37.9607,0 -107.0678,37.9609,0 -107.0677,37.9615,0 -107.0676,37.9614,0 -107.0673,37.9611,0 -107.067,37.9608,0 -107.0667,37.9605,0 -107.0662,37.9602,0 -107.0659,37.9601,0 -107.0655,37.9599,0 -107.0648,37.9597,0 -107.0641,37.9595,0 -107.0636,37.9595,0 -107.0627,37.9594,0 -107.0622,37.9595,0 -107.0616,37.9596,0 -107.0612,37.9596,0 -107.0607,37.9596,0 -107.0607,37.9595,0 -107.0606,37.9593,0 -107.0603,37.9586,0 -107.06,37.9581,0 -107.0596,37.9574,0 -107.0595,37.9569,0 -107.0594,37.9562,0 -107.0593,37.956,0 -107.059,37.9553,0 -107.0588,37.955,0 -107.0586,37.9546,0 -107.0583,37.9543,0 -107.05802866823437,37.95402866823436,0 -107.13812592,37.85363916,0</coordinates></LinearRing></outerBoundaryIs></Polygon></MultiGeometry></Placemark>
<Placemark><name>Senator Beck Basin x tellur 170° (1701T)</name><description>Senator Beck Basin, CO lidar ∩ UAVSAR tellur line 1701T | lidar 2017-02-16 ~ UAVSAR 2017-02-06, 2017-02-22, 2017-02-25, 2017-03-08, 2017-03-31</description><Style><LineStyle><color>ff0080ff</color><width>2</width></LineStyle><PolyStyle><color>7f0080ff</color></PolyStyle></Style><MultiGeometry><Polygon><outerBoundaryIs><LinearRing><coordinates>-107.7038152765473,37.939924959601605,0 -107.70602278301726,37.938072072250684,0 -107.6997046806543,37.936415199828566,0 -107.70590717786256,37.934921049659664,0 -107.6854297752899,37.93493996860623,0 -107.68583423473181,37.93042544885672,0 -107.67726023986575,37.929269382275216,0 -107.67539509865667,37.94057505683131,0 -107.67239634841397,37.85774546710488,0 -107.74904296834873,37.855979714265516,0 -107.70307224951719,37.857495297761375,0 -107.70320386597368,37.861096522162434,0 -107.7185505753928,37.86119346745032,0 -107.72158827855047,37.86652959017378,0 -107.73346253349885,37.86490273105496,0 -107.73478127658018,37.86982788918457,0 -107.74787497893291,37.8704238488534,0 -107.75212746443037,37.93880406330421,0 -107.7038152765473,37.939924959601605,0</coordinates></LinearRing></outerBoundaryIs></Polygon></MultiGeometry></Placemark>
<Placemark><name>Senator Beck Basin x tellur 350° (3503F)</name><description>Senator Beck Basin, CO lidar ∩ UAVSAR tellur line 3503F | lidar 2017-02-16 ~ UAVSAR 2017-02-06, 2017-02-22, 2017-02-25, 2017-03-08, 2017-03-31</description><Style><LineStyle><color>ff0080ff</color><width>2</width></LineStyle><PolyStyle><color>7f0080ff</color></PolyStyle></Style><MultiGeometry><Polygon><outerBoundaryIs><LinearRing><coordinates>-107.7038152765473,37.939924959601605,0 -107.70602278301726,37.938072072250684,0 -107.6997046806543,37.936415199828566,0 -107.70590717786256,37.934921049659664,0 -107.6854297752899,37.93493996860623,0 -107.68583423473181,37.93042544885672,0 -107.67726023986575,37.929269382275216,0 -107.67539509865667,37.94057505683131,0 -107.67239634841397,37.85774546710488,0 -107.74904296834873,37.855979714265516,0 -107.70307224951719,37.857495297761375,0 -107.70320386597368,37.861096522162434,0 -107.7185505753928,37.86119346745032,0 -107.72158827855047,37.86652959017378,0 -107.73346253349885,37.86490273105496,0 -107.73478127658018,37.86982788918457,0 -107.74787497893291,37.8704238488534,0 -107.75212746443037,37.93880406330421,0 -107.7038152765473,37.939924959601605,0</coordinates></LinearRing></outerBoundaryIs></Polygon></MultiGeometry></Placemark>
<Placemark><name>Banner Summit x lowman 052° (05208)</name><description>Banner Summit, ID lidar ∩ UAVSAR lowman line 05208 | lidar 2020-02-18 ~ UAVSAR 2019-12-20, 2020-01-31, 2020-02-13, 2020-02-21, 2020-03-11; lidar 2021-03-15 ~ UAVSAR 2021-02-03, 2021-02-10, 2021-03-03, 2021-03-10, 2021-03-16, 2021-03-22</description><Style><LineStyle><color>ff0080ff</color><width>2</width></LineStyle><PolyStyle><color>7f0080ff</color></PolyStyle></Style><MultiGeometry><Polygon><outerBoundaryIs><LinearRing><coordinates>-115.25580111029845,44.343854123378556,0 -115.087,44.3411,0 -115.092,44.1923,0 -115.281,44.1953,0 -115.27733916300338,44.33157465719934,0 -115.25580111029845,44.343854123378556,0</coordinates></LinearRing></outerBoundaryIs></Polygon></MultiGeometry></Placemark>
<Placemark><name>Banner Summit x lowman 232° (23205)</name><description>Banner Summit, ID lidar ∩ UAVSAR lowman line 23205 | lidar 2020-02-18 ~ UAVSAR 2019-12-20, 2020-01-31, 2020-02-13, 2020-02-21, 2020-03-11; lidar 2021-03-15 ~ UAVSAR 2021-01-15, 2021-01-20, 2021-01-27, 2021-02-03, 2021-02-10, 2021-02-23, 2021-03-03, 2021-03-10, 2021-03-16, 2021-03-22</description><Style><LineStyle><color>ff0080ff</color><width>2</width></LineStyle><PolyStyle><color>7f0080ff</color></PolyStyle></Style><MultiGeometry><Polygon><outerBoundaryIs><LinearRing><coordinates>-115.18268603634253,44.19373946089433,0 -115.281,44.1953,0 -115.277,44.3442,0 -115.087,44.3411,0 -115.09022038558535,44.24526132497993,0 -115.18268603634253,44.19373946089433,0</coordinates></LinearRing></outerBoundaryIs></Polygon></MultiGeometry></Placemark>
<Placemark><name>Dry Creek x lowman 052° (05208)</name><description>Dry Creek, ID lidar ∩ UAVSAR lowman line 05208 | lidar 2020-02-19 ~ UAVSAR 2019-12-20, 2020-01-31, 2020-02-13, 2020-02-21, 2020-03-11</description><Style><LineStyle><color>ff0080ff</color><width>2</width></LineStyle><PolyStyle><color>7f0080ff</color></PolyStyle></Style><MultiGeometry><Polygon><outerBoundaryIs><LinearRing><coordinates>-116.144,43.7983,0 -116.061,43.7977,0 -116.063,43.6944,0 -116.146,43.695,0 -116.144,43.7983,0</coordinates></LinearRing></outerBoundaryIs></Polygon></MultiGeometry></Placemark>
<Placemark><name>Dry Creek x lowman 232° (23205)</name><description>Dry Creek, ID lidar ∩ UAVSAR lowman line 23205 | lidar 2020-02-19 ~ UAVSAR 2019-12-20, 2020-01-31, 2020-02-13, 2020-02-21, 2020-03-11</description><Style><LineStyle><color>ff0080ff</color><width>2</width></LineStyle><PolyStyle><color>7f0080ff</color></PolyStyle></Style><MultiGeometry><Polygon><outerBoundaryIs><LinearRing><coordinates>-116.0786414498686,43.694513070721946,0 -116.146,43.695,0 -116.144,43.7983,0 -116.061,43.7977,0 -116.06282720682397,43.70332476754222,0 -116.0786414498686,43.694513070721946,0</coordinates></LinearRing></outerBoundaryIs></Polygon></MultiGeometry></Placemark>
<Placemark><name>Mores Creek Summit x lowman 052° (05208)</name><description>Mores Creek Summit, ID lidar ∩ UAVSAR lowman line 05208 | lidar 2020-02-09 ~ UAVSAR 2019-12-20, 2020-01-31, 2020-02-13, 2020-02-21, 2020-03-11; lidar 2021-03-15 ~ UAVSAR 2021-02-03, 2021-02-10, 2021-03-03, 2021-03-10, 2021-03-16, 2021-03-22</description><Style><LineStyle><color>ff0080ff</color><width>2</width></LineStyle><PolyStyle><color>7f0080ff</color></PolyStyle></Style><MultiGeometry><Polygon><outerBoundaryIs><LinearRing><coordinates>-115.734,43.984,0 -115.635,43.9828,0 -115.637,43.9072,0 -115.735,43.9083,0 -115.734,43.984,0</coordinates></LinearRing></outerBoundaryIs></Polygon></MultiGeometry></Placemark>
<Placemark><name>Mores Creek Summit x lowman 232° (23205)</name><description>Mores Creek Summit, ID lidar ∩ UAVSAR lowman line 23205 | lidar 2020-02-09 ~ UAVSAR 2019-12-20, 2020-01-31, 2020-02-13, 2020-02-21, 2020-03-11; lidar 2021-03-15 ~ UAVSAR 2021-01-15, 2021-01-20, 2021-01-27, 2021-02-03, 2021-02-10, 2021-02-23, 2021-03-03, 2021-03-10, 2021-03-16, 2021-03-22</description><Style><LineStyle><color>ff0080ff</color><width>2</width></LineStyle><PolyStyle><color>7f0080ff</color></PolyStyle></Style><MultiGeometry><Polygon><outerBoundaryIs><LinearRing><coordinates>-115.69575134096762,43.907859453827186,0 -115.735,43.9083,0 -115.734,43.984,0 -115.635,43.9828,0 -115.63610329773107,43.941095345765866,0 -115.69575134096762,43.907859453827186,0</coordinates></LinearRing></outerBoundaryIs></Polygon></MultiGeometry></Placemark>
<Placemark><name>Reynolds Creek x silver 167° (16718)</name><description>Reynolds Creek, ID lidar ∩ UAVSAR silver line 16718 | lidar 2020-02-18 ~ UAVSAR 2020-01-31, 2020-02-13, 2020-02-21, 2020-03-11</description><Style><LineStyle><color>ff0080ff</color><width>2</width></LineStyle><PolyStyle><color>7f0080ff</color></PolyStyle></Style><MultiGeometry><Polygon><outerBoundaryIs><LinearRing><coordinates>-116.69652399821629,43.21650567373763,0 -116.69806619035508,43.21531607447051,0 -116.6950443700161,43.204052097605704,0 -116.70367616924297,43.20092310703031,0 -116.70805291045818,43.18652668703787,0 -116.70008938577479,43.179302239466956,0 -116.69956465841149,43.16084095703573,0 -116.69221137910007,43.155418502215454,0 -116.70095058724216,43.12887729267535,0 -116.70402415415998,43.12888528418012,0 -116.70334197904536,43.142841091177615,0 -116.71440096265269,43.144670204050044,0 -116.71434645186604,43.156376390736135,0 -116.72479319920431,43.15820296565859,0 -116.72229034297156,43.16765200495162,0 -116.72535375562602,43.1703608500058,0 -116.73212216081195,43.16992665532204,0 -116.73270390790344,43.177582119648164,0 -116.7468535952824,43.17761430174707,0 -116.7487268989702,43.17086481026328,0 -116.74866411987442,43.18617286840498,0 -116.75541254181982,43.19114013720991,0 -116.77078764341705,43.19342317338639,0 -116.7677261900903,43.1893648382116,0 -116.76719298716311,43.16775218181736,0 -116.77210881696537,43.16911280441633,0 -116.77084996185232,43.17676439642723,0 -116.78253870900815,43.17678720987496,0 -116.77821929107846,43.180380847523864,0 -116.79298338394007,43.18085875507005,0 -116.79668676902338,43.17726346707782,0 -116.79428036153728,43.16105045745515,0 -116.7979706029279,43.16105703291479,0 -116.79671813054138,43.167808448576864,0 -116.8053296461528,43.16782342455075,0 -116.8071579745117,43.173229422399366,0 -116.81453175555657,43.175943062065876,0 -116.81635978652206,43.18179914588892,0 -116.82189310389602,43.183158616128594,0 -116.82434124709839,43.18766480760244,0 -116.83911338560891,43.18588557177603,0 -116.84646415163259,43.19895263641506,0 -116.8532251662359,43.20256342583663,0 -116.85750403574906,43.21517552319503,0 -116.85686212100205,43.22643066968404,0 -116.8512956559554,43.23677902181021,0 -116.85127594504728,43.24488325002761,0 -116.85496377687953,43.24803963618896,0 -116.84879570209513,43.25163353469379,0 -116.84629565562658,43.26603771960022,0 -116.85492530437332,43.26424805172838,0 -116.85922852803596,43.26830553711144,0 -116.8555073051039,43.27865627353205,0 -116.85670805639856,43.292164768308,0 -116.84746488284092,43.29125235135874,0 -116.83695562419425,43.302943882939495,0 -116.82893267839495,43.306083784466225,0 -116.83077094225429,43.31013859778764,0 -116.82521431885334,43.31283162606715,0 -116.81105135644628,43.3069561063942,0 -116.80737788594712,43.29884581474114,0 -116.77844831918583,43.287087405091924,0 -116.76488088564304,43.289311484616626,0 -116.75810839792369,43.28749643382381,0 -116.7568937052894,43.282991532087394,0 -116.76801899229882,43.27446020456023,0 -116.76866586746614,43.2663573051862,0 -116.76252588825712,43.26094191108046,0 -116.75637084226283,43.259578264086,0 -116.74772226939515,43.26541256560468,0 -116.72803153458368,43.25996463293999,0 -116.72061856903242,43.26444911253626,0 -116.72001693531134,43.26129600117825,0 -116.71018157862915,43.256769159595876,0 -116.7090179308602,43.25676617075493,0 -116.69652399821629,43.21650567373763,0</coordinates></LinearRing></outerBoundaryIs></Polygon><Polygon><outerBoundaryIs><LinearRing><coordinates>-116.76292206669876,43.158738565929106,0 -116.7438998462993,43.14834198041838,0 -116.72921751812912,43.13119890110825,0 -116.71510572171604,43.12531145140528,0 -116.72255307051802,43.109571147924136,0 -116.71769483410549,43.09695235181483,0 -116.72816942320199,43.09022399762861,0 -116.7411783576853,43.064589966269,0 -116.75101081413851,43.06281078063446,0 -116.75959879699734,43.06508039374967,0 -116.76206555846267,43.0623840481378,0 -116.76695068456971,43.06959810003684,0 -116.78659954265757,43.070536926172075,0 -116.79154160525113,43.061991285064856,0 -116.79952717806046,43.061105051546846,0 -116.80564624977717,43.067869359509466,0 -116.8185292447761,43.07239301094295,0 -116.8197469959569,43.075996930931005,0 -116.8283481690233,43.07510965679225,0 -116.83631455075069,43.08187506538973,0 -116.8258608446165,43.08591187351444,0 -116.82644208168178,43.09761920592835,0 -116.80056251651027,43.12053960750588,0 -116.79929792418763,43.13134328389223,0 -116.78945741430967,43.13267633481802,0 -116.78694680987303,43.14752974533232,0 -116.79000745996407,43.15158759425292,0 -116.76292206669876,43.158738565929106,0</coordinates></LinearRing></outerBoundaryIs></Polygon></MultiGeometry></Placemark>
<Placemark><name>Reynolds Creek x silver 347° (34715)</name><description>Reynolds Creek, ID lidar ∩ UAVSAR silver line 34715 | lidar 2020-02-18 ~ UAVSAR 2020-01-31, 2020-02-13, 2020-02-21, 2020-03-11</description><Style><LineStyle><color>ff0080ff</color><width>2</width></LineStyle><PolyStyle><color>7f0080ff</color></PolyStyle></Style><MultiGeometry><Polygon><outerBoundaryIs><LinearRing><coordinates>-116.76292206669876,43.158738565929106,0 -116.7438998462993,43.14834198041838,0 -116.72921751812912,43.13119890110825,0 -116.71510572171604,43.12531145140528,0 -116.72255307051802,43.109571147924136,0 -116.71769483410549,43.09695235181483,0 -116.72816942320199,43.09022399762861,0 -116.7411783576853,43.064589966269,0 -116.75101081413851,43.06281078063446,0 -116.75959879699734,43.06508039374967,0 -116.76206555846267,43.0623840481378,0 -116.76695068456971,43.06959810003684,0 -116.78659954265757,43.070536926172075,0 -116.79154160525113,43.061991285064856,0 -116.79952717806046,43.061105051546846,0 -116.80564624977717,43.067869359509466,0 -116.8185292447761,43.07239301094295,0 -116.8197469959569,43.075996930931005,0 -116.8283481690233,43.07510965679225,0 -116.83631455075069,43.08187506538973,0 -116.8258608446165,43.08591187351444,0 -116.82644208168178,43.09761920592835,0 -116.80056251651027,43.12053960750588,0 -116.79929792418763,43.13134328389223,0 -116.78945741430967,43.13267633481802,0 -116.78694680987303,43.14752974533232,0 -116.79000745996407,43.15158759425292,0 -116.76292206669876,43.158738565929106,0</coordinates></LinearRing></outerBoundaryIs></Polygon><Polygon><outerBoundaryIs><LinearRing><coordinates>-116.82893267839495,43.306083784466225,0 -116.83077094225429,43.31013859778764,0 -116.82521431885334,43.31283162606715,0 -116.81105135644628,43.3069561063942,0 -116.80737788594712,43.29884581474114,0 -116.77844831918583,43.287087405091924,0 -116.76488088564304,43.289311484616626,0 -116.75810839792369,43.28749643382381,0 -116.7568937052894,43.282991532087394,0 -116.76801899229882,43.27446020456023,0 -116.76866586746614,43.2663573051862,0 -116.76252588825712,43.26094191108046,0 -116.75637084226283,43.259578264086,0 -116.74772226939515,43.26541256560468,0 -116.72803153458368,43.25996463293999,0 -116.72061856903242,43.26444911253626,0 -116.72001693531134,43.26129600117825,0 -116.71018157862915,43.256769159595876,0 -116.70217359975804,43.256748591021946,0 -116.69604944921322,43.24952872197782,0 -116.69488501223447,43.23601854621998,0 -116.68817790575086,43.22294359105708,0 -116.69806619035508,43.21531607447051,0 -116.6950443700161,43.204052097605704,0 -116.70367616924297,43.20092310703031,0 -116.70805291045818,43.18652668703787,0 -116.70008938577479,43.179302239466956,0 -116.69956465841149,43.16084095703573,0 -116.69221137910007,43.155418502215454,0 -116.70095058724216,43.12887729267535,0 -116.70402415415998,43.12888528418012,0 -116.70334197904536,43.142841091177615,0 -116.71440096265269,43.144670204050044,0 -116.71434645186604,43.156376390736135,0 -116.72479319920431,43.15820296565859,0 -116.72229034297156,43.16765200495162,0 -116.72535375562602,43.1703608500058,0 -116.73212216081195,43.16992665532204,0 -116.73270390790344,43.177582119648164,0 -116.7468535952824,43.17761430174707,0 -116.7487268989702,43.17086481026328,0 -116.74866411987442,43.18617286840498,0 -116.75541254181982,43.19114013720991,0 -116.77078764341705,43.19342317338639,0 -116.7677261900903,43.1893648382116,0 -116.76719298716311,43.16775218181736,0 -116.77210881696537,43.16911280441633,0 -116.77084996185232,43.17676439642723,0 -116.78253870900815,43.17678720987496,0 -116.77821929107846,43.180380847523864,0 -116.79298338394007,43.18085875507005,0 -116.79668676902338,43.17726346707782,0 -116.79428036153728,43.16105045745515,0 -116.7979706029279,43.16105703291479,0 -116.79671813054138,43.167808448576864,0 -116.8053296461528,43.16782342455075,0 -116.8071579745117,43.173229422399366,0 -116.81453175555657,43.175943062065876,0 -116.81635978652206,43.18179914588892,0 -116.82189310389602,43.183158616128594,0 -116.82434124709839,43.18766480760244,0 -116.83911338560891,43.18588557177603,0 -116.84646415163259,43.19895263641506,0 -116.8532251662359,43.20256342583663,0 -116.85750403574906,43.21517552319503,0 -116.85686212100205,43.22643066968404,0 -116.8512956559554,43.23677902181021,0 -116.85127594504728,43.24488325002761,0 -116.85496377687953,43.24803963618896,0 -116.84879570209513,43.25163353469379,0 -116.84629565562658,43.26603771960022,0 -116.85492530437332,43.26424805172838,0 -116.85922852803596,43.26830553711144,0 -116.8555073051039,43.27865627353205,0 -116.85670805639856,43.292164768308,0 -116.84746488284092,43.29125235135874,0 -116.83695562419425,43.302943882939495,0 -116.82893267839495,43.306083784466225,0</coordinates></LinearRing></outerBoundaryIs></Polygon></MultiGeometry></Placemark>
<Placemark><name>Little Cottonwood Canyon x stlake 091° (09127)</name><description>Little Cottonwood Canyon, UT lidar ∩ UAVSAR stlake line 09127 | lidar 2021-03-18 ~ UAVSAR 2021-01-15, 2021-01-21, 2021-01-28, 2021-02-03, 2021-02-10, 2021-02-23, 2021-03-03, 2021-03-10, 2021-03-16, 2021-03-22</description><Style><LineStyle><color>ff0080ff</color><width>2</width></LineStyle><PolyStyle><color>7f0080ff</color></PolyStyle></Style><MultiGeometry><Polygon><outerBoundaryIs><LinearRing><coordinates>-111.721,40.5978,0 -111.615,40.5984,0 -111.615,40.5208,0 -111.72,40.5202,0 -111.721,40.5978,0</coordinates></LinearRing></outerBoundaryIs></Polygon></MultiGeometry></Placemark>
<Placemark><name>Little Cottonwood Canyon x stlake 271° (27129)</name><description>Little Cottonwood Canyon, UT lidar ∩ UAVSAR stlake line 27129 | lidar 2021-03-18 ~ UAVSAR 2021-02-03, 2021-02-10, 2021-02-23, 2021-03-03, 2021-03-10, 2021-03-16, 2021-03-22</description><Style><LineStyle><color>ff0080ff</color><width>2</width></LineStyle><PolyStyle><color>7f0080ff</color></PolyStyle></Style><MultiGeometry><Polygon><outerBoundaryIs><LinearRing><coordinates>-111.721,40.5978,0 -111.615,40.5984,0 -111.615,40.5208,0 -111.72,40.5202,0 -111.721,40.5978,0</coordinates></LinearRing></outerBoundaryIs></Polygon></MultiGeometry></Placemark>
</Document></kml>