<?xml version="1.0" encoding="UTF-8"?>
<kml xmlns="http://www.opengis.net/kml/2.2"><Document>
<name>SnowEx lidar acquisitions</name>
<Folder><name>Central Agricultural Research Center (CARC), MT (lidar)</name>
<Placemark><name>Central Agricultural Research Center (CARC) 2021-01-15</name><description>Prairie Station UAV-lidar (SNEX21_PS_DSM) | overlaps UAVSAR: uticam | snow-off</description><Style><LineStyle><color>ffff00ff</color><width>3</width></LineStyle><PolyStyle><color>2dff00ff</color></PolyStyle></Style><MultiGeometry><Polygon><outerBoundaryIs><LinearRing><coordinates>-109.95955,47.05639,0 -109.94613,47.05626,0 -109.94595,47.06541,0 -109.95937,47.06553,0 -109.95955,47.05639,0</coordinates></LinearRing></outerBoundaryIs></Polygon></MultiGeometry></Placemark>
<Placemark><name>Central Agricultural Research Center (CARC) 2021-01-21</name><description>Prairie Station UAV-lidar (SNEX21_PS_DSM) | overlaps UAVSAR: uticam</description><Style><LineStyle><color>ffff00ff</color><width>3</width></LineStyle><PolyStyle><color>2dff00ff</color></PolyStyle></Style><MultiGeometry><Polygon><outerBoundaryIs><LinearRing><coordinates>-109.95955,47.05639,0 -109.94613,47.05626,0 -109.94595,47.06541,0 -109.95937,47.06553,0 -109.95955,47.05639,0</coordinates></LinearRing></outerBoundaryIs></Polygon></MultiGeometry></Placemark>
<Placemark><name>Central Agricultural Research Center (CARC) 2021-01-22</name><description>Prairie Station UAV-lidar (SNEX21_PS_DSM) | overlaps UAVSAR: uticam</description><Style><LineStyle><color>ffff00ff</color><width>3</width></LineStyle><PolyStyle><color>2dff00ff</color></PolyStyle></Style><MultiGeometry><Polygon><outerBoundaryIs><LinearRing><coordinates>-109.95955,47.05639,0 -109.94613,47.05626,0 -109.94595,47.06541,0 -109.95937,47.06553,0 -109.95955,47.05639,0</coordinates></LinearRing></outerBoundaryIs></Polygon></MultiGeometry></Placemark>
<Placemark><name>Central Agricultural Research Center (CARC) 2021-01-29</name><description>Prairie Station UAV-lidar (SNEX21_PS_DSM) | overlaps UAVSAR: uticam</description><Style><LineStyle><color>ffff00ff</color><width>3</width></LineStyle><PolyStyle><color>2dff00ff</color></PolyStyle></Style><MultiGeometry><Polygon><outerBoundaryIs><LinearRing><coordinates>-109.95955,47.05639,0 -109.94613,47.05626,0 -109.94595,47.06541,0 -109.95937,47.06553,0 -109.95955,47.05639,0</coordinates></LinearRing></outerBoundaryIs></Polygon></MultiGeometry></Placemark>
<Placemark><name>Central Agricultural Research Center (CARC) 2021-02-17</name><description>Prairie Station UAV-lidar (SNEX21_PS_DSM) | overlaps UAVSAR: uticam</description><Style><LineStyle><color>ffff00ff</color><width>3</width></LineStyle><PolyStyle><color>2dff00ff</color></PolyStyle></Style><MultiGeometry><Polygon><outerBoundaryIs><LinearRing><coordinates>-109.95955,47.05639,0 -109.94613,47.05626,0 -109.94595,47.06541,0 -109.95937,47.06553,0 -109.95955,47.05639,0</coordinates></LinearRing></outerBoundaryIs></Polygon></MultiGeometry></Placemark>
<Placemark><name>Central Agricultural Research Center (CARC) 2021-02-18</name><description>Prairie Station UAV-lidar (SNEX21_PS_DSM) | overlaps UAVSAR: uticam</description><Style><LineStyle><color>ffff00ff</color><width>3</width></LineStyle><PolyStyle><color>2dff00ff</color></PolyStyle></Style><MultiGeometry><Polygon><outerBoundaryIs><LinearRing><coordinates>-109.95955,47.05639,0 -109.94613,47.05626,0 -109.94595,47.06541,0 -109.95937,47.06553,0 -109.95955,47.05639,0</coordinates></LinearRing></outerBoundaryIs></Polygon></MultiGeometry></Placemark>
<Placemark><name>Central Agricultural Research Center (CARC) 2021-02-24</name><description>Prairie Station UAV-lidar (SNEX21_PS_DSM) | overlaps UAVSAR: uticam</description><Style><LineStyle><color>ffff00ff</color><width>3</width></LineStyle><PolyStyle><color>2dff00ff</color></PolyStyle></Style><MultiGeometry><Polygon><outerBoundaryIs><LinearRing><coordinates>-109.95955,47.05639,0 -109.94613,47.05626,0 -109.94595,47.06541,0 -109.95937,47.06553,0 -109.95955,47.05639,0</coordinates></LinearRing></outerBoundaryIs></Polygon></MultiGeometry></Placemark>
<Placemark><name>Central Agricultural Research Center (CARC) 2021-03-04</name><description>Prairie Station UAV-lidar (SNEX21_PS_DSM) | overlaps UAVSAR: uticam</description><Style><LineStyle><color>ffff00ff</color><width>3</width></LineStyle><PolyStyle><color>2dff00ff</color></PolyStyle></Style><MultiGeometry><Polygon><outerBoundaryIs><LinearRing><coordinates>-109.95955,47.05639,0 -109.94613,47.05626,0 -109.94595,47.06541,0 -109.95937,47.06553,0 -109.95955,47.05639,0</coordinates></LinearRing></outerBoundaryIs></Polygon></MultiGeometry></Placemark>
</Folder>
<Folder><name>Mores Creek Summit, ID (lidar)</name>
<Placemark><name>Mores Creek Summit 2022-02-17</name><description>Mores Creek Summit lidar (SNEX_MCS_Lidar) | overlaps UAVSAR: idahos,lowman | outside 2014-2021</description><Style><LineStyle><color>ffff00ff</color><width>3</width></LineStyle><PolyStyle><color>2dff00ff</color></PolyStyle></Style><MultiGeometry><Polygon><outerBoundaryIs><LinearRing><coordinates>-115.73523,43.90831,0 -115.6372,43.90719,0 -115.63547,43.98284,0 -115.73362,43.98397,0 -115.73523,43.90831,0</coordinates></LinearRing></outerBoundaryIs></Polygon></MultiGeometry></Placemark>
<Placemark><name>Mores Creek Summit 2022-03-17</name><description>Mores Creek Summit lidar (SNEX_MCS_Lidar) | overlaps UAVSAR: idahos,lowman | outside 2014-2021</description><Style><LineStyle><color>ffff00ff</color><width>3</width></LineStyle><PolyStyle><color>2dff00ff</color></PolyStyle></Style><MultiGeometry><Polygon><outerBoundaryIs><LinearRing><coordinates>-115.73523,43.90831,0 -115.6372,43.90719,0 -115.63547,43.98284,0 -115.73362,43.98397,0 -115.73523,43.90831,0</coordinates></LinearRing></outerBoundaryIs></Polygon></MultiGeometry></Placemark>
<Placemark><name>Mores Creek Summit 2022-04-07</name><description>Mores Creek Summit lidar (SNEX_MCS_Lidar) | overlaps UAVSAR: idahos,lowman | outside 2014-2021</description><Style><LineStyle><color>ffff00ff</color><width>3</width></LineStyle><PolyStyle><color>2dff00ff</color></PolyStyle></Style><MultiGeometry><Polygon><outerBoundaryIs><LinearRing><coordinates>-115.73523,43.90831,0 -115.6372,43.90719,0 -115.63547,43.98284,0 -115.73362,43.98397,0 -115.73523,43.90831,0</coordinates></LinearRing></outerBoundaryIs></Polygon></MultiGeometry></Placemark>
<Placemark><name>Mores Creek Summit 2023-02-09</name><description>Mores Creek Summit lidar (SNEX_MCS_Lidar) | overlaps UAVSAR: idahos,lowman | outside 2014-2021</description><Style><LineStyle><color>ffff00ff</color><width>3</width></LineStyle><PolyStyle><color>2dff00ff</color></PolyStyle></Style><MultiGeometry><Polygon><outerBoundaryIs><LinearRing><coordinates>-115.7336265,43.9839753,0 -115.7352319,43.9083186,0 -115.6372045,43.9071914,0 -115.6354747,43.9828452,0 -115.7336265,43.9839753,0</coordinates></LinearRing></outerBoundaryIs></Polygon></MultiGeometry></Placemark>
<Placemark><name>Mores Creek Summit 2023-03-16</name><description>Mores Creek Summit lidar (SNEX_MCS_Lidar) | overlaps UAVSAR: idahos,lowman | outside 2014-2021</description><Style><LineStyle><color>ffff00ff</color><width>3</width></LineStyle><PolyStyle><color>2dff00ff</color></PolyStyle></Style><MultiGeometry><Polygon><outerBoundaryIs><LinearRing><coordinates>-115.73523,43.90831,0 -115.6372,43.90719,0 -115.63547,43.98284,0 -115.73362,43.98397,0 -115.73523,43.90831,0</coordinates></LinearRing></outerBoundaryIs></Polygon></MultiGeometry></Placemark>
<Placemark><name>Mores Creek Summit 2023-04-05</name><description>Mores Creek Summit lidar (SNEX_MCS_Lidar) | overlaps UAVSAR: idahos,lowman | outside 2014-2021</description><Style><LineStyle><color>ffff00ff</color><width>3</width></LineStyle><PolyStyle><color>2dff00ff</color></PolyStyle></Style><MultiGeometry><Polygon><outerBoundaryIs><LinearRing><coordinates>-115.73523,43.90831,0 -115.6372,43.90719,0 -115.63547,43.98284,0 -115.73362,43.98397,0 -115.73523,43.90831,0</coordinates></LinearRing></outerBoundaryIs></Polygon></MultiGeometry></Placemark>
<Placemark><name>Mores Creek Summit 2024-01-15</name><description>Mores Creek Summit lidar (SNEX_MCS_Lidar) | overlaps UAVSAR: idahos,lowman | outside 2014-2021</description><Style><LineStyle><color>ffff00ff</color><width>3</width></LineStyle><PolyStyle><color>2dff00ff</color></PolyStyle></Style><MultiGeometry><Polygon><outerBoundaryIs><LinearRing><coordinates>-115.73523,43.90831,0 -115.6372,43.90719,0 -115.63547,43.98284,0 -115.73362,43.98397,0 -115.73523,43.90831,0</coordinates></LinearRing></outerBoundaryIs></Polygon></MultiGeometry></Placemark>
<Placemark><name>Mores Creek Summit 2024-02-13</name><description>Mores Creek Summit lidar (SNEX_MCS_Lidar) | overlaps UAVSAR: idahos,lowman | outside 2014-2021</description><Style><LineStyle><color>ffff00ff</color><width>3</width></LineStyle><PolyStyle><color>2dff00ff</color></PolyStyle></Style><MultiGeometry><Polygon><outerBoundaryIs><LinearRing><coordinates>-115.73523,43.90831,0 -115.6372,43.90719,0 -115.63547,43.98284,0 -115.73362,43.98397,0 -115.73523,43.90831,0</coordinates></LinearRing></outerBoundaryIs></Polygon></MultiGeometry></Placemark>
<Placemark><name>Mores Creek Summit 2024-03-15</name><description>Mores Creek Summit lidar (SNEX_MCS_Lidar) | overlaps UAVSAR: idahos,lowman | outside 2014-2021</description><Style><LineStyle><color>ffff00ff</color><width>3</width></LineStyle><PolyStyle><color>2dff00ff</color></PolyStyle></Style><MultiGeometry><Polygon><outerBoundaryIs><LinearRing><coordinates>-115.73523,43.90831,0 -115.6372,43.90719,0 -115.63547,43.98284,0 -115.73362,43.98397,0 -115.73523,43.90831,0</coordinates></LinearRing></outerBoundaryIs></Polygon></MultiGeometry></Placemark>
<Placemark><name>Mores Creek Summit 2024-04-18</name><description>Mores Creek Summit lidar (SNEX_MCS_Lidar) | overlaps UAVSAR: idahos,lowman | outside 2014-2021</description><Style><LineStyle><color>ffff00ff</color><width>3</width></LineStyle><PolyStyle><color>2dff00ff</color></PolyStyle></Style><MultiGeometry><Polygon><outerBoundaryIs><LinearRing><coordinates>-115.73523,43.90831,0 -115.6372,43.90719,0 -115.63547,43.98284,0 -115.73362,43.98397,0 -115.73523,43.90831,0</coordinates></LinearRing></outerBoundaryIs></Polygon></MultiGeometry></Placemark>
<Placemark><name>Mores Creek Summit 2025-01-13</name><description>Mores Creek Summit lidar (SNEX_MCS_Lidar) | overlaps UAVSAR: idahos,lowman | outside 2014-2021</description><Style><LineStyle><color>ffff00ff</color><width>3</width></LineStyle><PolyStyle><color>2dff00ff</color></PolyStyle></Style><MultiGeometry><Polygon><outerBoundaryIs><LinearRing><coordinates>-115.7336265,43.9839753,0 -115.7352319,43.9083186,0 -115.6372045,43.9071914,0 -115.6354747,43.9828452,0 -115.7336265,43.9839753,0</coordinates></LinearRing></outerBoundaryIs></Polygon></MultiGeometry></Placemark>
<Placemark><name>Mores Creek Summit 2025-01-29</name><description>Mores Creek Summit lidar (SNEX_MCS_Lidar) | overlaps UAVSAR: idahos,lowman | outside 2014-2021</description><Style><LineStyle><color>ffff00ff</color><width>3</width></LineStyle><PolyStyle><color>2dff00ff</color></PolyStyle></Style><MultiGeometry><Polygon><outerBoundaryIs><LinearRing><coordinates>-115.7336265,43.9839753,0 -115.7352319,43.9083186,0 -115.6372045,43.9071914,0 -115.6354747,43.9828452,0 -115.7336265,43.9839753,0</coordinates></LinearRing></outerBoundaryIs></Polygon></MultiGeometry></Placemark>
<Placemark><name>Mores Creek Summit 2025-04-04</name><description>Mores Creek Summit lidar (SNEX_MCS_Lidar) | overlaps UAVSAR: idahos,lowman | outside 2014-2021</description><Style><LineStyle><color>ffff00ff</color><width>3</width></LineStyle><PolyStyle><color>2dff00ff</color></PolyStyle></Style><MultiGeometry><Polygon><outerBoundaryIs><LinearRing><coordinates>-115.7336265,43.9839753,0 -115.7352319,43.9083186,0 -115.6372045,43.9071914,0 -115.6354747,43.9828452,0 -115.7336265,43.9839753,0</coordinates></LinearRing></outerBoundaryIs></Polygon></MultiGeometry></Placemark>
</Folder>
<Folder><name>Cherry-Eleanor, CA (lidar)</name>
<Placemark><name>Cherry-Eleanor 2016-04-01</name><description>ASO lidar (NSIDC 2013-19) | overlaps UAVSAR: SMAP13,tuolum</description><Style><LineStyle><color>ffff00ff</color><width>3</width></LineStyle><PolyStyle><color>2dff00ff</color></PolyStyle></Style><MultiGeometry><Polygon><outerBoundaryIs><LinearRing><coordinates>-119.9191,37.72123,0 -119.1839,37.73715,0 -119.19889,38.24106,0 -119.93913,38.22484,0 -119.9191,37.72123,0</coordinates></LinearRing></outerBoundaryIs></Polygon></MultiGeometry></Placemark>
<Placemark><name>Cherry-Eleanor 2016-04-07</name><description>ASO lidar (NSIDC 2013-19) | overlaps UAVSAR: SMAP13,tuolum</description><Style><LineStyle><color>ffff00ff</color><width>3</width></LineStyle><PolyStyle><color>2dff00ff</color></PolyStyle></Style><MultiGeometry><Polygon><outerBoundaryIs><LinearRing><coordinates>-119.9191,37.72123,0 -119.1839,37.73715,0 -119.19889,38.24106,0 -119.93913,38.22484,0 -119.9191,37.72123,0</coordinates></LinearRing></outerBoundaryIs></Polygon></MultiGeometry></Placemark>
<Placemark><name>Cherry-Eleanor 2016-04-16</name><description>ASO lidar (NSIDC 2013-19) | overlaps UAVSAR: SMAP13,tuolum</description><Style><LineStyle><color>ffff00ff</color><width>3</width></LineStyle><PolyStyle><color>2dff00ff</color></PolyStyle></Style><MultiGeometry><Polygon><outerBoundaryIs><LinearRing><coordinates>-119.9191,37.72123,0 -119.1839,37.73715,0 -119.19889,38.24106,0 -119.93913,38.22484,0 -119.9191,37.72123,0</coordinates></LinearRing></outerBoundaryIs></Polygon></MultiGeometry></Placemark>
<Placemark><name>Cherry-Eleanor 2016-04-26</name><description>ASO lidar (NSIDC 2013-19) | overlaps UAVSAR: SMAP13,tuolum</description><Style><LineStyle><color>ffff00ff</color><width>3</width></LineStyle><PolyStyle><color>2dff00ff</color></PolyStyle></Style><MultiGeometry><Polygon><outerBoundaryIs><LinearRing><coordinates>-119.9191,37.72123,0 -119.1839,37.73715,0 -119.19889,38.24106,0 -119.93913,38.22484,0 -119.9191,37.72123,0</coordinates></LinearRing></outerBoundaryIs></Polygon></MultiGeometry></Placemark>
<Placemark><name>Cherry-Eleanor 2017-01-29</name><description>ASO lidar (NSIDC 2013-19) | overlaps UAVSAR: SMAP13,tuolum</description><Style><LineStyle><color>ffff00ff</color><width>3</width></LineStyle><PolyStyle><color>2dff00ff</color></PolyStyle></Style><MultiGeometry><Polygon><outerBoundaryIs><LinearRing><coordinates>-119.9191,37.72123,0 -119.1839,37.73715,0 -119.19889,38.24106,0 -119.93913,38.22484,0 -119.9191,37.72123,0</coordinates></LinearRing></outerBoundaryIs></Polygon></MultiGeometry></Placemark>
<Placemark><name>Cherry-Eleanor 2018-04-23</name><description>ASO lidar (NSIDC 2013-19) | overlaps UAVSAR: SMAP13,tuolum</description><Style><LineStyle><color>ffff00ff</color><width>3</width></LineStyle><PolyStyle><color>2dff00ff</color></PolyStyle></Style><MultiGeometry><Polygon><outerBoundaryIs><LinearRing><coordinates>-119.9191,37.72123,0 -119.1839,37.73715,0 -119.19889,38.24106,0 -119.93913,38.22484,0 -119.9191,37.72123,0</coordinates></LinearRing></outerBoundaryIs></Polygon></MultiGeometry></Placemark>
</Folder>
<Folder><name>San Joaquin West (JW), CA (lidar)</name>
<Placemark><name>San Joaquin West (JW) 2018-04-23</name><description>ASO lidar (NSIDC 2013-19) | overlaps UAVSAR: SMAP13,sierra,tuolum</description><Style><LineStyle><color>ffff00ff</color><width>3</width></LineStyle><PolyStyle><color>2dff00ff</color></PolyStyle></Style><MultiGeometry><Polygon><outerBoundaryIs><LinearRing><coordinates>-119.70256,36.96191,0 -118.54448,36.98263,0 -118.56192,37.82737,0 -119.73305,37.80601,0 -119.70256,36.96191,0</coordinates></LinearRing></outerBoundaryIs></Polygon></MultiGeometry></Placemark>
<Placemark><name>San Joaquin West (JW) 2019-03-15</name><description>ASO lidar (NSIDC 2013-19) | overlaps UAVSAR: SMAP13,sierra,tuolum</description><Style><LineStyle><color>ffff00ff</color><width>3</width></LineStyle><PolyStyle><color>2dff00ff</color></PolyStyle></Style><MultiGeometry><Polygon><outerBoundaryIs><LinearRing><coordinates>-119.70256,36.96191,0 -118.54448,36.98263,0 -118.56192,37.82737,0 -119.73305,37.80601,0 -119.70256,36.96191,0</coordinates></LinearRing></outerBoundaryIs></Polygon></MultiGeometry></Placemark>
</Folder>
<Folder><name>Kings Canyon, CA (lidar)</name>
<Placemark><name>Kings Canyon 2015-04-03</name><description>ASO lidar (NSIDC 2013-19) | overlaps UAVSAR: sierra</description><Style><LineStyle><color>ffff00ff</color><width>3</width></LineStyle><PolyStyle><color>2dff00ff</color></PolyStyle></Style><MultiGeometry><Polygon><outerBoundaryIs><LinearRing><coordinates>-118.81882,36.54312,0 -118.27936,36.55013,0 -118.28984,37.17604,0 -118.83371,37.16887,0 -118.81882,36.54312,0</coordinates></LinearRing></outerBoundaryIs></Polygon></MultiGeometry></Placemark>
<Placemark><name>Kings Canyon 2015-04-12</name><description>ASO lidar (NSIDC 2013-19) | overlaps UAVSAR: sierra</description><Style><LineStyle><color>ffff00ff</color><width>3</width></LineStyle><PolyStyle><color>2dff00ff</color></PolyStyle></Style><MultiGeometry><Polygon><outerBoundaryIs><LinearRing><coordinates>-118.81882,36.54312,0 -118.27936,36.55013,0 -118.28984,37.17604,0 -118.83371,37.16887,0 -118.81882,36.54312,0</coordinates></LinearRing></outerBoundaryIs></Polygon></MultiGeometry></Placemark>
<Placemark><name>Kings Canyon 2015-04-26</name><description>ASO lidar (NSIDC 2013-19) | overlaps UAVSAR: sierra</description><Style><LineStyle><color>ffff00ff</color><width>3</width></LineStyle><PolyStyle><color>2dff00ff</color></PolyStyle></Style><MultiGeometry><Polygon><outerBoundaryIs><LinearRing><coordinates>-118.81882,36.54312,0 -118.27936,36.55013,0 -118.28984,37.17604,0 -118.83371,37.16887,0 -118.81882,36.54312,0</coordinates></LinearRing></outerBoundaryIs></Polygon></MultiGeometry></Placemark>
<Placemark><name>Kings Canyon 2018-04-26</name><description>ASO lidar (NSIDC 2013-19) | overlaps UAVSAR: sierra</description><Style><LineStyle><color>ffff00ff</color><width>3</width></LineStyle><PolyStyle><color>2dff00ff</color></PolyStyle></Style><MultiGeometry><Polygon><outerBoundaryIs><LinearRing><coordinates>-119.14476,36.55321,0 -118.31988,36.56519,0 -118.3313,37.22534,0 -119.16331,37.21306,0 -119.14476,36.55321,0</coordinates></LinearRing></outerBoundaryIs></Polygon></MultiGeometry></Placemark>
<Placemark><name>Kings Canyon 2019-03-16</name><description>ASO lidar (NSIDC 2013-19) | overlaps UAVSAR: sierra</description><Style><LineStyle><color>ffff00ff</color><width>3</width></LineStyle><PolyStyle><color>2dff00ff</color></PolyStyle></Style><MultiGeometry><Polygon><outerBoundaryIs><LinearRing><coordinates>-119.14476,36.55321,0 -118.31988,36.56519,0 -118.3313,37.22534,0 -119.16331,37.21306,0 -119.14476,36.55321,0</coordinates></LinearRing></outerBoundaryIs></Polygon></MultiGeometry></Placemark>
<Placemark><name>Kings Canyon 2019-03-26</name><description>ASO lidar (NSIDC 2013-19) | overlaps UAVSAR: sierra</description><Style><LineStyle><color>ffff00ff</color><width>3</width></LineStyle><PolyStyle><color>2dff00ff</color></PolyStyle></Style><MultiGeometry><Polygon><outerBoundaryIs><LinearRing><coordinates>-119.14476,36.55321,0 -118.31988,36.56519,0 -118.3313,37.22534,0 -119.16331,37.21306,0 -119.14476,36.55321,0</coordinates></LinearRing></outerBoundaryIs></Polygon></MultiGeometry></Placemark>
<Placemark><name>Kings Canyon 2019-04-18</name><description>ASO lidar (NSIDC 2013-19) | overlaps UAVSAR: sierra</description><Style><LineStyle><color>ffff00ff</color><width>3</width></LineStyle><PolyStyle><color>2dff00ff</color></PolyStyle></Style><MultiGeometry><Polygon><outerBoundaryIs><LinearRing><coordinates>-119.14476,36.55321,0 -118.31988,36.56519,0 -118.3313,37.22534,0 -119.16331,37.21306,0 -119.14476,36.55321,0</coordinates></LinearRing></outerBoundaryIs></Polygon></MultiGeometry></Placemark>
<Placemark><name>Kings Canyon 2019-04-27</name><description>ASO lidar (NSIDC 2013-19) | overlaps UAVSAR: sierra</description><Style><LineStyle><color>ffff00ff</color><width>3</width></LineStyle><PolyStyle><color>2dff00ff</color></PolyStyle></Style><MultiGeometry><Polygon><outerBoundaryIs><LinearRing><coordinates>-119.14476,36.55321,0 -118.31988,36.56519,0 -118.3313,37.22534,0 -119.16331,37.21306,0 -119.14476,36.55321,0</coordinates></LinearRing></outerBoundaryIs></Polygon></MultiGeometry></Placemark>
<Placemark><name>Kings Canyon 2019-04-28</name><description>ASO lidar (NSIDC 2013-19) | overlaps UAVSAR: sierra</description><Style><LineStyle><color>ffff00ff</color><width>3</width></LineStyle><PolyStyle><color>2dff00ff</color></PolyStyle></Style><MultiGeometry><Polygon><outerBoundaryIs><LinearRing><coordinates>-119.14476,36.55321,0 -118.31988,36.56519,0 -118.3313,37.22534,0 -119.16331,37.21306,0 -119.14476,36.55321,0</coordinates></LinearRing></outerBoundaryIs></Polygon></MultiGeometry></Placemark>
</Folder>
<Folder><name>Kern, CA (lidar)</name>
<Placemark><name>Kern 2018-04-26</name><description>ASO lidar (NSIDC 2013-19) | overlaps UAVSAR: sierra</description><Style><LineStyle><color>ffff00ff</color><width>3</width></LineStyle><PolyStyle><color>2dff00ff</color></PolyStyle></Style><MultiGeometry><Polygon><outerBoundaryIs><LinearRing><coordinates>-119.14476,36.55321,0 -118.31988,36.56519,0 -118.3313,37.22534,0 -119.16331,37.21306,0 -119.14476,36.55321,0</coordinates></LinearRing></outerBoundaryIs></Polygon></MultiGeometry></Placemark>
<Placemark><name>Kern 2019-04-17</name><description>ASO lidar (NSIDC 2013-19) | overlaps UAVSAR: sierra</description><Style><LineStyle><color>ffff00ff</color><width>3</width></LineStyle><PolyStyle><color>2dff00ff</color></PolyStyle></Style><MultiGeometry><Polygon><outerBoundaryIs><LinearRing><coordinates>-119.14476,36.55321,0 -118.31988,36.56519,0 -118.3313,37.22534,0 -119.16331,37.21306,0 -119.14476,36.55321,0</coordinates></LinearRing></outerBoundaryIs></Polygon></MultiGeometry></Placemark>
</Folder>
<Folder><name>Lakes Basin (Mammoth), CA (lidar)</name>
<Placemark><name>Lakes Basin (Mammoth) 2015-04-28</name><description>ASO lidar (NSIDC 2013-19) | overlaps UAVSAR: SMAP13,sierra</description><Style><LineStyle><color>ffff00ff</color><width>3</width></LineStyle><PolyStyle><color>2dff00ff</color></PolyStyle></Style><MultiGeometry><Polygon><outerBoundaryIs><LinearRing><coordinates>-119.0707,37.55354,0 -118.95076,37.55558,0 -118.95373,37.66909,0 -119.07385,37.66704,0 -119.0707,37.55354,0</coordinates></LinearRing></outerBoundaryIs></Polygon></MultiGeometry></Placemark>
<Placemark><name>Lakes Basin (Mammoth) 2017-01-28</name><description>ASO lidar (NSIDC 2013-19) | overlaps UAVSAR: SMAP13,sierra</description><Style><LineStyle><color>ffff00ff</color><width>3</width></LineStyle><PolyStyle><color>2dff00ff</color></PolyStyle></Style><MultiGeometry><Polygon><outerBoundaryIs><LinearRing><coordinates>-119.0707,37.55354,0 -118.95076,37.55558,0 -118.95373,37.66909,0 -119.07385,37.66704,0 -119.0707,37.55354,0</coordinates></LinearRing></outerBoundaryIs></Polygon></MultiGeometry></Placemark>
<Placemark><name>Lakes Basin (Mammoth) 2018-04-22</name><description>ASO lidar (NSIDC 2013-19) | overlaps UAVSAR: SMAP13,sierra</description><Style><LineStyle><color>ffff00ff</color><width>3</width></LineStyle><PolyStyle><color>2dff00ff</color></PolyStyle></Style><MultiGeometry><Polygon><outerBoundaryIs><LinearRing><coordinates>-119.0707,37.55354,0 -118.95076,37.55558,0 -118.95373,37.66909,0 -119.07385,37.66704,0 -119.0707,37.55354,0</coordinates></LinearRing></outerBoundaryIs></Polygon></MultiGeometry></Placemark>
<Placemark><name>Lakes Basin (Mammoth) 2019-03-09</name><description>ASO lidar (NSIDC 2013-19) | overlaps UAVSAR: SMAP13,sierra</description><Style><LineStyle><color>ffff00ff</color><width>3</width></LineStyle><PolyStyle><color>2dff00ff</color></PolyStyle></Style><MultiGeometry><Polygon><outerBoundaryIs><LinearRing><coordinates>-119.0707,37.55354,0 -118.95076,37.55558,0 -118.95373,37.66909,0 -119.07385,37.66704,0 -119.0707,37.55354,0</coordinates></LinearRing></outerBoundaryIs></Polygon></MultiGeometry></Placemark>
</Folder>
<Folder><name>Merced Basin, CA (lidar)</name>
<Placemark><name>Merced Basin 2014-03-24</name><description>ASO lidar (NSIDC 2013-19) | overlaps UAVSAR: SMAP13,tuolum</description><Style><LineStyle><color>ffff00ff</color><width>3</width></LineStyle><PolyStyle><color>2dff00ff</color></PolyStyle></Style><MultiGeometry><Polygon><outerBoundaryIs><LinearRing><coordinates>-119.71275,37.58515,0 -119.24821,37.59492,0 -119.25787,37.91329,0 -119.7244,37.90341,0 -119.71275,37.58515,0</coordinates></LinearRing></outerBoundaryIs></Polygon></MultiGeometry></Placemark>
<Placemark><name>Merced Basin 2014-04-06</name><description>ASO lidar (NSIDC 2013-19) | overlaps UAVSAR: SMAP13,tuolum</description><Style><LineStyle><color>ffff00ff</color><width>3</width></LineStyle><PolyStyle><color>2dff00ff</color></PolyStyle></Style><MultiGeometry><Polygon><outerBoundaryIs><LinearRing><coordinates>-119.71275,37.58515,0 -119.24821,37.59492,0 -119.25787,37.91329,0 -119.7244,37.90341,0 -119.71275,37.58515,0</coordinates></LinearRing></outerBoundaryIs></Polygon></MultiGeometry></Placemark>
<Placemark><name>Merced Basin 2014-04-14</name><description>ASO lidar (NSIDC 2013-19) | overlaps UAVSAR: SMAP13,tuolum</description><Style><LineStyle><color>ffff00ff</color><width>3</width></LineStyle><PolyStyle><color>2dff00ff</color></PolyStyle></Style><MultiGeometry><Polygon><outerBoundaryIs><LinearRing><coordinates>-119.71275,37.58515,0 -119.24821,37.59492,0 -119.25787,37.91329,0 -119.7244,37.90341,0 -119.71275,37.58515,0</coordinates></LinearRing></outerBoundaryIs></Polygon></MultiGeometry></Placemark>
<Placemark><name>Merced Basin 2014-04-23</name><description>ASO lidar (NSIDC 2013-19) | overlaps UAVSAR: SMAP13,tuolum</description><Style><LineStyle><color>ffff00ff</color><width>3</width></LineStyle><PolyStyle><color>2dff00ff</color></PolyStyle></Style><MultiGeometry><Polygon><outerBoundaryIs><LinearRing><coordinates>-119.71275,37.58515,0 -119.24821,37.59492,0 -119.25787,37.91329,0 -119.7244,37.90341,0 -119.71275,37.58515,0</coordinates></LinearRing></outerBoundaryIs></Polygon></MultiGeometry></Placemark>
<Placemark><name>Merced Basin 2014-04-29</name><description>ASO lidar (NSIDC 2013-19) | overlaps UAVSAR: SMAP13,tuolum</description><Style><LineStyle><color>ffff00ff</color><width>3</width></LineStyle><PolyStyle><color>2dff00ff</color></PolyStyle></Style><MultiGeometry><Polygon><outerBoundaryIs><LinearRing><coordinates>-119.71275,37.58515,0 -119.24821,37.59492,0 -119.25787,37.91329,0 -119.7244,37.90341,0 -119.71275,37.58515,0</coordinates></LinearRing></outerBoundaryIs></Polygon></MultiGeometry></Placemark>
<Placemark><name>Merced Basin 2015-04-28</name><description>ASO lidar (NSIDC 2013-19) | overlaps UAVSAR: SMAP13,tuolum</description><Style><LineStyle><color>ffff00ff</color><width>3</width></LineStyle><PolyStyle><color>2dff00ff</color></PolyStyle></Style><MultiGeometry><Polygon><outerBoundaryIs><LinearRing><coordinates>-119.71275,37.58515,0 -119.24821,37.59492,0 -119.25787,37.91329,0 -119.7244,37.90341,0 -119.71275,37.58515,0</coordinates></LinearRing></outerBoundaryIs></Polygon></MultiGeometry></Placemark>
<Placemark><name>Merced Basin 2018-04-25</name><description>ASO lidar (NSIDC 2013-19) | overlaps UAVSAR: SMAP13,tuolum</description><Style><LineStyle><color>ffff00ff</color><width>3</width></LineStyle><PolyStyle><color>2dff00ff</color></PolyStyle></Style><MultiGeometry><Polygon><outerBoundaryIs><LinearRing><coordinates>-119.71275,37.58515,0 -119.24821,37.59492,0 -119.25787,37.91329,0 -119.7244,37.90341,0 -119.71275,37.58515,0</coordinates></LinearRing></outerBoundaryIs></Polygon></MultiGeometry></Placemark>
<Placemark><name>Merced Basin 2019-03-29</name><description>ASO lidar (NSIDC 2013-19) | overlaps UAVSAR: SMAP13,tuolum</description><Style><LineStyle><color>ffff00ff</color><width>3</width></LineStyle><PolyStyle><color>2dff00ff</color></PolyStyle></Style><MultiGeometry><Polygon><outerBoundaryIs><LinearRing><coordinates>-119.71275,37.58515,0 -119.24821,37.59492,0 -119.25787,37.91329,0 -119.7244,37.90341,0 -119.71275,37.58515,0</coordinates></LinearRing></outerBoundaryIs></Polygon></MultiGeometry></Placemark>
</Folder>
<Folder><name>Rush Creek, CA (lidar)</name>
<Placemark><name>Rush Creek 2015-03-26</name><description>ASO lidar (NSIDC 2013-19) | overlaps UAVSAR: SMAP13,sierra,tuolum</description><Style><LineStyle><color>ffff00ff</color><width>3</width></LineStyle><PolyStyle><color>2dff00ff</color></PolyStyle></Style><MultiGeometry><Polygon><outerBoundaryIs><LinearRing><coordinates>-119.26939,37.70338,0 -119.03756,37.70761,0 -119.04065,37.82021,0 -119.27283,37.81595,0 -119.26939,37.70338,0</coordinates></LinearRing></outerBoundaryIs></Polygon></MultiGeometry></Placemark>
</Folder>
<Folder><name>San Joaquin South Fork (SF), CA (lidar)</name>
<Placemark><name>San Joaquin South Fork (SF) 2018-04-23</name><description>ASO lidar (NSIDC 2013-19) | overlaps UAVSAR: SMAP13,sierra,tuolum</description><Style><LineStyle><color>ffff00ff</color><width>3</width></LineStyle><PolyStyle><color>2dff00ff</color></PolyStyle></Style><MultiGeometry><Polygon><outerBoundaryIs><LinearRing><coordinates>-119.70256,36.96191,0 -118.54448,36.98263,0 -118.56192,37.82737,0 -119.73305,37.80601,0 -119.70256,36.96191,0</coordinates></LinearRing></outerBoundaryIs></Polygon></MultiGeometry></Placemark>
<Placemark><name>San Joaquin South Fork (SF) 2019-03-17</name><description>ASO lidar (NSIDC 2013-19) | overlaps UAVSAR: SMAP13,sierra,tuolum</description><Style><LineStyle><color>ffff00ff</color><width>3</width></LineStyle><PolyStyle><color>2dff00ff</color></PolyStyle></Style><MultiGeometry><Polygon><outerBoundaryIs><LinearRing><coordinates>-119.70256,36.96191,0 -118.54448,36.98263,0 -118.56192,37.82737,0 -119.73305,37.80601,0 -119.70256,36.96191,0</coordinates></LinearRing></outerBoundaryIs></Polygon></MultiGeometry></Placemark>
</Folder>
<Folder><name>San Joaquin Basin, CA (lidar)</name>
<Placemark><name>San Joaquin Basin 2018-03-04</name><description>ASO lidar (NSIDC 2013-19) | overlaps UAVSAR: SMAP13,sierra,tuolum</description><Style><LineStyle><color>ffff00ff</color><width>3</width></LineStyle><PolyStyle><color>2dff00ff</color></PolyStyle></Style><MultiGeometry><Polygon><outerBoundaryIs><LinearRing><coordinates>-119.70256,36.96191,0 -118.54448,36.98263,0 -118.56192,37.82737,0 -119.73305,37.80601,0 -119.70256,36.96191,0</coordinates></LinearRing></outerBoundaryIs></Polygon></MultiGeometry></Placemark>
<Placemark><name>San Joaquin Basin 2018-04-22</name><description>ASO lidar (NSIDC 2013-19) | overlaps UAVSAR: SMAP13,sierra,tuolum</description><Style><LineStyle><color>ffff00ff</color><width>3</width></LineStyle><PolyStyle><color>2dff00ff</color></PolyStyle></Style><MultiGeometry><Polygon><outerBoundaryIs><LinearRing><coordinates>-119.70256,36.96191,0 -118.54448,36.98263,0 -118.56192,37.82737,0 -119.73305,37.80601,0 -119.70256,36.96191,0</coordinates></LinearRing></outerBoundaryIs></Polygon></MultiGeometry></Placemark>
<Placemark><name>San Joaquin Basin 2019-03-25</name><description>ASO lidar (NSIDC 2013-19) | overlaps UAVSAR: SMAP13,sierra,tuolum</description><Style><LineStyle><color>ffff00ff</color><width>3</width></LineStyle><PolyStyle><color>2dff00ff</color></PolyStyle></Style><MultiGeometry><Polygon><outerBoundaryIs><LinearRing><coordinates>-119.70256,36.96191,0 -118.54448,36.98263,0 -118.56192,37.82737,0 -119.73305,37.80601,0 -119.70256,36.96191,0</coordinates></LinearRing></outerBoundaryIs></Polygon></MultiGeometry></Placemark>
</Folder>
<Folder><name>Tuolumne Basin, CA (lidar)</name>
<Placemark><name>Tuolumne Basin 2013-04-03</name><description>ASO lidar (NSIDC 2013-19) | overlaps UAVSAR: SMAP13,tuolum | outside 2014-2021</description><Style><LineStyle><color>ffff00ff</color><width>3</width></LineStyle><PolyStyle><color>2dff00ff</color></PolyStyle></Style><MultiGeometry><Polygon><outerBoundaryIs><LinearRing><coordinates>-119.78855,37.72817,0 -119.18648,37.74088,0 -119.19998,38.19435,0 -119.80575,38.18143,0 -119.78855,37.72817,0</coordinates></LinearRing></outerBoundaryIs></Polygon></MultiGeometry></Placemark>
<Placemark><name>Tuolumne Basin 2013-04-29</name><description>ASO lidar (NSIDC 2013-19) | overlaps UAVSAR: SMAP13,tuolum | outside 2014-2021</description><Style><LineStyle><color>ffff00ff</color><width>3</width></LineStyle><PolyStyle><color>2dff00ff</color></PolyStyle></Style><MultiGeometry><Polygon><outerBoundaryIs><LinearRing><coordinates>-119.78855,37.72817,0 -119.18648,37.74088,0 -119.19998,38.19435,0 -119.80575,38.18143,0 -119.78855,37.72817,0</coordinates></LinearRing></outerBoundaryIs></Polygon></MultiGeometry></Placemark>
<Placemark><name>Tuolumne Basin 2014-03-23</name><description>ASO lidar (NSIDC 2013-19) | overlaps UAVSAR: SMAP13,tuolum</description><Style><LineStyle><color>ffff00ff</color><width>3</width></LineStyle><PolyStyle><color>2dff00ff</color></PolyStyle></Style><MultiGeometry><Polygon><outerBoundaryIs><LinearRing><coordinates>-119.78855,37.72817,0 -119.18648,37.74088,0 -119.19998,38.19435,0 -119.80575,38.18143,0 -119.78855,37.72817,0</coordinates></LinearRing></outerBoundaryIs></Polygon></MultiGeometry></Placemark>
<Placemark><name>Tuolumne Basin 2014-04-07</name><description>ASO lidar (NSIDC 2013-19) | overlaps UAVSAR: SMAP13,tuolum</description><Style><LineStyle><color>ffff00ff</color><width>3</width></LineStyle><PolyStyle><color>2dff00ff</color></PolyStyle></Style><MultiGeometry><Polygon><outerBoundaryIs><LinearRing><coordinates>-119.78855,37.72817,0 -119.18648,37.74088,0 -119.19998,38.19435,0 -119.80575,38.18143,0 -119.78855,37.72817,0</coordinates></LinearRing></outerBoundaryIs></Polygon></MultiGeometry></Placemark>
<Placemark><name>Tuolumne Basin 2014-04-20</name><description>ASO lidar (NSIDC 2013-19) | overlaps UAVSAR: SMAP13,tuolum</description><Style><LineStyle><color>ffff00ff</color><width>3</width></LineStyle><PolyStyle><color>2dff00ff</color></PolyStyle></Style><MultiGeometry><Polygon><outerBoundaryIs><LinearRing><coordinates>-119.78855,37.72817,0 -119.18648,37.74088,0 -119.19998,38.19435,0 -119.80575,38.18143,0 -119.78855,37.72817,0</coordinates></LinearRing></outerBoundaryIs></Polygon></MultiGeometry></Placemark>
<Placemark><name>Tuolumne Basin 2014-04-28</name><description>ASO lidar (NSIDC 2013-19) | overlaps UAVSAR: SMAP13,tuolum</description><Style><LineStyle><color>ffff00ff</color><width>3</width></LineStyle><PolyStyle><color>2dff00ff</color></PolyStyle></Style><MultiGeometry><Polygon><outerBoundaryIs><LinearRing><coordinates>-119.78855,37.72817,0 -119.18648,37.74088,0 -119.19998,38.19435,0 -119.80575,38.18143,0 -119.78855,37.72817,0</coordinates></LinearRing></outerBoundaryIs></Polygon></MultiGeometry></Placemark>
<Placemark><name>Tuolumne Basin 2015-02-17</name><description>ASO lidar (NSIDC 2013-19) | overlaps UAVSAR: SMAP13,tuolum</description><Style><LineStyle><color>ffff00ff</color><width>3</width></LineStyle><PolyStyle><color>2dff00ff</color></PolyStyle></Style><MultiGeometry><Polygon><outerBoundaryIs><LinearRing><coordinates>-119.78855,37.72817,0 -119.18648,37.74088,0 -119.19998,38.19435,0 -119.80575,38.18143,0 -119.78855,37.72817,0</coordinates></LinearRing></outerBoundaryIs></Polygon></MultiGeometry></Placemark>
<Placemark><name>Tuolumne Basin 2015-03-05</name><description>ASO lidar (NSIDC 2013-19) | overlaps UAVSAR: SMAP13,tuolum</description><Style><LineStyle><color>ffff00ff</color><width>3</width></LineStyle><PolyStyle><color>2dff00ff</color></PolyStyle></Style><MultiGeometry><Polygon><outerBoundaryIs><LinearRing><coordinates>-119.78855,37.72817,0 -119.18648,37.74088,0 -119.19998,38.19435,0 -119.80575,38.18143,0 -119.78855,37.72817,0</coordinates></LinearRing></outerBoundaryIs></Polygon></MultiGeometry></Placemark>
<Placemark><name>Tuolumne Basin 2015-03-25</name><description>ASO lidar (NSIDC 2013-19) | overlaps UAVSAR: SMAP13,tuolum</description><Style><LineStyle><color>ffff00ff</color><width>3</width></LineStyle><PolyStyle><color>2dff00ff</color></PolyStyle></Style><MultiGeometry><Polygon><outerBoundaryIs><LinearRing><coordinates>-119.78855,37.72817,0 -119.18648,37.74088,0 -119.19998,38.19435,0 -119.80575,38.18143,0 -119.78855,37.72817,0</coordinates></LinearRing></outerBoundaryIs></Polygon></MultiGeometry></Placemark>
<Placemark><name>Tuolumne Basin 2015-04-03</name><description>ASO lidar (NSIDC 2013-19) | overlaps UAVSAR: SMAP13,tuolum</description><Style><LineStyle><color>ffff00ff</color><width>3</width></LineStyle><PolyStyle><color>2dff00ff</color></PolyStyle></Style><MultiGeometry><Polygon><outerBoundaryIs><LinearRing><coordinates>-119.78855,37.72817,0 -119.18648,37.74088,0 -119.19998,38.19435,0 -119.80575,38.18143,0 -119.78855,37.72817,0</coordinates></LinearRing></outerBoundaryIs></Polygon></MultiGeometry></Placemark>
<Placemark><name>Tuolumne Basin 2015-04-09</name><description>ASO lidar (NSIDC 2013-19) | overlaps UAVSAR: SMAP13,tuolum</description><Style><LineStyle><color>ffff00ff</color><width>3</width></LineStyle><PolyStyle><color>2dff00ff</color></PolyStyle></Style><MultiGeometry><Polygon><outerBoundaryIs><LinearRing><coordinates>-119.78855,37.72817,0 -119.18648,37.74088,0 -119.19998,38.19435,0 -119.80575,38.18143,0 -119.78855,37.72817,0</coordinates></LinearRing></outerBoundaryIs></Polygon></MultiGeometry></Placemark>
<Placemark><name>Tuolumne Basin 2015-04-15</name><description>ASO lidar (NSIDC 2013-19) | overlaps UAVSAR: SMAP13,tuolum</description><Style><LineStyle><color>ffff00ff</color><width>3</width></LineStyle><PolyStyle><color>2dff00ff</color></PolyStyle></Style><MultiGeometry><Polygon><outerBoundaryIs><LinearRing><coordinates>-119.78855,37.72817,0 -119.18648,37.74088,0 -119.19998,38.19435,0 -119.80575,38.18143,0 -119.78855,37.72817,0</coordinates></LinearRing></outerBoundaryIs></Polygon></MultiGeometry></Placemark>
<Placemark><name>Tuolumne Basin 2015-04-27</name><description>ASO lidar (NSIDC 2013-19) | overlaps UAVSAR: SMAP13,tuolum</description><Style><LineStyle><color>ffff00ff</color><width>3</width></LineStyle><PolyStyle><color>2dff00ff</color></PolyStyle></Style><MultiGeometry><Polygon><outerBoundaryIs><LinearRing><coordinates>-119.78855,37.72817,0 -119.18648,37.74088,0 -119.19998,38.19435,0 -119.80575,38.18143,0 -119.78855,37.72817,0</coordinates></LinearRing></outerBoundaryIs></Polygon></MultiGeometry></Placemark>
<Placemark><name>Tuolumne Basin 2016-03-26</name><description>ASO lidar (NSIDC 2013-19) | overlaps UAVSAR: SMAP13,tuolum</description><Style><LineStyle><color>ffff00ff</color><width>3</width></LineStyle><PolyStyle><color>2dff00ff</color></PolyStyle></Style><MultiGeometry><Polygon><outerBoundaryIs><LinearRing><coordinates>-119.9191,37.72123,0 -119.1839,37.73715,0 -119.19889,38.24106,0 -119.93913,38.22484,0 -119.9191,37.72123,0</coordinates></LinearRing></outerBoundaryIs></Polygon></MultiGeometry></Placemark>
<Placemark><name>Tuolumne Basin 2016-04-01</name><description>ASO lidar (NSIDC 2013-19) | overlaps UAVSAR: SMAP13,tuolum</description><Style><LineStyle><color>ffff00ff</color><width>3</width></LineStyle><PolyStyle><color>2dff00ff</color></PolyStyle></Style><MultiGeometry><Polygon><outerBoundaryIs><LinearRing><coordinates>-119.9191,37.72123,0 -119.1839,37.73715,0 -119.19889,38.24106,0 -119.93913,38.22484,0 -119.9191,37.72123,0</coordinates></LinearRing></outerBoundaryIs></Polygon></MultiGeometry></Placemark>
<Placemark><name>Tuolumne Basin 2016-04-07</name><description>ASO lidar (NSIDC 2013-19) | overlaps UAVSAR: SMAP13,tuolum</description><Style><LineStyle><color>ffff00ff</color><width>3</width></LineStyle><PolyStyle><color>2dff00ff</color></PolyStyle></Style><MultiGeometry><Polygon><outerBoundaryIs><LinearRing><coordinates>-119.9191,37.72123,0 -119.1839,37.73715,0 -119.19889,38.24106,0 -119.93913,38.22484,0 -119.9191,37.72123,0</coordinates></LinearRing></outerBoundaryIs></Polygon></MultiGeometry></Placemark>
<Placemark><name>Tuolumne Basin 2016-04-16</name><description>ASO lidar (NSIDC 2013-19) | overlaps UAVSAR: SMAP13,tuolum</description><Style><LineStyle><color>ffff00ff</color><width>3</width></LineStyle><PolyStyle><color>2dff00ff</color></PolyStyle></Style><MultiGeometry><Polygon><outerBoundaryIs><LinearRing><coordinates>-119.9191,37.72123,0 -119.1839,37.73715,0 -119.19889,38.24106,0 -119.93913,38.22484,0 -119.9191,37.72123,0</coordinates></LinearRing></outerBoundaryIs></Polygon></MultiGeometry></Placemark>
<Placemark><name>Tuolumne Basin 2016-04-26</name><description>ASO lidar (NSIDC 2013-19) | overlaps UAVSAR: SMAP13,tuolum</description><Style><LineStyle><color>ffff00ff</color><width>3</width></LineStyle><PolyStyle><color>2dff00ff</color></PolyStyle></Style><MultiGeometry><Polygon><outerBoundaryIs><LinearRing><coordinates>-119.9191,37.72123,0 -119.1839,37.73715,0 -119.19889,38.24106,0 -119.93913,38.22484,0 -119.9191,37.72123,0</coordinates></LinearRing></outerBoundaryIs></Polygon></MultiGeometry></Placemark>
<Placemark><name>Tuolumne Basin 2017-01-29</name><description>ASO lidar (NSIDC 2013-19) | overlaps UAVSAR: SMAP13,tuolum</description><Style><LineStyle><color>ffff00ff</color><width>3</width></LineStyle><PolyStyle><color>2dff00ff</color></PolyStyle></Style><MultiGeometry><Polygon><outerBoundaryIs><LinearRing><coordinates>-119.9191,37.72123,0 -119.1839,37.73715,0 -119.19889,38.24106,0 -119.93913,38.22484,0 -119.9191,37.72123,0</coordinates></LinearRing></outerBoundaryIs></Polygon></MultiGeometry></Placemark>
<Placemark><name>Tuolumne Basin 2018-04-23</name><description>ASO lidar (NSIDC 2013-19) | overlaps UAVSAR: SMAP13,tuolum</description><Style><LineStyle><color>ffff00ff</color><width>3</width></LineStyle><PolyStyle><color>2dff00ff</color></PolyStyle></Style><MultiGeometry><Polygon><outerBoundaryIs><LinearRing><coordinates>-119.9191,37.72123,0 -119.1839,37.73715,0 -119.19889,38.24106,0 -119.93913,38.22484,0 -119.9191,37.72123,0</coordinates></LinearRing></outerBoundaryIs></Polygon></MultiGeometry></Placemark>
</Folder>
<Folder><name>Tuolumne East (TE), CA (lidar)</name>
<Placemark><name>Tuolumne East (TE) 2017-01-29</name><description>ASO lidar (NSIDC 2013-19) | overlaps UAVSAR: SMAP13,tuolum</description><Style><LineStyle><color>ffff00ff</color><width>3</width></LineStyle><PolyStyle><color>2dff00ff</color></PolyStyle></Style><MultiGeometry><Polygon><outerBoundaryIs><LinearRing><coordinates>-119.9191,37.72123,0 -119.1839,37.73715,0 -119.19889,38.24106,0 -119.93913,38.22484,0 -119.9191,37.72123,0</coordinates></LinearRing></outerBoundaryIs></Polygon></MultiGeometry></Placemark>
<Placemark><name>Tuolumne East (TE) 2019-03-24</name><description>ASO lidar (NSIDC 2013-19) | overlaps UAVSAR: SMAP13,tuolum</description><Style><LineStyle><color>ffff00ff</color><width>3</width></LineStyle><PolyStyle><color>2dff00ff</color></PolyStyle></Style><MultiGeometry><Polygon><outerBoundaryIs><LinearRing><coordinates>-119.9191,37.72123,0 -119.1839,37.73715,0 -119.19889,38.24106,0 -119.93913,38.22484,0 -119.9191,37.72123,0</coordinates></LinearRing></outerBoundaryIs></Polygon></MultiGeometry></Placemark>
<Placemark><name>Tuolumne East (TE) 2019-04-17</name><description>ASO lidar (NSIDC 2013-19) | overlaps UAVSAR: SMAP13,tuolum</description><Style><LineStyle><color>ffff00ff</color><width>3</width></LineStyle><PolyStyle><color>2dff00ff</color></PolyStyle></Style><MultiGeometry><Polygon><outerBoundaryIs><LinearRing><coordinates>-119.9191,37.72123,0 -119.1839,37.73715,0 -119.19889,38.24106,0 -119.93913,38.22484,0 -119.9191,37.72123,0</coordinates></LinearRing></outerBoundaryIs></Polygon></MultiGeometry></Placemark>
</Folder>
<Folder><name>Animas Basin, CO (lidar)</name>
<Placemark><name>Animas Basin 2021-04-19</name><description>ASO Animas (not in CMR) | overlaps UAVSAR: irnton,tellur | ASO Animas (not in CMR)</description><Style><LineStyle><color>ffff00ff</color><width>3</width></LineStyle><PolyStyle><color>2dff00ff</color></PolyStyle></Style><MultiGeometry><Polygon><outerBoundaryIs><LinearRing><coordinates>-107.57309752596503,37.961789711307155,0 -107.58754971831176,37.952011252568965,0 -107.59792366279832,37.93961801289693,0 -107.61251168512199,37.93388838082496,0 -107.61703637033409,37.9171179488436,0 -107.62091827410002,37.91432828895182,0 -107.63208393816231,37.92444123679552,0 -107.63718262146568,37.92387647589122,0 -107.65199287230163,37.90867583073516,0 -107.66111614340974,37.90937083096512,0 -107.66598594027596,37.90250255928546,0 -107.6808224412833,37.90396746560986,0 -107.68296411717797,37.90031438226993,0 -107.68869426995717,37.90153513000091,0 -107.69461495872416,37.892389030378084,0 -107.70717760786158,37.893902696581314,0 -107.70907984278138,37.89926525130138,0 -107.72151117034467,37.8971761617007,0 -107.73828512331053,37.90489632726361,0 -107.7431639924402,37.89847527638821,0 -107.74881104777367,37.89744238800719,0 -107.75031405707038,37.8920009475693,0 -107.75592691733162,37.89006747424813,0 -107.75565829791998,37.88286536055278,0 -107.76001681934336,37.87780740024413,0 -107.7662467531908,37.87721054659401,0 -107.77499488067203,37.867994025179875,0 -107.78237636199079,37.86781968646986,0 -107.77937770012453,37.84851799686305,0 -107.78498648189726,37.846583282311094,0 -107.78249588359178,37.84078537200292,0 -107.78975583735861,37.83745980978285,0 -107.79600560043986,37.82244416194823,0 -107.80855767856654,37.823947396932276,0 -107.82853885778835,37.81175529296417,0 -107.82896871166547,37.80814077900057,0 -107.82429285524523,37.8046488761906,0 -107.82805781929625,37.799152200200744,0 -107.82224813486872,37.795687435211875,0 -107.8242941295403,37.78978154981732,0 -107.83594671846848,37.78274357064978,0 -107.8407060524723,37.77361836001449,0 -107.86063949614255,37.775388359290744,0 -107.86881462174277,37.7666295457009,0 -107.86979193510255,37.76255103657594,0 -107.86288426800442,37.760016048731295,0 -107.86157686184993,37.75554259980959,0 -107.86578198181749,37.74688040885869,0 -107.87567127727269,37.73852994839456,0 -107.87272543399217,37.721031431255724,0 -107.87704945941329,37.715519618774515,0 -107.88112026835424,37.71812326645309,0 -107.90325295640687,37.71848090426557,0 -107.910530640352,37.716048710072684,0 -107.91150515458179,37.71196994576324,0 -107.92843053285274,37.70974834164541,0 -107.93664394511256,37.70233559136978,0 -107.95270130839577,37.70688992142468,0 -107.96873407358481,37.69657564751289,0 -107.97007392003812,37.68753156810046,0 -107.97442467883516,37.68291666112484,0 -107.96918436159349,37.67944469912956,0 -107.95664357285956,37.649124782748714,0 -107.95920572666763,37.642302695547905,0 -107.97321185748527,37.63834609457441,0 -107.97455058310261,37.6293019542844,0 -107.98851730894636,37.624443539717106,0 -107.99547562217379,37.614355569113826,0 -108.0011332470822,37.614211691202065,0 -108.00533302595471,37.605995416849375,0 -108.01429322587938,37.603514114392496,0 -108.01343684212058,37.596327746688516,0 -108.01681236034221,37.59579092031056,0 -108.01721428316438,37.59172599272389,0 -108.02285186171238,37.59113109788484,0 -108.01791085207012,37.56692974701211,0 -108.0217048376248,37.562777957390054,0 -108.0196269833553,37.5533702962357,0 -108.02371255350549,37.54245321526761,0 -108.0346332126769,37.53271195155448,0 -108.03140663654094,37.50891741409663,0 -108.03740203134727,37.50335703192032,0 -108.03244589938748,37.47870588015398,0 -108.03605269765254,37.47005327912838,0 -108.03304741925606,37.46562531636262,0 -108.03452281212226,37.46018114638512,0 -108.01742230880171,37.4565647147716,0 -108.00396885569955,37.44519410708553,0 -108.01212908422232,37.4373273089095,0 -108.00987663866773,37.42341843839986,0 -108.01486517160984,37.42103857498211,0 -108.01282939948484,37.412530523186774,0 -107.99792579833336,37.40705285623217,0 -107.99538206243413,37.399908923666615,0 -107.9885943631937,37.399630305741326,0 -107.97877197638878,37.394021480788105,0 -107.97386755886359,37.3842333314937,0 -107.96872012389915,37.38256064641466,0 -107.96240648939117,37.36559881474081,0 -107.94376209956019,37.36516364712936,0 -107.93808973592024,37.34998652854887,0 -107.9264988493943,37.34216437688353,0 -107.92718926837873,37.33088378117333,0 -107.92366760701832,37.327366603431415,0 -107.92837765088275,37.30337134972225,0 -107.92105859790763,37.28913500533456,0 -107.91435039979086,37.29065213694338,0 -107.90839606917078,37.29710634236739,0 -107.89992737128928,37.29686377485661,0 -107.87603773674506,37.276721972076174,0 -107.86603513652457,37.28056916441774,0 -107.86123811218047,37.287894106157296,0 -107.85128423689974,37.293090554799576,0 -107.8400834586306,37.295162276058946,0 -107.83088262395212,37.290426798153064,0 -107.81931986868007,37.29791186051493,0 -107.7975777166034,37.304735969334295,0 -107.79943533395976,37.30919755934051,0 -107.79376957670097,37.32374931828062,0 -107.80714266708992,37.34956461371646,0 -107.79782440822297,37.35699438057543,0 -107.79576923670656,37.362449639509485,0 -107.78462299338413,37.36631720261682,0 -107.78548680058626,37.37440679767809,0 -107.77513474201508,37.38456251916318,0 -107.75985321015523,37.38356875190086,0 -107.74617675866803,37.3956018219496,0 -107.7371488793978,37.39581130167404,0 -107.73204613285937,37.41079775405388,0 -107.72758024461567,37.412252613571106,0 -107.71250886839488,37.432874682252724,0 -107.71181869580755,37.44505554462564,0 -107.72008229235718,37.45477771503875,0 -107.72176685409278,37.47005772916375,0 -107.70743918364406,37.48029932224679,0 -107.7076180082777,37.485251314454565,0 -107.69990349882484,37.49083464046599,0 -107.70308558472978,37.500674002314966,0 -107.69141352566525,37.506347354362276,0 -107.68290406078181,37.52140936985657,0 -107.6805454533642,37.5345290235343,0 -107.67566685898925,37.540496937672835,0 -107.67623054719628,37.556253510626895,0 -107.67070175618149,37.575752546305246,0 -107.65594721711894,37.574734004041446,0 -107.6544262366419,37.57972432510895,0 -107.63942343565668,37.587720395474705,0 -107.60670441042123,37.59115134322551,0 -107.600841475037,37.60164358157986,0 -107.5941293585756,37.60404419337782,0 -107.59143751256867,37.62437843403795,0 -107.59547807700162,37.62654234575239,0 -107.5956974278573,37.63284529599467,0 -107.59149721437906,37.64239935311325,0 -107.58267238842599,37.64935133697163,0 -107.58474584522838,37.66011921713003,0 -107.57796567959917,37.66071824618634,0 -107.57316428800401,37.66938370714617,0 -107.55862376572291,37.675106912268404,0 -107.57424428573958,37.68422843015153,0 -107.57633338577726,37.69544662300022,0 -107.57180071624106,37.69554563132703,0 -107.56942554825902,37.692443564599664,0 -107.55812518285975,37.69359051709499,0 -107.55161959815815,37.70229210982199,0 -107.53437557862313,37.71212593012445,0 -107.53645972811852,37.72334497189027,0 -107.54215863016438,37.72412325111836,0 -107.54188437108779,37.73268970242199,0 -107.55186148889452,37.74238616870029,0 -107.55892015008685,37.76611226033082,0 -107.55368265850072,37.77884136370469,0 -107.55462202412421,37.78963418512943,0 -107.54531771372173,37.799747786339644,0 -107.53349473698677,37.80270609783638,0 -107.52946133426369,37.800990619941665,0 -107.53130193574304,37.80500601787187,0 -107.52590375685378,37.81323187436145,0 -107.51801987856246,37.815202975454525,0 -107.52283602848935,37.82320976873736,0 -107.51668440597491,37.82604475530061,0 -107.51573273250371,37.831471704610394,0 -107.51768063366305,37.83863885408871,0 -107.52232962683759,37.841693158439,0 -107.51774089828973,37.8571100794591,0 -107.52552251824298,37.868657567580954,0 -107.53534706634993,37.873402293726045,0 -107.53669926858181,37.87968078859778,0 -107.53229401674004,37.8838305994189,0 -107.53304724379761,37.88922092951897,0 -107.52685989572913,37.89115617333455,0 -107.52646115066929,37.89612073852579,0 -107.5203959433405,37.90165739267055,0 -107.52852004654667,37.90643903467867,0 -107.52879759254917,37.914542865735555,0 -107.53638630307952,37.92023652393253,0 -107.53426761583681,37.92478762718517,0 -107.53847842247136,37.93145495025546,0 -107.53264328763179,37.94374540360249,0 -107.53674669972492,37.94726128272366,0 -107.56202755425784,37.95437231595916,0 -107.56453679374027,37.96107568615765,0 -107.57309752596503,37.961789711307155,0</coordinates></LinearRing></outerBoundaryIs></Polygon></MultiGeometry></Placemark>
</Folder>
<Folder><name>Blue River, CO (lidar)</name>
<Placemark><name>Blue River 2019-04-19</name><description>ASO lidar (NSIDC 2013-19) | overlaps UAVSAR: fraser</description><Style><LineStyle><color>ffff00ff</color><width>3</width></LineStyle><PolyStyle><color>2dff00ff</color></PolyStyle></Style><MultiGeometry><Polygon><outerBoundaryIs><LinearRing><coordinates>-106.25948,39.35348,0 -105.77091,39.35775,0 -105.77444,39.67624,0 -106.26525,39.67193,0 -106.25948,39.35348,0</coordinates></LinearRing></outerBoundaryIs></Polygon></MultiGeometry></Placemark>
</Folder>
<Folder><name>Crested Butte / East River, CO (lidar)</name>
<Placemark><name>Crested Butte / East River 2016-04-04</name><description>ASO lidar (NSIDC 2013-19) | overlaps UAVSAR: peeler</description><Style><LineStyle><color>ffff00ff</color><width>3</width></LineStyle><PolyStyle><color>2dff00ff</color></PolyStyle></Style><MultiGeometry><Polygon><outerBoundaryIs><LinearRing><coordinates>-107.13714,38.75375,0 -106.85936,38.7585,0 -106.86781,39.0814,0 -107.14685,39.07659,0 -107.13714,38.75375,0</coordinates></LinearRing></outerBoundaryIs></Polygon></MultiGeometry></Placemark>
<Placemark><name>Crested Butte / East River 2018-03-30</name><description>ASO lidar (NSIDC 2013-19) | overlaps UAVSAR: peeler</description><Style><LineStyle><color>ffff00ff</color><width>3</width></LineStyle><PolyStyle><color>2dff00ff</color></PolyStyle></Style><MultiGeometry><Polygon><outerBoundaryIs><LinearRing><coordinates>-107.13714,38.75375,0 -106.85936,38.7585,0 -106.86781,39.0814,0 -107.14685,39.07659,0 -107.13714,38.75375,0</coordinates></LinearRing></outerBoundaryIs></Polygon></MultiGeometry></Placemark>
<Placemark><name>Crested Butte / East River 2020-02-14</name><description>ASO SnowEx20 (East River, flown Feb 14-20) | overlaps UAVSAR: peeler | ASO SnowEx20 (East River, flown Feb 14-20)</description><Style><LineStyle><color>ffff00ff</color><width>3</width></LineStyle><PolyStyle><color>2dff00ff</color></PolyStyle></Style><MultiGeometry><Polygon><outerBoundaryIs><LinearRing><coordinates>-106.82183128954424,38.76317191935244,0 -106.81196140025594,38.759721090355384,0 -106.80855571744314,38.76157600630206,0 -106.80012931133382,38.74683833519303,0 -106.80626238031701,38.739084524540566,0 -106.80490823069181,38.73099572166964,0 -106.81064650014113,38.73045642221437,0 -106.81111909064145,38.726394236231414,0 -106.81622499035164,38.72361176150583,0 -106.81020319201873,38.71289219412966,0 -106.82327519371171,38.70683198923782,0 -106.82997716453481,38.699068062296774,0 -106.84066311607785,38.66736236085673,0 -106.84861264832325,38.66363260899714,0 -106.8596313038779,38.66751276983077,0 -106.88538631734302,38.663495995083416,0 -106.88337994624868,38.65271533968834,0 -106.88989298691523,38.638192927101066,0 -106.88447751461814,38.62881891326274,0 -106.8853898191663,38.61979334213907,0 -106.90123717575314,38.610976510559105,0 -106.92308093964346,38.590345011846374,0 -106.93161553736196,38.587501155338124,0 -106.92971839202647,38.60240037581678,0 -106.93678677390399,38.60904168990136,0 -106.94720302231873,38.612022549304974,0 -106.9606961809965,38.60143473202956,0 -106.96255278075643,38.60635954270909,0 -106.97002600141,38.606684464624365,0 -106.97554951617767,38.61965693936171,0 -106.9848827882301,38.62490537969626,0 -106.98397054388032,38.6334810654442,0 -106.98803919048848,38.63521412114082,0 -106.98956110143848,38.64870432205031,0 -106.99487921294062,38.654020141139185,0 -106.9889981362616,38.669889039725916,0 -106.97483570364811,38.677337665592376,0 -106.98415172094028,38.68168527127051,0 -106.98320164985793,38.68890992771993,0 -106.96946131427411,38.690944355156,0 -106.96552546694248,38.694164335410356,0 -106.96849732837886,38.69771859804912,0 -106.96511109266007,38.700028240972436,0 -106.96041884722678,38.71767782544045,0 -106.95171094651064,38.71466982808129,0 -106.95388745309029,38.71012812986953,0 -106.95149048084699,38.70656390351409,0 -106.95433955747028,38.70561523470938,0 -106.95141701200299,38.703861925918694,0 -106.95655247072038,38.702424477920864,0 -106.95977928021466,38.69426081027632,0 -106.95267562582544,38.68672059130535,0 -106.962968466223,38.68474607796276,0 -106.9628084850572,38.67889180972476,0 -106.95991142873915,38.67803934099854,0 -106.96209869599619,38.67394783506247,0 -106.93337551300198,38.67442633771048,0 -106.93421672583698,38.68432423394128,0 -106.92510839949853,38.68762833139316,0 -106.93222144238098,38.69562063310614,0 -106.92952979814913,38.70242312835876,0 -106.92554316556442,38.70384047414006,0 -106.92693441376609,38.712828252915855,0 -106.92131925895684,38.717876575093,0 -106.91457992627988,38.74546976102169,0 -106.90125823162653,38.74208299313111,0 -106.90076680957463,38.745244727705945,0 -106.88582730974763,38.7459373122635,0 -106.88344422647508,38.74282199952326,0 -106.89131644827648,38.73593682785536,0 -106.88488512767827,38.73198591130995,0 -106.91015856337695,38.73067449040725,0 -106.90778695846087,38.72801001968602,0 -106.912853011962,38.72387239833186,0 -106.90808629900266,38.71764282003397,0 -106.88064789200719,38.72394451595062,0 -106.87736362407054,38.730304832135104,0 -106.85435431011267,38.73022164250896,0 -106.86249707237407,38.73369645872692,0 -106.859774097584,38.73959680512507,0 -106.8546571979853,38.74193081004776,0 -106.85763742940296,38.74593830445268,0 -106.83619819392136,38.739969617595946,0 -106.82998785520267,38.74457241546613,0 -106.81209235930355,38.74214804770669,0 -106.80704177649223,38.74718218810488,0 -106.81463202562377,38.75156995660664,0 -106.81122679431294,38.75342494185639,0 -106.8291480955317,38.756750084833804,0 -106.82865340364609,38.759911589111574,0 -106.8217740156218,38.760920125041466,0 -106.82183128954424,38.76317191935244,0</coordinates></LinearRing></outerBoundaryIs></Polygon><Polygon><outerBoundaryIs><LinearRing><coordinates>-106.99627430448575,39.03378631868135,0 -106.97301737922388,39.028325534893575,0 -106.96672936738895,39.03068431554476,0 -106.96379284140147,39.02893176347148,0 -106.96403359991916,39.01676389559536,0 -106.94492350333627,39.01483161231421,0 -106.93426371955853,39.00509759351127,0 -106.91793354781431,38.999060066533424,0 -106.90989057270248,39.00054359705354,0 -106.90735236294682,38.99202531848262,0 -106.88421090954006,38.9901488505421,0 -106.87739363635319,38.99431344169609,0 -106.87657266928743,39.00694115535432,0 -106.86047082845121,39.00945171554125,0 -106.84777547898902,38.98757808194894,0 -106.82905563066464,38.977961638927866,0 -106.81702022855997,38.98130338019151,0 -106.81059311416001,38.978249653097144,0 -106.7990653072053,38.97887852729726,0 -106.79709529933866,38.96944788803614,0 -106.78888283624559,38.964167804340846,0 -106.76598758250742,38.97172502527743,0 -106.75362785680848,38.96199987650501,0 -106.75499169052426,38.94711196076582,0 -106.74759546936706,38.92785021653608,0 -106.76434575130996,38.905522224577595,0 -106.75881375959463,38.891639245484214,0 -106.77339356116245,38.8751995239449,0 -106.77479708282821,38.86211275227204,0 -106.78804569083155,38.861910612952826,0 -106.78903970224533,38.85558793151144,0 -106.79476544472769,38.85414846412992,0 -106.80030925879778,38.84550300156714,0 -106.80065805535253,38.83648696140932,0 -106.79429014458347,38.83523337513887,0 -106.78934532760566,38.82179320832884,0 -106.81317038260295,38.80745919812204,0 -106.81248066440752,38.80296455302901,0 -106.80496451473729,38.801729330262084,0 -106.8233257201399,38.77666471345661,0 -106.8531840364193,38.77394223821805,0 -106.87400056334386,38.777664995482006,0 -106.8880338048128,38.785999165723176,0 -106.9092746216186,38.78385181761812,0 -106.91054394003825,38.76671086482378,0 -106.93504686314004,38.757747523100406,0 -106.93807132609045,38.741928784001786,0 -106.97301003471921,38.736388264718116,0 -106.98340897837654,38.73801435098614,0 -106.98930855803376,38.74332042214888,0 -107.00887111243466,38.7434362790293,0 -107.01815979164105,38.7464299142175,0 -107.02477763804275,38.75667753588427,0 -107.02450800952805,38.767494827143985,0 -107.03326361162948,38.77184802356941,0 -107.05568389569622,38.77100513965083,0 -107.06496500567413,38.773544594277666,0 -107.06133218418375,38.76730143002162,0 -107.06154441118949,38.7546830243848,0 -107.03692968247955,38.718622071735226,0 -107.03751658763323,38.69878858259671,0 -107.02624272421195,38.686369701947584,0 -107.01765532170847,38.66714535454995,0 -107.02388474873659,38.663883962738325,0 -107.03147862219507,38.66825758800376,0 -107.03652048566202,38.66366456051186,0 -107.04982032795472,38.66658586663839,0 -107.0560739346328,38.664223409566056,0 -107.06141094918203,38.66998632461782,0 -107.07000082457579,38.66893349699867,0 -107.0792820548845,38.671922504235184,0 -107.09238825634186,38.66808445471857,0 -107.10078479010693,38.68009811250715,0 -107.12247862748812,38.69457357369228,0 -107.13751104617752,38.69745331210057,0 -107.15525533962095,38.69487486470982,0 -107.1605211769074,38.69793130297211,0 -107.17079542781359,38.69548833610806,0 -107.18703370218597,38.70014135242056,0 -107.18845747248697,38.70912508806227,0 -107.19966577667792,38.71837555167163,0 -107.20717874777876,38.71958544999759,0 -107.20298838311331,38.75165117116405,0 -107.20724915639842,38.75922950361977,0 -107.18694591542453,38.772676273469585,0 -107.19075519889066,38.78431826741019,0 -107.18572915616298,38.789368078582086,0 -107.17933225849188,38.78723503701392,0 -107.17249716533057,38.78961493919679,0 -107.16864744233736,38.79554317077968,0 -107.15776994360833,38.79754669264792,0 -107.15815040071183,38.81015407375991,0 -107.15424415903637,38.814280823313034,0 -107.13808927946974,38.81322616336692,0 -107.12957731818477,38.81743633199282,0 -107.12093071123961,38.81714317249647,0 -107.11467959414054,38.81995963367159,0 -107.11316590536691,38.8271952934131,0 -107.09772949144623,38.83107774977356,0 -107.0886898985973,38.837096513312694,0 -107.09929106283951,38.84501568528187,0 -107.10619585446685,38.864263459879794,0 -107.09997983580345,38.8684300688387,0 -107.10134398158229,38.875613740438375,0 -107.08609407363403,38.886249088491816,0 -107.08176122795778,38.895787231577145,0 -107.09101997248493,38.896973260074056,0 -107.09751721421563,38.902262820166975,0 -107.10003451734732,38.90942573532947,0 -107.11972234859732,38.912223363430726,0 -107.11606181483688,38.944275936556494,0 -107.10561324625189,38.96158427827228,0 -107.10777056881032,38.9759615375336,0 -107.10335576599797,38.982798825392635,0 -107.10257509881396,38.99542706218566,0 -107.09744860713467,38.997771898101085,0 -107.09551260172,39.01042084524851,0 -107.08363973677136,38.999370942979816,0 -107.07845958410849,38.99991388344347,0 -107.07720013407223,38.99633226863982,0 -107.06613203809886,38.99292480999639,0 -107.06541103035434,38.98798199337264,0 -107.05030628010134,38.98464441963976,0 -107.04578160454669,38.98787743267109,0 -107.04430990476571,38.99691341722891,0 -107.04814871635396,39.009910800239226,0 -107.04599592378014,39.015354680326624,0 -107.04028884192873,39.01770720996624,0 -107.02053566779595,39.013546056964145,0 -107.00827103322203,39.02907522452369,0 -106.99627430448575,39.03378631868135,0</coordinates></LinearRing></outerBoundaryIs></Polygon></MultiGeometry></Placemark>
</Folder>
<Folder><name>Castle/Maroon, CO (lidar)</name>
<Placemark><name>Castle/Maroon 2019-04-07</name><description>ASO lidar (NSIDC 2013-19) | overlaps UAVSAR: peeler</description><Style><LineStyle><color>ffff00ff</color><width>3</width></LineStyle><PolyStyle><color>2dff00ff</color></PolyStyle></Style><MultiGeometry><Polygon><outerBoundaryIs><LinearRing><coordinates>-107.01155,38.96713,0 -106.72715,38.97169,0 -106.73225,39.1802,0 -107.01748,39.17561,0 -107.01155,38.96713,0</coordinates></LinearRing></outerBoundaryIs></Polygon></MultiGeometry></Placemark>
</Folder>
<Folder><name>Cameron Pass, CO (lidar)</name>
<Placemark><name>Cameron Pass 2021-03-19</name><description>QSI lidar 0.5m/3m (SNEX20_QSI_SD[_3m]) | overlaps UAVSAR: rockmt</description><Style><LineStyle><color>ffff00ff</color><width>3</width></LineStyle><PolyStyle><color>2dff00ff</color></PolyStyle></Style><MultiGeometry><Polygon><outerBoundaryIs><LinearRing><coordinates>-105.917,40.5041,0 -105.861,40.5046,0 -105.862,40.5726,0 -105.918,40.5722,0 -105.917,40.5041,0</coordinates></LinearRing></outerBoundaryIs></Polygon></MultiGeometry></Placemark>
</Folder>
<Folder><name>Dolores Basin, CO (lidar)</name>
<Placemark><name>Dolores Basin 2021-04-20</name><description>ASO Dolores (not in CMR; flown Apr 20-21) | overlaps UAVSAR: irnton | ASO Dolores (not in CMR; flown Apr 20-21)</description><Style><LineStyle><color>ffff00ff</color><width>3</width></LineStyle><PolyStyle><color>2dff00ff</color></PolyStyle></Style><MultiGeometry><Polygon><outerBoundaryIs><LinearRing><coordinates>-107.98868424399524,37.856533218661944,0 -108.00693878683093,37.85474653675883,0 -108.01083922692519,37.856647720008695,0 -108.03134587260197,37.85536493883174,0 -108.03603108828257,37.85187901173833,0 -108.04686929203855,37.85080002832845,0 -108.05749765352786,37.84070459708404,0 -108.06904120343339,37.850453429689544,0 -108.0904850516577,37.839722838652506,0 -108.09557513389656,37.84029910054588,0 -108.09864503959948,37.84893459757889,0 -108.11317444779782,37.855148668850646,0 -108.1246675994995,37.85182597995548,0 -108.12606514272986,37.84510237986737,0 -108.14015692510405,37.83328172744053,0 -108.14791120771031,37.8384256268435,0 -108.14976983804887,37.83441598599404,0 -108.16395782189218,37.83475876820651,0 -108.16865297034087,37.830817133801865,0 -108.17541143286984,37.832331106918815,0 -108.18302888364222,37.82620637045155,0 -108.20880286117433,37.820513099357505,0 -108.2123343645828,37.83231047033875,0 -108.21849264245193,37.83470881337125,0 -108.2178235824354,37.83739615326611,0 -108.23531756885558,37.840511604786016,0 -108.2463682100106,37.84888020941401,0 -108.26005913160917,37.84739767949892,0 -108.30392448668847,37.8285873848074,0 -108.3144342034633,37.82071802286245,0 -108.31861848277644,37.81495644467281,0 -108.32068114018423,37.78932277339607,0 -108.30718164236946,37.785861033750294,0 -108.30562718075107,37.78177063639381,0 -108.29554918705864,37.77793529478694,0 -108.28858753334174,37.76651178331262,0 -108.27946507756012,37.76765299164852,0 -108.26950637449691,37.76066446955216,0 -108.27335485151028,37.74858916723274,0 -108.26963468789393,37.741744940545225,0 -108.26344895790878,37.74024977801178,0 -108.25884560551698,37.72662666089847,0 -108.28344628888607,37.72088899965739,0 -108.30208261834804,37.723119429645266,0 -108.31223804309893,37.70893422471254,0 -108.32446133798614,37.700201556106535,0 -108.32952819127952,37.701217586674474,0 -108.34273659250499,37.6965601934067,0 -108.35332501287623,37.70175450528874,0 -108.35610335330193,37.687399365865495,0 -108.36430526446938,37.67992376292896,0 -108.36210332401545,37.678072303452296,0 -108.35237813495424,37.68055751804334,0 -108.35024057733963,37.67690509628557,0 -108.34564512445716,37.67860387751209,0 -108.33594894696797,37.664418149114965,0 -108.32814986882242,37.660637246147076,0 -108.32840815773783,37.65343434931372,0 -108.33703019405012,37.65002505425396,0 -108.35125893091899,37.632323613843305,0 -108.35082079747671,37.62870936524225,0 -108.35591519323485,37.62882371605749,0 -108.36412622935464,37.620897620726424,0 -108.35886474262132,37.60951608316244,0 -108.3781405120652,37.59282511509138,0 -108.37663628894101,37.57116498201646,0 -108.38633056882296,37.56912736816411,0 -108.38427294294593,37.56322451547107,0 -108.38953592336337,37.55838493888257,0 -108.392268987728,37.54492859865773,0 -108.39848870721065,37.54506588475239,0 -108.40491147977437,37.539350015478576,0 -108.40505199140586,37.53529805355138,0 -108.41594934352551,37.53103154263243,0 -108.42055818353148,37.512208689560936,0 -108.42564493334599,37.51231973779601,0 -108.42744876268637,37.50920510934339,0 -108.4572964455575,37.51300578855735,0 -108.46151234328262,37.50543686832981,0 -108.46838556651623,37.5028810529455,0 -108.47137841743253,37.497988930364016,0 -108.49710934091017,37.48952579563223,0 -108.50075483980301,37.481943274776796,0 -108.49399658509567,37.46422767310712,0 -108.44838151538288,37.45919577263201,0 -108.41909679161952,37.4725269949932,0 -108.41497186170693,37.47739299133459,0 -108.3886400786162,37.47050568552421,0 -108.38124971869938,37.47169370786341,0 -108.37649455723528,37.47834659032455,0 -108.36731366260167,37.48219729117472,0 -108.34314906083246,37.47805152278623,0 -108.33519249463392,37.479223890154984,0 -108.31787509278692,37.489194563805256,0 -108.31834343101983,37.49190853870881,0 -108.3109823956143,37.49219165546623,0 -108.29451262936055,37.50983748115076,0 -108.28138430565915,37.51314024083696,0 -108.2797961481184,37.525719064013074,0 -108.27112079979133,37.53092537157602,0 -108.26602304590305,37.5465765607717,0 -108.2430596376341,37.55550368788359,0 -108.21809699626726,37.55717043551432,0 -108.21451989867886,37.56204199260474,0 -108.20997932226852,37.56238523674559,0 -108.20552284748516,37.56047759349481,0 -108.2034630632244,37.55502229506461,0 -108.18788548655898,37.54789392398523,0 -108.1637292348247,37.54326085910311,0 -108.14497278102239,37.530644013808434,0 -108.13966480213782,37.52150474404973,0 -108.1262918123814,37.516223963527246,0 -108.13218763974848,37.49519216152173,0 -108.11650833321153,37.49120589602381,0 -108.11161513477299,37.48613037486555,0 -108.09765083300552,37.48173305981369,0 -108.0730604446979,37.459950901220665,0 -108.08055399851136,37.44166451381205,0 -108.07896556532963,37.43892202596473,0 -108.05305293239951,37.436926652693465,0 -108.04832501857634,37.44221495847121,0 -108.04379140181757,37.442552084666026,0 -108.03275879945272,37.46435131305204,0 -108.03593326559944,37.46983739641915,0 -108.03278927919625,37.47786792426487,0 -108.03638669162478,37.48696884909363,0 -108.03428259602738,37.497278128064906,0 -108.03747620922616,37.502314128208894,0 -108.03558548051735,37.50722244632075,0 -108.03099435967401,37.50890913996367,0 -108.03420601537837,37.51349515436577,0 -108.03174969040307,37.51838917911744,0 -108.03456946121737,37.53287688185249,0 -108.02585948255938,37.538514464096245,0 -108.01961570544847,37.5532241513037,0 -108.02148248691343,37.56318278596287,0 -108.01791060995679,37.56759775203558,0 -108.02263217380016,37.59114412321845,0 -108.01694025288003,37.59190131803685,0 -108.01395026100514,37.59588031881843,0 -108.0136081704867,37.604431515470694,0 -108.00505056371647,37.60601653449202,0 -108.00074697557908,37.6144669664079,0 -107.9939034419034,37.615644223674195,0 -107.98844815427891,37.624515305471554,0 -107.97466744648088,37.6291181074339,0 -107.97256783571599,37.638975484066975,0 -107.95998889116181,37.6418053108272,0 -107.95690188267616,37.648032797522625,0 -107.9692223947655,37.67943549899854,0 -107.97473847102812,37.68318133627895,0 -107.97002507431975,37.68756531744459,0 -107.96850739239328,37.6969869678571,0 -107.95337626986053,37.70650779327401,0 -107.94431332209028,37.70627304982327,0 -107.94162924615237,37.702599350002814,0 -107.9365316487175,37.70246689609286,0 -107.9282860958449,37.709910748011175,0 -107.91118059745112,37.71216645386421,0 -107.91044580915003,37.71620169824312,0 -107.90296898833175,37.71870834519772,0 -107.88144215399925,37.71814033709478,0 -107.87700480738393,37.71577027370478,0 -107.87281234323075,37.72106500565825,0 -107.87547335070404,37.73870501509261,0 -107.86606531555398,37.746563930036544,0 -107.86171800224544,37.75545803418701,0 -107.86266130478477,37.759988115180214,0 -107.86993479087636,37.76243418268644,0 -107.86137115191103,37.777072480484634,0 -107.87029010022671,37.78091389273378,0 -107.872916154873,37.785939116005004,0 -107.88601397189994,37.784934859057074,0 -107.89036123816562,37.78955473863273,0 -107.88837677920297,37.79625972126735,0 -107.89153393310363,37.802199579895884,0 -107.90329339010744,37.806113544138356,0 -107.91530277388442,37.81769134632054,0 -107.91730957291219,37.82405088521855,0 -107.93610570136113,37.8227397919543,0 -107.94722943388311,37.82843488490813,0 -107.950336987563,37.83572345532829,0 -107.97149763268071,37.83221548917934,0 -107.98458376626009,37.845616141556555,0 -107.98868424399524,37.856533218661944,0</coordinates></LinearRing></outerBoundaryIs></Polygon></MultiGeometry></Placemark>
</Folder>
<Folder><name>Fraser Experimental Forest, CO (lidar)</name>
<Placemark><name>Fraser Experimental Forest 2020-02-11</name><description>QSI lidar 0.5m/3m (SNEX20_QSI_SD[_3m]) | overlaps UAVSAR: fraser</description><Style><LineStyle><color>ffff00ff</color><width>3</width></LineStyle><PolyStyle><color>2dff00ff</color></PolyStyle></Style><MultiGeometry><Polygon><outerBoundaryIs><LinearRing><coordinates>-105.9,39.8385,0 -105.846,39.8389,0 -105.847,39.9179,0 -105.901,39.91749,0 -105.9,39.8385,0</coordinates></LinearRing></outerBoundaryIs></Polygon></MultiGeometry></Placemark>
<Placemark><name>Fraser Experimental Forest 2021-03-19</name><description>QSI lidar 0.5m/3m (SNEX20_QSI_SD[_3m]) | overlaps UAVSAR: fraser</description><Style><LineStyle><color>ffff00ff</color><width>3</width></LineStyle><PolyStyle><color>2dff00ff</color></PolyStyle></Style><MultiGeometry><Polygon><outerBoundaryIs><LinearRing><coordinates>-105.942,39.8362,0 -105.846,39.8369,0 -105.847,39.9323,0 -105.943,39.9315,0 -105.942,39.8362,0</coordinates></LinearRing></outerBoundaryIs></Polygon></MultiGeometry></Placemark>
</Folder>
<Folder><name>Gunnison East / East River, CO (lidar)</name>
<Placemark><name>Gunnison East / East River 2018-03-31</name><description>ASO lidar (NSIDC 2013-19) | overlaps UAVSAR: peeler</description><Style><LineStyle><color>ffff00ff</color><width>3</width></LineStyle><PolyStyle><color>2dff00ff</color></PolyStyle></Style><MultiGeometry><Polygon><outerBoundaryIs><LinearRing><coordinates>-107.23874,38.63454,0 -106.7082,38.6435,0 -106.71938,39.10874,0 -107.25338,39.09963,0 -107.23874,38.63454,0</coordinates></LinearRing></outerBoundaryIs></Polygon></MultiGeometry></Placemark>
<Placemark><name>Gunnison East / East River 2019-04-07</name><description>ASO lidar (NSIDC 2013-19) | overlaps UAVSAR: peeler</description><Style><LineStyle><color>ffff00ff</color><width>3</width></LineStyle><PolyStyle><color>2dff00ff</color></PolyStyle></Style><MultiGeometry><Polygon><outerBoundaryIs><LinearRing><coordinates>-107.23874,38.63454,0 -106.7082,38.6435,0 -106.71938,39.10874,0 -107.25338,39.09963,0 -107.23874,38.63454,0</coordinates></LinearRing></outerBoundaryIs></Polygon></MultiGeometry></Placemark>
</Folder>
<Folder><name>Grand Mesa, CO (lidar)</name>
<Placemark><name>Grand Mesa 2017-02-08</name><description>ASO SnowEx17; approx footprint | overlaps UAVSAR: GrMesa,grmesa | ASO SnowEx17; approx footprint</description><Style><LineStyle><color>ffff00ff</color><width>3</width></LineStyle><PolyStyle><color>2dff00ff</color></PolyStyle></Style><MultiGeometry><Polygon><outerBoundaryIs><LinearRing><coordinates>-108.21093,39.00921,0 -108.15901,39.00796,0 -108.15775,39.03946,0 -108.20969,39.04071,0 -108.21093,39.00921,0</coordinates></LinearRing></outerBoundaryIs></Polygon></MultiGeometry></Placemark>
<Placemark><name>Grand Mesa 2017-02-16</name><description>ASO SnowEx17; approx footprint | overlaps UAVSAR: GrMesa,grmesa | ASO SnowEx17; approx footprint</description><Style><LineStyle><color>ffff00ff</color><width>3</width></LineStyle><PolyStyle><color>2dff00ff</color></PolyStyle></Style><MultiGeometry><Polygon><outerBoundaryIs><LinearRing><coordinates>-108.21093,39.00921,0 -108.15901,39.00796,0 -108.15775,39.03946,0 -108.20969,39.04071,0 -108.21093,39.00921,0</coordinates></LinearRing></outerBoundaryIs></Polygon></MultiGeometry></Placemark>
<Placemark><name>Grand Mesa 2017-02-20</name><description>ASO SnowEx17 (ASO_3M_SD granule); approx footprint | overlaps UAVSAR: GrMesa,grmesa | ASO SnowEx17 (ASO_3M_SD granule); approx footprint</description><Style><LineStyle><color>ffff00ff</color><width>3</width></LineStyle><PolyStyle><color>2dff00ff</color></PolyStyle></Style><MultiGeometry><Polygon><outerBoundaryIs><LinearRing><coordinates>-108.21093,39.00921,0 -108.15901,39.00796,0 -108.15775,39.03946,0 -108.20969,39.04071,0 -108.21093,39.00921,0</coordinates></LinearRing></outerBoundaryIs></Polygon></MultiGeometry></Placemark>
<Placemark><name>Grand Mesa 2017-02-21</name><description>ASO SnowEx17 (ASO_3M_SD granule); approx footprint | overlaps UAVSAR: GrMesa,grmesa | ASO SnowEx17 (ASO_3M_SD granule); approx footprint</description><Style><LineStyle><color>ffff00ff</color><width>3</width></LineStyle><PolyStyle><color>2dff00ff</color></PolyStyle></Style><MultiGeometry><Polygon><outerBoundaryIs><LinearRing><coordinates>-108.21093,39.00921,0 -108.15901,39.00796,0 -108.15775,39.03946,0 -108.20969,39.04071,0 -108.21093,39.00921,0</coordinates></LinearRing></outerBoundaryIs></Polygon></MultiGeometry></Placemark>
<Placemark><name>Grand Mesa 2017-02-25</name><description>ASO SnowEx17; approx footprint | overlaps UAVSAR: GrMesa,grmesa | ASO SnowEx17; approx footprint</description><Style><LineStyle><color>ffff00ff</color><width>3</width></LineStyle><PolyStyle><color>2dff00ff</color></PolyStyle></Style><MultiGeometry><Polygon><outerBoundaryIs><LinearRing><coordinates>-108.21093,39.00921,0 -108.15901,39.00796,0 -108.15775,39.03946,0 -108.20969,39.04071,0 -108.21093,39.00921,0</coordinates></LinearRing></outerBoundaryIs></Polygon></MultiGeometry></Placemark>
<Placemark><name>Grand Mesa 2020-02-01</name><description>ASO SnowEx20 (flown Feb 1-2) | overlaps UAVSAR: GrMesa,grmesa | ASO SnowEx20 (flown Feb 1-2)</description><Style><LineStyle><color>ffff00ff</color><width>3</width></LineStyle><PolyStyle><color>2dff00ff</color></PolyStyle></Style><MultiGeometry><Polygon><outerBoundaryIs><LinearRing><coordinates>-108.23592618330025,39.06267012489429,0 -108.23302230936831,39.063051665436994,0 -108.23340619019758,39.068015780935156,0 -108.21778382226728,39.068544733938964,0 -108.21758929904283,39.07349507311052,0 -108.21185137634083,39.07245701181594,0 -108.21138039528606,39.069743025766556,0 -108.20034049645331,39.07128010735063,0 -108.1655024580281,39.046564018484816,0 -108.13271801828256,39.04305933737598,0 -108.11239322422485,39.0457106354614,0 -108.0872434106505,39.03922897781202,0 -108.06354871075557,39.05349894649464,0 -108.042623173353,39.05657327140137,0 -108.00965962147096,39.07104683123306,0 -107.99509150528394,39.00580913771815,0 -108.0217322939059,39.00379021904248,0 -108.0325075373102,38.99460574197861,0 -108.03579806727217,38.99874343940589,0 -108.03280201891273,39.0013698698082,0 -108.03741529992408,39.00148720543356,0 -108.04575080133269,38.99539254474243,0 -108.04329440574288,38.998933814129465,0 -108.04788885806376,38.99950069822365,0 -108.04982452713155,38.994594821259795,0 -108.05382347594853,38.99559684048197,0 -108.05196280343026,38.998702908647374,0 -108.06872289978308,38.998224657582554,0 -108.10536469856851,38.99148262186901,0 -108.1455116850887,38.99787792215354,0 -108.18597002170628,38.99660924072879,0 -108.20653660264946,39.0020588637625,0 -108.22717333908103,39.02056981484453,0 -108.22718722194594,39.034984749841904,0 -108.23166288711938,39.03869478821463,0 -108.23180054496446,39.049959452292775,0 -108.2373264423623,39.05639695535176,0 -108.23437012528407,39.05812865550578,0 -108.23592618330025,39.06267012489429,0</coordinates></LinearRing></outerBoundaryIs></Polygon></MultiGeometry></Placemark>
<Placemark><name>Grand Mesa 2020-02-13</name><description>ASO SnowEx20 | overlaps UAVSAR: GrMesa,grmesa | ASO SnowEx20</description><Style><LineStyle><color>ffff00ff</color><width>3</width></LineStyle><PolyStyle><color>2dff00ff</color></PolyStyle></Style><MultiGeometry><Polygon><outerBoundaryIs><LinearRing><coordinates>-108.20034049645331,39.07128010735063,0 -108.1655024580281,39.046564018484816,0 -108.13271801828256,39.04305933737598,0 -108.11239322422485,39.0457106354614,0 -108.0872434106505,39.03922897781202,0 -108.06354871075557,39.05349894649464,0 -108.042623173353,39.05657327140137,0 -108.00965962147096,39.07104683123306,0 -107.99509150528394,39.00580913771815,0 -108.0217322939059,39.00379021904248,0 -108.03239467801723,38.997305522353095,0 -108.02902909385845,38.994967586861485,0 -108.03481395423894,38.9946644298908,0 -108.03280201891273,39.0013698698082,0 -108.03741529992408,39.00148720543356,0 -108.04575080133269,38.99539254474243,0 -108.04329440574288,38.998933814129465,0 -108.04788885806376,38.99950069822365,0 -108.04982452713155,38.994594821259795,0 -108.05382347594853,38.99559684048197,0 -108.05196280343026,38.998702908647374,0 -108.06872289978308,38.998224657582554,0 -108.10536469856851,38.99148262186901,0 -108.1455116850887,38.99787792215354,0 -108.18368108594647,38.99610351509574,0 -108.20540081724043,39.001581187011595,0 -108.22717333908103,39.02056981484453,0 -108.22718722194594,39.034984749841904,0 -108.23166288711938,39.03869478821463,0 -108.23180054496446,39.049959452292775,0 -108.23730889210962,39.05684699478423,0 -108.23437012528407,39.05812865550578,0 -108.23592618330025,39.06267012489429,0 -108.23302230936831,39.063051665436994,0 -108.23517323909728,39.067156811347076,0 -108.21778382226728,39.068544733938964,0 -108.21758929904283,39.07349507311052,0 -108.21185137634083,39.07245701181594,0 -108.21138039528606,39.069743025766556,0 -108.20034049645331,39.07128010735063,0</coordinates></LinearRing></outerBoundaryIs></Polygon></MultiGeometry></Placemark>
<Placemark><name>Grand Mesa 2020-02-01</name><description>QSI lidar Grand Mesa IOP (SNEX20_GM_Lidar) | overlaps UAVSAR: GrMesa,grmesa</description><Style><LineStyle><color>ffff00ff</color><width>3</width></LineStyle><PolyStyle><color>2dff00ff</color></PolyStyle></Style><MultiGeometry><Polygon><outerBoundaryIs><LinearRing><coordinates>-108.21093,39.00921,0 -108.15901,39.00796,0 -108.15775,39.03946,0 -108.20969,39.04071,0 -108.21093,39.00921,0</coordinates></LinearRing></outerBoundaryIs></Polygon></MultiGeometry></Placemark>
</Folder>
<Folder><name>Gunnison Taylor, CO (lidar)</name>
<Placemark><name>Gunnison Taylor 2018-03-30</name><description>ASO lidar (NSIDC 2013-19) | overlaps UAVSAR: peeler</description><Style><LineStyle><color>ffff00ff</color><width>3</width></LineStyle><PolyStyle><color>2dff00ff</color></PolyStyle></Style><MultiGeometry><Polygon><outerBoundaryIs><LinearRing><coordinates>-106.8174,38.65442,0 -106.2912,38.66141,0 -106.29881,39.0808,0 -106.82811,39.0737,0 -106.8174,38.65442,0</coordinates></LinearRing></outerBoundaryIs></Polygon></MultiGeometry></Placemark>
<Placemark><name>Gunnison Taylor 2019-04-08</name><description>ASO lidar (NSIDC 2013-19) | overlaps UAVSAR: peeler</description><Style><LineStyle><color>ffff00ff</color><width>3</width></LineStyle><PolyStyle><color>2dff00ff</color></PolyStyle></Style><MultiGeometry><Polygon><outerBoundaryIs><LinearRing><coordinates>-106.8174,38.65442,0 -106.2912,38.66141,0 -106.29881,39.0808,0 -106.82811,39.0737,0 -106.8174,38.65442,0</coordinates></LinearRing></outerBoundaryIs></Polygon></MultiGeometry></Placemark>
<Placemark><name>Gunnison Taylor 2020-02-20</name><description>ASO SnowEx20 | overlaps UAVSAR: peeler | ASO SnowEx20</description><Style><LineStyle><color>ffff00ff</color><width>3</width></LineStyle><PolyStyle><color>2dff00ff</color></PolyStyle></Style><MultiGeometry><Polygon><outerBoundaryIs><LinearRing><coordinates>-106.70323718325076,39.05576199951873,0 -106.70997306805614,39.047553992648396,0 -106.74054983402631,39.04575000472742,0 -106.749134966176,39.0424678847383,0 -106.7446936433703,39.0263156144984,0 -106.75045620999704,39.025778736933496,0 -106.75607379317188,39.01938696282391,0 -106.76126956479523,39.01930861093997,0 -106.76847157821477,39.00703550789336,0 -106.77479830180613,39.0060383605114,0 -106.78213227480043,38.99916868819614,0 -106.78190631360306,38.99016167337124,0 -106.78580991718924,38.98469569251563,0 -106.80016683460592,38.98177188059207,0 -106.79595719522703,38.975078910234636,0 -106.7975627361012,38.970098417128426,0 -106.79222308649344,38.96432374702827,0 -106.78702010310771,38.96395303201933,0 -106.77783552056023,38.965895452760336,0 -106.77049321704025,38.97231446673335,0 -106.76411353038635,38.97105953364758,0 -106.75349579275456,38.961758541731484,0 -106.75485965145667,38.946870626416775,0 -106.7518984290036,38.943761424935396,0 -106.72710024913717,38.944131096242714,0 -106.72703467188597,38.94142888812941,0 -106.72063667860277,38.93927075182482,0 -106.71874354725954,38.93254069034139,0 -106.71244409199018,38.93443542311302,0 -106.70603635580342,38.9318260862499,0 -106.7023182478331,38.921067609803174,0 -106.69013629807344,38.918090925754115,0 -106.69049905068404,38.90907499886503,0 -106.68349669503696,38.90557193027446,0 -106.67867325662517,38.89663069595131,0 -106.67005982580756,38.89810585160178,0 -106.66536482812955,38.894568639120585,0 -106.65679396370231,38.8730648026987,0 -106.636442519655,38.865242116559486,0 -106.6314734354445,38.8495427358434,0 -106.62740057515323,38.84779740177445,0 -106.62884083673644,38.83516215144694,0 -106.60779571188077,38.82148691651507,0 -106.60885597916837,38.81741741799312,0 -106.60109929540087,38.80535927906133,0 -106.60262433220356,38.79632744783417,0 -106.58770992162448,38.79878383195887,0 -106.58035679486294,38.804740646303365,0 -106.56884426168496,38.80489582696504,0 -106.56527220343544,38.79953717390671,0 -106.55370173033303,38.7969883413,0 -106.55074577864951,38.79342322641497,0 -106.5264479321473,38.78788607166236,0 -106.5262174249793,38.777075863625434,0 -106.51610152531981,38.76143823348998,0 -106.52697446470826,38.758593347667265,0 -106.52230531817703,38.755500395473504,0 -106.52335047133592,38.75053069245239,0 -106.51735048367333,38.73889434601047,0 -106.52007325292955,38.73165009431772,0 -106.51479310472897,38.72676253684639,0 -106.52099410252305,38.720824792849434,0 -106.51673128129863,38.709616280423326,0 -106.53117845659379,38.68599899946456,0 -106.5068525166257,38.67730385013369,0 -106.49497286114324,38.68646752285432,0 -106.48466549398987,38.68840109404019,0 -106.47333745145366,38.696654459838584,0 -106.4515227612226,38.69827900556664,0 -106.44311798748282,38.709196494232174,0 -106.42530512404593,38.70986558353913,0 -106.4232109787256,38.72025398172287,0 -106.41643562924688,38.72664411343741,0 -106.41980136620931,38.751384006077245,0 -106.41474872115477,38.75775308772145,0 -106.41894526338592,38.766262792431725,0 -106.41342282014129,38.7780441883249,0 -106.41648725705349,38.787468747078755,0 -106.41254745787096,38.79202199778811,0 -106.42266346094164,38.80856975553137,0 -106.41471953021284,38.814523426469826,0 -106.41605838148683,38.82396881663873,0 -106.40751859807334,38.82902811518267,0 -106.3964451001391,38.82240273224183,0 -106.38323617625667,38.82436211571456,0 -106.38167412991142,38.83294112399249,0 -106.37025105002384,38.83803178579382,0 -106.36462064157435,38.84485600915493,0 -106.3647755848162,38.8529641513756,0 -106.34867961757335,38.854953361456126,0 -106.34886685664443,38.86486335974666,0 -106.33574139111782,38.87177252845989,0 -106.33530004502482,38.87898641111895,0 -106.32672275909563,38.88268860534187,0 -106.3256957135689,38.889458547726974,0 -106.32056674600646,38.89267053517771,0 -106.32551295911496,38.91063650784008,0 -106.33475451352653,38.91143230201837,0 -106.34562383377573,38.90680201870409,0 -106.35727407072235,38.912974826147874,0 -106.37213433534885,38.90604286867256,0 -106.37564547572165,38.9087048343381,0 -106.37649175954444,38.922661833390116,0 -106.38000389662501,38.92532364272491,0 -106.3925580411397,38.91841633732623,0 -106.39358786343149,38.91209638962044,0 -106.40278586551882,38.910634574806956,0 -106.41563046749492,38.91858933906696,0 -106.42043178844496,38.92799245917905,0 -106.43017168206289,38.92471970435489,0 -106.43689134875234,38.9147251865834,0 -106.46505869107489,38.91032014888148,0 -106.48489450043603,38.9213330793613,0 -106.49669132699991,38.93379757009009,0 -106.50424536616576,38.936403694530206,0 -106.50675241966177,38.945832698809426,0 -106.52656586350976,38.95503650278446,0 -106.52840287257402,38.959968375037775,0 -106.52164396926304,38.96771585795234,0 -106.5264820324148,38.97801501538075,0 -106.55043523575388,38.99121520773503,0 -106.55347851778234,38.998383269971754,0 -106.55982767663623,38.99829854209037,0 -106.57639632205967,38.99041674289453,0 -106.58510343660191,38.99255142172094,0 -106.59487436354017,38.99061611243416,0 -106.59907642334032,38.997767103889174,0 -106.61287753888101,38.99532443630262,0 -106.61413419740016,38.9998123677546,0 -106.62345160443068,39.00328730718284,0 -106.62942013407529,39.01176415220386,0 -106.63756443442774,39.0143532648251,0 -106.6376683436101,39.01885709491734,0 -106.64872146580241,39.022305590803334,0 -106.64667329801576,39.03359771942687,0 -106.65500989120439,39.04429234053805,0 -106.6647646344183,39.041450327448835,0 -106.6741111853242,39.04582176893732,0 -106.68448563008143,39.04477131004488,0 -106.69281844907589,39.05501268548946,0 -106.70323718325076,39.05576199951873,0</coordinates></LinearRing></outerBoundaryIs></Polygon></MultiGeometry></Placemark>
</Folder>
<Folder><name>Rio Grande, CO (lidar)</name>
<Placemark><name>Rio Grande 2015-04-07</name><description>ASO lidar (NSIDC 2013-19) | overlaps UAVSAR: Slumgl,tellur | CMR rect clipped to Rio Grande Headwaters watershed (approx)</description><Style><LineStyle><color>ffff00ff</color><width>3</width></LineStyle><PolyStyle><color>2dff00ff</color></PolyStyle></Style><MultiGeometry><Polygon><outerBoundaryIs><LinearRing><coordinates>-106.46380614442876,37.61275847409498,0 -106.464,37.6125,0 -106.4641,37.6117,0 -106.4641,37.6111,0 -106.4641,37.6103,0 -106.4641,37.6098,0 -106.4642,37.6095,0 -106.4642,37.6092,0 -106.4643,37.6091,0 -106.4646,37.6091,0 -106.4648,37.6091,0 -106.4652,37.6091,0 -106.4655,37.609,0 -106.4657,37.6089,0 -106.4659,37.6088,0 -106.4662,37.6086,0 -106.4664,37.6084,0 -106.4666,37.6082,0 -106.4669,37.608,0 -106.467,37.6079,0 -106.4672,37.6077,0 -106.4673,37.6074,0 -106.4677,37.6071,0 -106.468,37.6068,0 -106.4682,37.6065,0 -106.4684,37.6061,0 -106.4685,37.6053,0 -106.4686,37.6051,0 -106.4689,37.6047,0 -106.4692,37.6041,0 -106.4691,37.6036,0 -106.4689,37.6031,0 -106.4689,37.6025,0 -106.4689,37.6021,0 -106.4693,37.6014,0 -106.4694,37.6011,0 -106.4694,37.6008,0 -106.4694,37.6003,0 -106.4694,37.5998,0 -106.47,37.5992,0 -106.4704,37.5986,0 -106.4705,37.5982,0 -106.4708,37.5975,0 -106.4709,37.5972,0 -106.4713,37.5966,0 -106.4717,37.5961,0 -106.4722,37.5958,0 -106.4724,37.5955,0 -106.4729,37.595,0 -106.4732,37.5947,0 -106.4735,37.5946,0 -106.476,37.5943,0 -106.4769,37.5939,0 -106.4772,37.5938,0 -106.4778,37.5933,0 -106.4781,37.5929,0 -106.4784,37.5925,0 -106.4787,37.5923,0 -106.4788,37.5919,0 -106.479,37.5916,0 -106.4792,37.5912,0 -106.4794,37.591,0 -106.4799,37.591,0 -106.4806,37.5911,0 -106.4812,37.5912,0 -106.4817,37.591,0 -106.482,37.591,0 -106.4822,37.5907,0 -106.4826,37.5906,0 -106.483,37.5905,0 -106.4833,37.5905,0 -106.4838,37.5907,0 -106.484,37.5907,0 -106.4844,37.5907,0 -106.4857,37.5903,0 -106.4862,37.5901,0 -106.4867,37.59,0 -106.487,37.5897,0 -106.4874,37.5893,0 -106.4879,37.5888,0 -106.488,37.5887,0 -106.4884,37.5885,0 -106.4892,37.5885,0 -106.4897,37.5885,0 -106.4901,37.5883,0 -106.4903,37.588,0 -106.4904,37.5878,0 -106.4904,37.5876,0 -106.4905,37.5873,0 -106.491,37.5872,0 -106.4913,37.5872,0 -106.4915,37.587,0 -106.4917,37.5872,0 -106.4918,37.5872,0 -106.492,37.5873,0 -106.4924,37.5873,0 -106.4927,37.5872,0 -106.4931,37.5871,0 -106.4937,37.5869,0 -106.4939,37.5867,0 -106.494,37.5866,0 -106.4948,37.5862,0 -106.4951,37.5861,0 -106.4965,37.5855,0 -106.4971,37.5853,0 -106.4984,37.5846,0 -106.4993,37.5842,0 -106.4997,37.5839,0 -106.4999,37.5836,0 -106.4999,37.5829,0 -106.4999,37.5825,0 -106.4999,37.5823,0 -106.5,37.5821,0 -106.5002,37.582,0 -106.5011,37.5817,0 -106.5025,37.5813,0 -106.5036,37.5814,0 -106.5043,37.5813,0 -106.5047,37.5812,0 -106.5051,37.581,0 -106.5056,37.5808,0 -106.506,37.5805,0 -106.5064,37.5801,0 -106.5067,37.5797,0 -106.507,37.5791,0 -106.5071,37.5788,0 -106.5073,37.5785,0 -106.5076,37.5783,0 -106.5081,37.578,0 -106.5085,37.5778,0 -106.5094,37.5778,0 -106.5105,37.5779,0 -106.5113,37.5781,0 -106.5128,37.5782,0 -106.5147,37.5785,0 -106.5151,37.5785,0 -106.5167,37.5781,0 -106.518,37.5775,0 -106.519,37.5769,0 -106.5195,37.5767,0 -106.52,37.5765,0 -106.5204,37.5763,0 -106.5207,37.5762,0 -106.523,37.5769,0 -106.5237,37.5771,0 -106.5248,37.5773,0 -106.5256,37.5775,0 -106.5264,37.5779,0 -106.5267,37.5781,0 -106.5278,37.5786,0 -106.5293,37.5792,0 -106.5304,37.5795,0 -106.5322,37.5803,0 -106.5329,37.5807,0 -106.5335,37.5809,0 -106.5346,37.5811,0 -106.5351,37.5813,0 -106.536,37.5814,0 -106.5375,37.5818,0 -106.538,37.5819,0 -106.5389,37.582,0 -106.5394,37.5822,0 -106.5401,37.5823,0 -106.5406,37.5824,0 -106.5413,37.5825,0 -106.5414,37.5823,0 -106.5415,37.5822,0 -106.5419,37.5818,0 -106.5422,37.5817,0 -106.5425,37.5815,0 -106.543,37.5813,0 -106.5441,37.5807,0 -106.5445,37.5804,0 -106.545,37.5801,0 -106.5454,37.58,0 -106.5469,37.5802,0 -106.5477,37.5802,0 -106.5484,37.5802,0 -106.5495,37.5802,0 -106.5509,37.5799,0 -106.552,37.5793,0 -106.5524,37.579,0 -106.5531,37.5786,0 -106.5547,37.5776,0 -106.5555,37.5775,0 -106.5566,37.5775,0 -106.5566,37.5774,0 -106.5567,37.5769,0 -106.5567,37.5765,0 -106.5569,37.576,0 -106.557,37.5755,0 -106.5571,37.5752,0 -106.5572,37.5747,0 -106.5572,37.5745,0 -106.5573,37.5741,0 -106.5576,37.573,0 -106.5578,37.5725,0 -106.5581,37.5719,0 -106.5586,37.5713,0 -106.5589,37.5708,0 -106.5592,37.5703,0 -106.5594,37.5699,0 -106.5598,37.5696,0 -106.5602,37.5693,0 -106.5608,37.5689,0 -106.5613,37.5686,0 -106.5616,37.5683,0 -106.5626,37.5673,0 -106.5634,37.5655,0 -106.5636,37.5647,0 -106.5636,37.5644,0 -106.5637,37.5642,0 -106.5638,37.5638,0 -106.564,37.5616,0 -106.5642,37.5591,0 -106.5641,37.5581,0 -106.5641,37.5579,0 -106.5641,37.5578,0 -106.5647,37.5556,0 -106.5645,37.5537,0 -106.5644,37.5531,0 -106.5641,37.5524,0 -106.5645,37.5519,0 -106.5661,37.5513,0 -106.5679,37.5507,0 -106.5693,37.5501,0 -106.5701,37.5493,0 -106.5709,37.5484,0 -106.5718,37.5474,0 -106.5722,37.5464,0 -106.5724,37.5454,0 -106.5724,37.5449,0 -106.5723,37.5449,0 -106.5721,37.5442,0 -106.5712,37.5431,0 -106.5707,37.5424,0 -106.57,37.542,0 -106.5694,37.5415,0 -106.5686,37.5406,0 -106.5682,37.54,0 -106.5677,37.5391,0 -106.5673,37.5382,0 -106.5673,37.5377,0 -106.5673,37.537,0 -106.5676,37.5363,0 -106.5678,37.5358,0 -106.5679,37.5351,0 -106.568,37.534,0 -106.5679,37.5334,0 -106.5671,37.533,0 -106.5676,37.5324,0 -106.5678,37.532,0 -106.5679,37.5314,0 -106.5681,37.5305,0 -106.5683,37.5292,0 -106.5686,37.528,0 -106.5687,37.5276,0 -106.5687,37.5271,0 -106.5692,37.5266,0 -106.5699,37.5258,0 -106.5707,37.5251,0 -106.5709,37.5248,0 -106.5714,37.5243,0 -106.5718,37.5233,0 -106.5722,37.5227,0 -106.5724,37.5223,0 -106.5736,37.5219,0 -106.575,37.521,0 -106.5758,37.5205,0 -106.5765,37.5195,0 -106.5771,37.518,0 -106.5771,37.5176,0 -106.5771,37.5172,0 -106.5771,37.5168,0 -106.5771,37.5165,0 -106.5771,37.5161,0 -106.577,37.5157,0 -106.5769,37.5152,0 -106.5767,37.5147,0 -106.5766,37.5145,0 -106.5764,37.514,0 -106.5763,37.5127,0 -106.5761,37.5124,0 -106.5756,37.5116,0 -106.5754,37.5114,0 -106.5749,37.511,0 -106.5745,37.5106,0 -106.5742,37.5102,0 -106.5744,37.5095,0 -106.5748,37.5085,0 -106.575,37.5079,0 -106.5755,37.5073,0 -106.5756,37.5068,0 -106.5757,37.5061,0 -106.5757,37.5052,0 -106.5756,37.5043,0 -106.576,37.5039,0 -106.5766,37.5029,0 -106.5772,37.5019,0 -106.5772,37.5018,0 -106.5776,37.5014,0 -106.5779,37.5012,0 -106.5782,37.5009,0 -106.5784,37.5008,0 -106.5788,37.5004,0 -106.5789,37.5003,0 -106.5791,37.5001,0 -106.5795,37.4996,0 -106.5795,37.4984,0 -106.5795,37.4973,0 -106.5794,37.4969,0 -106.5792,37.4965,0 -106.579,37.4959,0 -106.5789,37.4954,0 -106.579,37.4946,0 -106.5793,37.4939,0 -106.5795,37.4928,0 -106.5797,37.492,0 -106.5799,37.4907,0 -106.5802,37.4901,0 -106.5802,37.4899,0 -106.5802,37.4895,0 -106.5801,37.4891,0 -106.5799,37.4885,0 -106.5795,37.4878,0 -106.5794,37.4871,0 -106.5795,37.4862,0 -106.5797,37.4852,0 -106.5799,37.485,0 -106.5803,37.4845,0 -106.5807,37.4841,0 -106.5809,37.4838,0 -106.5812,37.4823,0 -106.5813,37.4814,0 -106.5811,37.4806,0 -106.5811,37.48,0 -106.5812,37.4794,0 -106.5814,37.4791,0 -106.5821,37.4789,0 -106.5826,37.4788,0 -106.583,37.4789,0 -106.5831,37.4786,0 -106.5832,37.4781,0 -106.5831,37.4777,0 -106.5831,37.4774,0 -106.5832,37.477,0 -106.5833,37.4766,0 -106.5833,37.4764,0 -106.5835,37.4763,0 -106.5841,37.4755,0 -106.5846,37.475,0 -106.585,37.4744,0 -106.5853,37.4741,0 -106.5856,37.4739,0 -106.5858,37.4736,0 -106.5861,37.4732,0 -106.5865,37.4727,0 -106.5869,37.4725,0 -106.587,37.4722,0 -106.587,37.4714,0 -106.5873,37.4708,0 -106.5874,37.4704,0 -106.5874,37.4699,0 -106.5874,37.4691,0 -106.5875,37.4684,0 -106.5875,37.4681,0 -106.5876,37.4677,0 -106.5879,37.4673,0 -106.5881,37.4671,0 -106.5883,37.4669,0 -106.5884,37.4664,0 -106.5887,37.4658,0 -106.5889,37.4655,0 -106.5891,37.4651,0 -106.5893,37.4647,0 -106.59,37.4642,0 -106.5906,37.4638,0 -106.5913,37.4633,0 -106.5919,37.4629,0 -106.5924,37.4627,0 -106.5927,37.4625,0 -106.5929,37.462,0 -106.5931,37.4614,0 -106.5929,37.4608,0 -106.5929,37.4603,0 -106.5928,37.4598,0 -106.5929,37.4594,0 -106.5932,37.4587,0 -106.5934,37.4581,0 -106.5935,37.4575,0 -106.5936,37.457,0 -106.5936,37.4566,0 -106.5935,37.4562,0 -106.5933,37.4557,0 -106.5934,37.4552,0 -106.5933,37.4544,0 -106.5931,37.4538,0 -106.5932,37.4534,0 -106.5932,37.4532,0 -106.593,37.4528,0 -106.593,37.4524,0 -106.5932,37.4522,0 -106.5935,37.452,0 -106.5943,37.4517,0 -106.5947,37.4516,0 -106.5952,37.4516,0 -106.5955,37.4516,0 -106.5957,37.4515,0 -106.5961,37.4513,0 -106.5964,37.4511,0 -106.5966,37.4509,0 -106.597,37.4507,0 -106.5982,37.4506,0 -106.5992,37.4505,0 -106.5998,37.4504,0 -106.6006,37.4503,0 -106.6015,37.4503,0 -106.602,37.4503,0 -106.6025,37.4503,0 -106.6033,37.4505,0 -106.6037,37.4506,0 -106.6044,37.4507,0 -106.6046,37.4507,0 -106.6048,37.4506,0 -106.6055,37.4503,0 -106.6069,37.45,0 -106.608,37.4496,0 -106.6091,37.4492,0 -106.6095,37.4491,0 -106.6098,37.4491,0 -106.6103,37.4492,0 -106.6107,37.4493,0 -106.6115,37.4492,0 -106.6121,37.4489,0 -106.6132,37.4489,0 -106.6145,37.4486,0 -106.6152,37.4484,0 -106.6154,37.4484,0 -106.616,37.4482,0 -106.6164,37.448,0 -106.6167,37.448,0 -106.617,37.4479,0 -106.6183,37.4479,0 -106.6186,37.4479,0 -106.6191,37.4479,0 -106.6195,37.4478,0 -106.6199,37.4476,0 -106.6208,37.4471,0 -106.6212,37.447,0 -106.6219,37.4469,0 -106.6223,37.4469,0 -106.6228,37.4468,0 -106.6233,37.4466,0 -106.6239,37.4466,0 -106.6245,37.4467,0 -106.6251,37.4467,0 -106.6257,37.4468,0 -106.6257,37.4461,0 -106.6257,37.4457,0 -106.6259,37.4449,0 -106.626,37.4446,0 -106.6262,37.4441,0 -106.6267,37.4434,0 -106.6268,37.4426,0 -106.6268,37.4422,0 -106.6271,37.4418,0 -106.6272,37.4417,0 -106.6269,37.4416,0 -106.626,37.4414,0 -106.6255,37.4412,0 -106.6249,37.4411,0 -106.6242,37.4411,0 -106.6235,37.4411,0 -106.6229,37.4409,0 -106.6223,37.4407,0 -106.6217,37.4406,0 -106.621,37.4404,0 -106.6208,37.4402,0 -106.6204,37.4396,0 -106.6205,37.4392,0 -106.6206,37.4388,0 -106.6209,37.4386,0 -106.6213,37.4384,0 -106.6212,37.438,0 -106.6211,37.4375,0 -106.6212,37.4368,0 -106.6212,37.4365,0 -106.6211,37.4361,0 -106.6208,37.4357,0 -106.6205,37.4355,0 -106.6203,37.4354,0 -106.6203,37.435,0 -106.6203,37.4345,0 -106.6205,37.4343,0 -106.6206,37.434,0 -106.6208,37.4338,0 -106.6211,37.4335,0 -106.6214,37.433,0 -106.6215,37.4323,0 -106.6216,37.4317,0 -106.6217,37.4313,0 -106.6216,37.4308,0 -106.6214,37.4306,0 -106.6214,37.4304,0 -106.6213,37.4301,0 -106.6209,37.4298,0 -106.6206,37.4294,0 -106.6202,37.4288,0 -106.6201,37.4285,0 -106.6198,37.4281,0 -106.6194,37.428,0 -106.6187,37.4278,0 -106.618,37.4275,0 -106.6176,37.4269,0 -106.6168,37.426,0 -106.616,37.4255,0 -106.6153,37.4253,0 -106.6151,37.4252,0 -106.615,37.4248,0 -106.6148,37.4245,0 -106.6145,37.4243,0 -106.6139,37.4241,0 -106.6134,37.4239,0 -106.6128,37.4235,0 -106.6125,37.4232,0 -106.6123,37.4229,0 -106.6121,37.4226,0 -106.612,37.4222,0 -106.6118,37.4218,0 -106.6117,37.4215,0 -106.6112,37.4211,0 -106.6109,37.4208,0 -106.6103,37.4204,0 -106.6098,37.42,0 -106.6095,37.4198,0 -106.6091,37.4193,0 -106.6094,37.4189,0 -106.6101,37.4183,0 -106.6106,37.4179,0 -106.6109,37.4174,0 -106.6111,37.4171,0 -106.6113,37.4166,0 -106.6114,37.4163,0 -106.6115,37.4162,0 -106.6117,37.4159,0 -106.612,37.4155,0 -106.6124,37.4152,0 -106.6127,37.4149,0 -106.6131,37.4147,0 -106.6135,37.4143,0 -106.6138,37.4142,0 -106.6142,37.414,0 -106.6146,37.414,0 -106.6153,37.4138,0 -106.6156,37.4136,0 -106.6159,37.4135,0 -106.6163,37.4134,0 -106.6171,37.4135,0 -106.6175,37.4136,0 -106.618,37.4138,0 -106.6181,37.4138,0 -106.6179,37.4135,0 -106.6178,37.4134,0 -106.6175,37.4131,0 -106.6174,37.4126,0 -106.6174,37.4122,0 -106.6175,37.4119,0 -106.6176,37.4114,0 -106.6176,37.411,0 -106.6179,37.4113,0 -106.618,37.4114,0 -106.6185,37.4115,0 -106.6188,37.4117,0 -106.6191,37.4119,0 -106.6194,37.4121,0 -106.6198,37.4123,0 -106.6202,37.4127,0 -106.6203,37.4129,0 -106.6204,37.4131,0 -106.6208,37.4132,0 -106.621,37.4132,0 -106.6211,37.4131,0 -106.6215,37.4131,0 -106.6225,37.4132,0 -106.6232,37.4131,0 -106.6234,37.4131,0 -106.6238,37.4128,0 -106.6242,37.4126,0 -106.6247,37.4125,0 -106.6251,37.4123,0 -106.6255,37.4123,0 -106.6267,37.4123,0 -106.6277,37.4123,0 -106.6279,37.4123,0 -106.6279,37.4121,0 -106.6279,37.4118,0 -106.6278,37.4115,0 -106.6279,37.4112,0 -106.6282,37.4108,0 -106.6282,37.4105,0 -106.6283,37.4103,0 -106.6286,37.4099,0 -106.6289,37.4095,0 -106.6291,37.4095,0 -106.6294,37.4095,0 -106.63,37.4093,0 -106.6304,37.409,0 -106.6314,37.4084,0 -106.6316,37.4082,0 -106.6318,37.4081,0 -106.6322,37.4079,0 -106.6326,37.4078,0 -106.6333,37.4077,0 -106.6338,37.4076,0 -106.6344,37.4075,0 -106.6353,37.4075,0 -106.6358,37.4074,0 -106.6366,37.4075,0 -106.6371,37.4075,0 -106.638,37.4076,0 -106.6388,37.4074,0 -106.6396,37.4074,0 -106.6403,37.4075,0 -106.6407,37.4076,0 -106.641,37.4078,0 -106.6413,37.4078,0 -106.6413,37.4082,0 -106.6413,37.4085,0 -106.6414,37.4088,0 -106.6416,37.4091,0 -106.642,37.4096,0 -106.6426,37.4099,0 -106.643,37.4102,0 -106.6433,37.4104,0 -106.6434,37.4107,0 -106.6433,37.4111,0 -106.6433,37.4112,0 -106.6433,37.4114,0 -106.6434,37.4126,0 -106.6433,37.4128,0 -106.6437,37.4131,0 -106.6442,37.4135,0 -106.6445,37.4138,0 -106.6448,37.4139,0 -106.645,37.414,0 -106.6455,37.4142,0 -106.6462,37.4144,0 -106.6467,37.4145,0 -106.647,37.4147,0 -106.6473,37.4149,0 -106.6477,37.4153,0 -106.6481,37.4157,0 -106.6483,37.4161,0 -106.6486,37.4164,0 -106.6488,37.4167,0 -106.6488,37.417,0 -106.6489,37.4173,0 -106.6488,37.4177,0 -106.6487,37.4183,0 -106.6488,37.4187,0 -106.6492,37.4196,0 -106.6496,37.4201,0 -106.6498,37.4206,0 -106.65,37.4212,0 -106.6506,37.4212,0 -106.6513,37.4211,0 -106.6517,37.4212,0 -106.6521,37.4214,0 -106.6522,37.4216,0 -106.6523,37.4219,0 -106.6525,37.4222,0 -106.6531,37.4224,0 -106.6536,37.4223,0 -106.6541,37.4224,0 -106.6547,37.4225,0 -106.6556,37.4228,0 -106.656,37.4232,0 -106.6562,37.4235,0 -106.6563,37.424,0 -106.6563,37.4243,0 -106.6565,37.4245,0 -106.6566,37.4247,0 -106.6568,37.4249,0 -106.6573,37.4251,0 -106.6575,37.4252,0 -106.6574,37.4254,0 -106.6574,37.426,0 -106.6575,37.4268,0 -106.6576,37.4273,0 -106.6581,37.4276,0 -106.6584,37.4279,0 -106.659,37.4283,0 -106.6593,37.4286,0 -106.6603,37.4292,0 -106.6608,37.4296,0 -106.661,37.4297,0 -106.6614,37.4299,0 -106.6619,37.4301,0 -106.6622,37.4302,0 -106.663,37.4305,0 -106.6641,37.4309,0 -106.6645,37.431,0 -106.6651,37.4312,0 -106.6662,37.4314,0 -106.6671,37.4316,0 -106.6677,37.4318,0 -106.6682,37.4319,0 -106.6691,37.4322,0 -106.6694,37.4322,0 -106.67,37.4322,0 -106.6703,37.4322,0 -106.6711,37.4321,0 -106.6717,37.4321,0 -106.6725,37.4321,0 -106.6729,37.4321,0 -106.6735,37.4322,0 -106.6743,37.4323,0 -106.6754,37.4325,0 -106.6758,37.4326,0 -106.6761,37.4327,0 -106.6765,37.4329,0 -106.6769,37.4331,0 -106.6775,37.4334,0 -106.6779,37.4336,0 -106.6788,37.434,0 -106.6792,37.4341,0 -106.6797,37.4344,0 -106.6801,37.4345,0 -106.6803,37.4346,0 -106.6806,37.4347,0 -106.6806,37.4348,0 -106.6807,37.435,0 -106.6809,37.4352,0 -106.6811,37.4353,0 -106.6815,37.4354,0 -106.6816,37.4355,0 -106.6816,37.4356,0 -106.6814,37.4358,0 -106.6813,37.4363,0 -106.6813,37.4365,0 -106.6815,37.4369,0 -106.6817,37.4374,0 -106.6819,37.4378,0 -106.682,37.4379,0 -106.6821,37.4379,0 -106.6826,37.4378,0 -106.683,37.4378,0 -106.6835,37.438,0 -106.6842,37.4383,0 -106.6849,37.4386,0 -106.6854,37.4388,0 -106.686,37.4389,0 -106.6872,37.439,0 -106.6875,37.4389,0 -106.688,37.4389,0 -106.6884,37.4391,0 -106.689,37.4394,0 -106.6892,37.4396,0 -106.6895,37.44,0 -106.6898,37.4404,0 -106.6901,37.4407,0 -106.6903,37.441,0 -106.6906,37.4411,0 -106.6909,37.4413,0 -106.6916,37.4417,0 -106.6921,37.442,0 -106.6925,37.4422,0 -106.6927,37.4425,0 -106.693,37.4428,0 -106.6932,37.4431,0 -106.6936,37.4435,0 -106.6938,37.4437,0 -106.6942,37.444,0 -106.6946,37.4444,0 -106.695,37.4448,0 -106.6954,37.4451,0 -106.6959,37.4456,0 -106.6966,37.4462,0 -106.6971,37.4464,0 -106.6973,37.4466,0 -106.6975,37.4468,0 -106.6977,37.4472,0 -106.6979,37.4476,0 -106.6983,37.4481,0 -106.6985,37.4484,0 -106.6989,37.4489,0 -106.6992,37.4492,0 -106.6996,37.4495,0 -106.6998,37.4497,0 -106.7004,37.4501,0 -106.701,37.4506,0 -106.7016,37.4511,0 -106.7018,37.4513,0 -106.7019,37.4514,0 -106.702,37.4514,0 -106.7023,37.4512,0 -106.7027,37.4507,0 -106.7032,37.4503,0 -106.7035,37.45,0 -106.7036,37.4498,0 -106.7034,37.4495,0 -106.7033,37.4494,0 -106.7034,37.4492,0 -106.7035,37.4489,0 -106.7038,37.4484,0 -106.7049,37.4468,0 -106.7052,37.4462,0 -106.7054,37.4459,0 -106.7055,37.4455,0 -106.7058,37.4454,0 -106.7065,37.4452,0 -106.7071,37.4449,0 -106.7074,37.4448,0 -106.7079,37.4448,0 -106.7085,37.4446,0 -106.7089,37.4444,0 -106.7091,37.4442,0 -106.7093,37.4439,0 -106.7095,37.4436,0 -106.7098,37.4432,0 -106.7102,37.4429,0 -106.7107,37.4427,0 -106.711,37.4425,0 -106.7114,37.4424,0 -106.7119,37.4423,0 -106.7125,37.4422,0 -106.713,37.442,0 -106.7134,37.4419,0 -106.7139,37.4418,0 -106.7143,37.4417,0 -106.7149,37.4417,0 -106.7154,37.4417,0 -106.7159,37.4418,0 -106.7162,37.4418,0 -106.7167,37.4418,0 -106.7169,37.4418,0 -106.7172,37.442,0 -106.7173,37.4422,0 -106.7175,37.4424,0 -106.7178,37.4428,0 -106.7181,37.4431,0 -106.7184,37.4434,0 -106.7187,37.4437,0 -106.7189,37.444,0 -106.7192,37.4444,0 -106.7196,37.4447,0 -106.72,37.445,0 -106.7202,37.4452,0 -106.7204,37.4454,0 -106.7209,37.4456,0 -106.7212,37.4457,0 -106.7216,37.4459,0 -106.723,37.4458,0 -106.7241,37.4458,0 -106.7252,37.4457,0 -106.7256,37.4457,0 -106.7257,37.4458,0 -106.7264,37.4463,0 -106.7266,37.4465,0 -106.7268,37.4468,0 -106.727,37.447,0 -106.7274,37.4476,0 -106.7276,37.4478,0 -106.7279,37.4482,0 -106.7282,37.4487,0 -106.7286,37.4494,0 -106.7289,37.4502,0 -106.729,37.4505,0 -106.7291,37.4507,0 -106.7291,37.451,0 -106.7291,37.4515,0 -106.729,37.4519,0 -106.7289,37.4522,0 -106.7289,37.4528,0 -106.729,37.4534,0 -106.7294,37.4541,0 -106.7298,37.4548,0 -106.7303,37.4553,0 -106.731,37.4562,0 -106.7315,37.4565,0 -106.7319,37.4567,0 -106.7322,37.457,0 -106.7325,37.4573,0 -106.7327,37.4576,0 -106.7329,37.4578,0 -106.7331,37.4581,0 -106.7334,37.4584,0 -106.7336,37.4587,0 -106.7337,37.4589,0 -106.7337,37.4592,0 -106.734,37.4593,0 -106.7344,37.4595,0 -106.7347,37.4596,0 -106.7356,37.4597,0 -106.7364,37.4599,0 -106.7368,37.46,0 -106.7372,37.4601,0 -106.7381,37.4603,0 -106.7383,37.4604,0 -106.7391,37.4606,0 -106.74,37.4609,0 -106.741,37.4611,0 -106.7415,37.4613,0 -106.742,37.4613,0 -106.7424,37.4613,0 -106.7427,37.4613,0 -106.7431,37.4612,0 -106.7434,37.4609,0 -106.7437,37.4607,0 -106.7439,37.4604,0 -106.7441,37.4602,0 -106.7443,37.4599,0 -106.7445,37.4599,0 -106.7448,37.46,0 -106.7455,37.4601,0 -106.746,37.4601,0 -106.7465,37.4601,0 -106.7468,37.4599,0 -106.7472,37.4597,0 -106.7479,37.4594,0 -106.7484,37.4593,0 -106.7488,37.4593,0 -106.7492,37.4593,0 -106.7495,37.4593,0 -106.7499,37.4595,0 -106.7501,37.4601,0 -106.7503,37.4604,0 -106.7507,37.4607,0 -106.7512,37.4611,0 -106.7515,37.4614,0 -106.7517,37.4616,0 -106.7519,37.4617,0 -106.7521,37.4617,0 -106.7522,37.4619,0 -106.7523,37.462,0 -106.7524,37.4621,0 -106.7528,37.4621,0 -106.7533,37.4621,0 -106.7537,37.4621,0 -106.754,37.4622,0 -106.7548,37.4622,0 -106.7552,37.4623,0 -106.7555,37.4624,0 -106.7556,37.4625,0 -106.7558,37.4626,0 -106.7559,37.4629,0 -106.756,37.4631,0 -106.7561,37.4633,0 -106.7562,37.4636,0 -106.7563,37.4639,0 -106.7565,37.4643,0 -106.7566,37.4645,0 -106.7567,37.4645,0 -106.7572,37.4645,0 -106.7575,37.4644,0 -106.7579,37.4644,0 -106.7583,37.4644,0 -106.7586,37.4645,0 -106.759,37.4646,0 -106.7594,37.4646,0 -106.7598,37.4646,0 -106.7601,37.4645,0 -106.7605,37.4644,0 -106.7609,37.4644,0 -106.7612,37.4644,0 -106.7615,37.4643,0 -106.7619,37.4643,0 -106.7622,37.4641,0 -106.7627,37.4639,0 -106.7629,37.4638,0 -106.7633,37.4637,0 -106.7636,37.4634,0 -106.764,37.4632,0 -106.7643,37.463,0 -106.7646,37.4627,0 -106.765,37.4626,0 -106.7652,37.4624,0 -106.7654,37.4623,0 -106.7656,37.4622,0 -106.7657,37.462,0 -106.7659,37.4617,0 -106.7661,37.4615,0 -106.7663,37.4612,0 -106.7664,37.4609,0 -106.7667,37.4603,0 -106.7669,37.46,0 -106.7673,37.4597,0 -106.7674,37.4595,0 -106.7676,37.4592,0 -106.7676,37.459,0 -106.7678,37.4582,0 -106.7679,37.458,0 -106.7682,37.4578,0 -106.7684,37.4578,0 -106.7685,37.4577,0 -106.7686,37.4576,0 -106.7689,37.4573,0 -106.769,37.4569,0 -106.7691,37.4566,0 -106.7691,37.4564,0 -106.7691,37.4562,0 -106.7691,37.456,0 -106.7691,37.4557,0 -106.7691,37.4553,0 -106.7691,37.455,0 -106.7692,37.4547,0 -106.7692,37.4541,0 -106.7691,37.4538,0 -106.7691,37.4535,0 -106.7691,37.4531,0 -106.769,37.4528,0 -106.7691,37.4527,0 -106.7692,37.4525,0 -106.7693,37.4525,0 -106.7693,37.4523,0 -106.7694,37.452,0 -106.7697,37.4518,0 -106.7698,37.4517,0 -106.7701,37.4513,0 -106.7705,37.4511,0 -106.7707,37.451,0 -106.7709,37.4509,0 -106.7711,37.4507,0 -106.7713,37.4506,0 -106.7716,37.4504,0 -106.7718,37.4502,0 -106.7721,37.45,0 -106.7725,37.4499,0 -106.7728,37.4498,0 -106.7733,37.4499,0 -106.7737,37.45,0 -106.774,37.4501,0 -106.7744,37.4502,0 -106.7747,37.4504,0 -106.7751,37.4506,0 -106.7754,37.4507,0 -106.7756,37.4509,0 -106.776,37.4511,0 -106.7763,37.4513,0 -106.7766,37.4515,0 -106.777,37.4517,0 -106.7773,37.4519,0 -106.7775,37.4521,0 -106.7777,37.4524,0 -106.7779,37.4527,0 -106.7782,37.4528,0 -106.7785,37.453,0 -106.7788,37.4532,0 -106.7791,37.4534,0 -106.7795,37.4534,0 -106.78,37.4535,0 -106.7804,37.4535,0 -106.7806,37.4535,0 -106.7808,37.4536,0 -106.7811,37.4537,0 -106.7814,37.4538,0 -106.7818,37.454,0 -106.7821,37.4542,0 -106.7824,37.4543,0 -106.7825,37.4545,0 -106.7828,37.4546,0 -106.7832,37.4547,0 -106.7839,37.4548,0 -106.7843,37.4548,0 -106.7848,37.4548,0 -106.7851,37.4549,0 -106.7856,37.4549,0 -106.7864,37.455,0 -106.7871,37.4549,0 -106.788,37.455,0 -106.7886,37.455,0 -106.7892,37.4552,0 -106.7896,37.4553,0 -106.7914,37.4555,0 -106.7934,37.4556,0 -106.7942,37.4557,0 -106.7946,37.4558,0 -106.7953,37.456,0 -106.7958,37.4562,0 -106.7962,37.4563,0 -106.7973,37.4565,0 -106.7982,37.4568,0 -106.7988,37.4571,0 -106.7994,37.4577,0 -106.7997,37.458,0 -106.8008,37.459,0 -106.8017,37.4599,0 -106.8023,37.4607,0 -106.8025,37.4611,0 -106.803,37.462,0 -106.8035,37.4626,0 -106.8038,37.463,0 -106.8041,37.4633,0 -106.8045,37.4636,0 -106.8048,37.4639,0 -106.8052,37.4641,0 -106.8055,37.4645,0 -106.8058,37.4649,0 -106.806,37.4652,0 -106.8063,37.4654,0 -106.8064,37.4656,0 -106.8065,37.4657,0 -106.8066,37.4659,0 -106.8067,37.4663,0 -106.8067,37.4665,0 -106.8065,37.4668,0 -106.8065,37.4671,0 -106.8063,37.4678,0 -106.8062,37.4682,0 -106.8062,37.4685,0 -106.8061,37.4691,0 -106.806,37.4694,0 -106.8057,37.4698,0 -106.8054,37.4703,0 -106.8051,37.4707,0 -106.8049,37.471,0 -106.8048,37.4712,0 -106.8048,37.4716,0 -106.8047,37.4717,0 -106.8045,37.4719,0 -106.8043,37.4721,0 -106.8041,37.4723,0 -106.8039,37.4726,0 -106.8034,37.473,0 -106.8029,37.4735,0 -106.8026,37.4739,0 -106.8023,37.4743,0 -106.8021,37.4747,0 -106.802,37.4752,0 -106.8019,37.4756,0 -106.8018,37.4757,0 -106.8016,37.476,0 -106.8015,37.4762,0 -106.8013,37.4766,0 -106.8012,37.4769,0 -106.8011,37.4773,0 -106.8009,37.4785,0 -106.8009,37.4789,0 -106.8009,37.4798,0 -106.8009,37.4801,0 -106.8008,37.4804,0 -106.8006,37.4807,0 -106.8005,37.481,0 -106.8004,37.4817,0 -106.8005,37.4821,0 -106.8004,37.4826,0 -106.8006,37.4829,0 -106.8012,37.4831,0 -106.8021,37.4832,0 -106.8027,37.4832,0 -106.803,37.4834,0 -106.8033,37.4835,0 -106.8032,37.484,0 -106.8033,37.4843,0 -106.8033,37.4847,0 -106.8034,37.4848,0 -106.8035,37.4851,0 -106.8038,37.4855,0 -106.804,37.4859,0 -106.8041,37.4862,0 -106.8042,37.4867,0 -106.8043,37.4871,0 -106.804,37.4875,0 -106.8038,37.4878,0 -106.8035,37.4882,0 -106.8032,37.4886,0 -106.803,37.4889,0 -106.8027,37.4891,0 -106.8024,37.4894,0 -106.8021,37.4898,0 -106.8018,37.4902,0 -106.8015,37.4905,0 -106.8013,37.4907,0 -106.8009,37.4909,0 -106.8003,37.4911,0 -106.8002,37.4913,0 -106.8002,37.4917,0 -106.8003,37.4922,0 -106.8003,37.4925,0 -106.8004,37.4927,0 -106.8005,37.4929,0 -106.8007,37.493,0 -106.8011,37.4932,0 -106.8014,37.4931,0 -106.8017,37.493,0 -106.8023,37.4929,0 -106.8034,37.4925,0 -106.8038,37.4923,0 -106.804,37.4923,0 -106.8045,37.4924,0 -106.8048,37.4925,0 -106.805,37.4927,0 -106.8054,37.4929,0 -106.8058,37.493,0 -106.8063,37.4931,0 -106.807,37.4934,0 -106.8071,37.4934,0 -106.8073,37.494,0 -106.8075,37.4941,0 -106.8076,37.4942,0 -106.8079,37.4944,0 -106.8081,37.4945,0 -106.8102,37.495,0 -106.8106,37.4951,0 -106.8109,37.4953,0 -106.811,37.4956,0 -106.811,37.4958,0 -106.8108,37.4962,0 -106.8107,37.4964,0 -106.811,37.4966,0 -106.8112,37.4967,0 -106.8119,37.497,0 -106.8123,37.4972,0 -106.8127,37.4973,0 -106.8131,37.4976,0 -106.8139,37.498,0 -106.8141,37.4982,0 -106.8143,37.4983,0 -106.8149,37.4985,0 -106.8155,37.4986,0 -106.8157,37.4988,0 -106.8159,37.499,0 -106.816,37.4991,0 -106.8163,37.499,0 -106.8168,37.4988,0 -106.8173,37.4985,0 -106.8178,37.4983,0 -106.8184,37.4981,0 -106.819,37.498,0 -106.8193,37.498,0 -106.8202,37.4978,0 -106.8205,37.4977,0 -106.8207,37.4976,0 -106.8212,37.4971,0 -106.8214,37.4968,0 -106.8214,37.4967,0 -106.8218,37.4964,0 -106.822,37.4962,0 -106.8223,37.496,0 -106.8227,37.4958,0 -106.823,37.4956,0 -106.8231,37.4954,0 -106.8233,37.4953,0 -106.8236,37.495,0 -106.824,37.4949,0 -106.8245,37.4949,0 -106.8258,37.4949,0 -106.8261,37.4951,0 -106.8264,37.4951,0 -106.8266,37.4951,0 -106.8267,37.4951,0 -106.827,37.495,0 -106.8273,37.4949,0 -106.8276,37.4948,0 -106.8279,37.4948,0 -106.8282,37.4947,0 -106.8284,37.4947,0 -106.829,37.495,0 -106.8295,37.4954,0 -106.8299,37.4957,0 -106.83,37.496,0 -106.8311,37.4965,0 -106.8316,37.4967,0 -106.832,37.4969,0 -106.8323,37.497,0 -106.8327,37.4972,0 -106.8333,37.4976,0 -106.8337,37.4979,0 -106.8345,37.4986,0 -106.8355,37.4995,0 -106.8362,37.5,0 -106.8363,37.5001,0 -106.8366,37.5003,0 -106.837,37.5005,0 -106.8372,37.5005,0 -106.8378,37.5003,0 -106.8381,37.5002,0 -106.8385,37.5,0 -106.8389,37.4998,0 -106.8392,37.4996,0 -106.8395,37.4995,0 -106.8398,37.4995,0 -106.8403,37.4995,0 -106.8405,37.4995,0 -106.8408,37.4995,0 -106.8419,37.4995,0 -106.8425,37.4994,0 -106.8428,37.4994,0 -106.8436,37.4995,0 -106.844,37.4995,0 -106.8448,37.4994,0 -106.845,37.4994,0 -106.8453,37.4993,0 -106.8457,37.4991,0 -106.8459,37.4989,0 -106.8461,37.4985,0 -106.8463,37.4982,0 -106.8465,37.4979,0 -106.8467,37.4977,0 -106.8471,37.4974,0 -106.8474,37.4971,0 -106.8475,37.497,0 -106.8476,37.4969,0 -106.8479,37.4968,0 -106.8483,37.4964,0 -106.8485,37.4962,0 -106.8486,37.4959,0 -106.8489,37.4957,0 -106.8492,37.4954,0 -106.8494,37.4952,0 -106.8496,37.4951,0 -106.8497,37.4949,0 -106.8499,37.4947,0 -106.8502,37.4944,0 -106.8503,37.4943,0 -106.8504,37.494,0 -106.8506,37.4938,0 -106.8508,37.4935,0 -106.8509,37.4932,0 -106.851,37.4929,0 -106.8511,37.4927,0 -106.8512,37.4926,0 -106.8514,37.4925,0 -106.8517,37.4924,0 -106.852,37.4923,0 -106.8524,37.4922,0 -106.8527,37.4922,0 -106.8531,37.4922,0 -106.8534,37.4922,0 -106.8536,37.4923,0 -106.8538,37.4927,0 -106.8539,37.4929,0 -106.8539,37.4931,0 -106.8541,37.4935,0 -106.8543,37.4938,0 -106.8544,37.4939,0 -106.8549,37.4943,0 -106.8554,37.4945,0 -106.8563,37.4949,0 -106.8572,37.4955,0 -106.8582,37.4959,0 -106.8586,37.496,0 -106.8587,37.496,0 -106.8591,37.496,0 -106.8594,37.4961,0 -106.8597,37.4963,0 -106.86,37.4964,0 -106.8603,37.4967,0 -106.8606,37.4969,0 -106.8609,37.4972,0 -106.861,37.4972,0 -106.8613,37.4972,0 -106.8616,37.4971,0 -106.8618,37.497,0 -106.8621,37.4969,0 -106.8625,37.4967,0 -106.8627,37.4966,0 -106.8629,37.4966,0 -106.8631,37.4966,0 -106.8633,37.4967,0 -106.8637,37.4968,0 -106.8641,37.497,0 -106.8643,37.4971,0 -106.8645,37.4972,0 -106.8646,37.4973,0 -106.8646,37.4974,0 -106.8647,37.4977,0 -106.8647,37.4979,0 -106.8649,37.498,0 -106.8652,37.4982,0 -106.8656,37.4982,0 -106.866,37.4984,0 -106.8665,37.4986,0 -106.867,37.4987,0 -106.8673,37.4988,0 -106.8686,37.4987,0 -106.8689,37.4987,0 -106.8693,37.4988,0 -106.8696,37.499,0 -106.8698,37.4991,0 -106.8699,37.4991,0 -106.8701,37.4991,0 -106.8704,37.4991,0 -106.8707,37.4992,0 -106.8709,37.4992,0 -106.871,37.4993,0 -106.8713,37.4994,0 -106.8715,37.4995,0 -106.8716,37.4995,0 -106.8719,37.4996,0 -106.8721,37.4996,0 -106.8725,37.4995,0 -106.8729,37.4995,0 -106.8733,37.4994,0 -106.8736,37.4993,0 -106.8739,37.4994,0 -106.8742,37.4995,0 -106.8744,37.4996,0 -106.8747,37.5,0 -106.8748,37.5002,0 -106.8751,37.5003,0 -106.8754,37.5005,0 -106.8758,37.5007,0 -106.876,37.5009,0 -106.8762,37.5011,0 -106.8764,37.5012,0 -106.8768,37.5014,0 -106.877,37.5017,0 -106.8772,37.5021,0 -106.8775,37.5025,0 -106.878,37.503,0 -106.8783,37.5035,0 -106.8784,37.5038,0 -106.8782,37.5041,0 -106.8781,37.5043,0 -106.8785,37.505,0 -106.8792,37.5055,0 -106.8794,37.5057,0 -106.8799,37.506,0 -106.8802,37.5062,0 -106.8804,37.5064,0 -106.8807,37.5066,0 -106.8809,37.5068,0 -106.8811,37.5069,0 -106.8812,37.507,0 -106.8814,37.507,0 -106.8817,37.5071,0 -106.882,37.5075,0 -106.8823,37.5078,0 -106.8824,37.508,0 -106.8826,37.5083,0 -106.8829,37.5087,0 -106.8831,37.5092,0 -106.8831,37.5095,0 -106.8833,37.5099,0 -106.8833,37.5102,0 -106.8832,37.5106,0 -106.8831,37.5111,0 -106.8831,37.5115,0 -106.883,37.5117,0 -106.8831,37.5119,0 -106.8836,37.5121,0 -106.8844,37.5124,0 -106.8847,37.5126,0 -106.8849,37.5125,0 -106.8849,37.5127,0 -106.8851,37.5129,0 -106.8855,37.5133,0 -106.8859,37.5135,0 -106.8863,37.5138,0 -106.8866,37.5141,0 -106.8867,37.5142,0 -106.8869,37.5145,0 -106.8871,37.5148,0 -106.8876,37.5159,0 -106.8878,37.5162,0 -106.8879,37.5166,0 -106.8881,37.5168,0 -106.8881,37.5169,0 -106.8881,37.5171,0 -106.888,37.5173,0 -106.8878,37.5175,0 -106.8876,37.5176,0 -106.8873,37.5179,0 -106.887,37.5184,0 -106.8868,37.5187,0 -106.8865,37.5189,0 -106.8864,37.5192,0 -106.8863,37.5195,0 -106.8862,37.5198,0 -106.886,37.5201,0 -106.8858,37.5204,0 -106.8855,37.5206,0 -106.8851,37.5208,0 -106.8846,37.5211,0 -106.884,37.5215,0 -106.8835,37.5218,0 -106.8832,37.522,0 -106.8827,37.5223,0 -106.8822,37.5225,0 -106.882,37.5226,0 -106.8822,37.5228,0 -106.8823,37.5231,0 -106.8824,37.5234,0 -106.8825,37.5238,0 -106.8827,37.5242,0 -106.8829,37.5246,0 -106.883,37.5248,0 -106.8831,37.525,0 -106.8831,37.5252,0 -106.8831,37.5259,0 -106.8831,37.5263,0 -106.8831,37.5265,0 -106.8831,37.5267,0 -106.883,37.5272,0 -106.883,37.5276,0 -106.8831,37.528,0 -106.8834,37.5284,0 -106.8835,37.5287,0 -106.8838,37.5292,0 -106.884,37.5295,0 -106.8842,37.5299,0 -106.8843,37.5303,0 -106.8844,37.5305,0 -106.8844,37.5308,0 -106.8843,37.5313,0 -106.8842,37.5317,0 -106.884,37.5321,0 -106.8839,37.5325,0 -106.8836,37.5329,0 -106.8835,37.5334,0 -106.8833,37.5338,0 -106.8833,37.534,0 -106.8834,37.5343,0 -106.8836,37.5344,0 -106.8838,37.5347,0 -106.884,37.535,0 -106.8842,37.5353,0 -106.8844,37.5356,0 -106.8846,37.536,0 -106.8847,37.5363,0 -106.8847,37.5366,0 -106.8844,37.537,0 -106.8841,37.5372,0 -106.8837,37.5374,0 -106.8832,37.5377,0 -106.8829,37.538,0 -106.8826,37.5382,0 -106.8825,37.5386,0 -106.8826,37.5388,0 -106.8827,37.539,0 -106.8827,37.5393,0 -106.8827,37.5396,0 -106.8825,37.5401,0 -106.8825,37.5405,0 -106.8824,37.541,0 -106.8822,37.5414,0 -106.8821,37.5417,0 -106.8819,37.5419,0 -106.8815,37.5422,0 -106.8811,37.5426,0 -106.8809,37.5428,0 -106.8806,37.543,0 -106.8803,37.5432,0 -106.8799,37.5433,0 -106.8797,37.5435,0 -106.8794,37.5437,0 -106.8791,37.5439,0 -106.8789,37.5444,0 -106.8791,37.5444,0 -106.8794,37.5446,0 -106.8798,37.5449,0 -106.8801,37.5452,0 -106.8806,37.5457,0 -106.8808,37.546,0 -106.881,37.5464,0 -106.8811,37.5467,0 -106.8812,37.5472,0 -106.8814,37.5477,0 -106.8815,37.5479,0 -106.8815,37.5481,0 -106.8815,37.549,0 -106.8815,37.5494,0 -106.8813,37.5498,0 -106.8811,37.5504,0 -106.8809,37.5507,0 -106.8807,37.5511,0 -106.8805,37.5514,0 -106.8804,37.5517,0 -106.8803,37.5519,0 -106.88,37.5522,0 -106.8798,37.5524,0 -106.8795,37.5527,0 -106.8794,37.5529,0 -106.8793,37.5531,0 -106.8793,37.5532,0 -106.8794,37.5534,0 -106.8796,37.5536,0 -106.88,37.554,0 -106.8803,37.5542,0 -106.8805,37.5544,0 -106.8808,37.5557,0 -106.8809,37.5559,0 -106.8809,37.5561,0 -106.8809,37.5563,0 -106.881,37.5567,0 -106.881,37.5572,0 -106.8809,37.5579,0 -106.8809,37.5592,0 -106.8809,37.5601,0 -106.8811,37.5605,0 -106.8811,37.5606,0 -106.8812,37.5609,0 -106.8812,37.5612,0 -106.8814,37.5612,0 -106.8816,37.5612,0 -106.8818,37.5612,0 -106.8821,37.5613,0 -106.8826,37.5614,0 -106.8829,37.5616,0 -106.8832,37.5617,0 -106.8834,37.5618,0 -106.8836,37.5619,0 -106.8838,37.5618,0 -106.884,37.5619,0 -106.8842,37.562,0 -106.8844,37.5621,0 -106.8845,37.5623,0 -106.8849,37.5626,0 -106.8851,37.5629,0 -106.8853,37.563,0 -106.8854,37.563,0 -106.8856,37.563,0 -106.886,37.5631,0 -106.8862,37.5632,0 -106.8864,37.5634,0 -106.8868,37.5638,0 -106.8871,37.5641,0 -106.8873,37.5644,0 -106.8875,37.5645,0 -106.8877,37.5647,0 -106.8879,37.5648,0 -106.8885,37.5649,0 -106.889,37.5649,0 -106.8893,37.565,0 -106.8897,37.5651,0 -106.8901,37.5652,0 -106.8903,37.5653,0 -106.8908,37.5652,0 -106.891,37.5652,0 -106.8912,37.5653,0 -106.8915,37.5654,0 -106.8918,37.5656,0 -106.8921,37.5657,0 -106.8922,37.5658,0 -106.8923,37.5658,0 -106.8924,37.5657,0 -106.8926,37.5656,0 -106.8927,37.5655,0 -106.8928,37.5653,0 -106.8928,37.565,0 -106.8929,37.5647,0 -106.893,37.5645,0 -106.8934,37.5642,0 -106.8937,37.5641,0 -106.894,37.5641,0 -106.8941,37.5641,0 -106.8944,37.5641,0 -106.8951,37.5641,0 -106.8954,37.5641,0 -106.8961,37.5642,0 -106.8965,37.5641,0 -106.8973,37.5641,0 -106.8975,37.564,0 -106.8984,37.5638,0 -106.8993,37.5637,0 -106.8996,37.5638,0 -106.8999,37.5639,0 -106.9002,37.5641,0 -106.9008,37.5644,0 -106.9012,37.5646,0 -106.9015,37.5648,0 -106.9017,37.5649,0 -106.9018,37.5649,0 -106.9019,37.5649,0 -106.9021,37.5648,0 -106.9023,37.5648,0 -106.9024,37.5648,0 -106.9028,37.5648,0 -106.903,37.5649,0 -106.9032,37.5649,0 -106.9037,37.5649,0 -106.9042,37.5647,0 -106.9047,37.5646,0 -106.905,37.5644,0 -106.9052,37.5644,0 -106.9059,37.5643,0 -106.9065,37.5642,0 -106.9071,37.5642,0 -106.9074,37.5641,0 -106.9075,37.5641,0 -106.9076,37.564,0 -106.9077,37.564,0 -106.9079,37.5641,0 -106.9081,37.5641,0 -106.9082,37.5642,0 -106.9084,37.5642,0 -106.909,37.5641,0 -106.9095,37.5642,0 -106.9099,37.5643,0 -106.9103,37.5645,0 -106.9107,37.5646,0 -106.9112,37.5648,0 -106.9114,37.565,0 -106.9117,37.5653,0 -106.9123,37.5661,0 -106.9125,37.5666,0 -106.9128,37.567,0 -106.9131,37.5672,0 -106.9132,37.5673,0 -106.9134,37.5672,0 -106.9139,37.5672,0 -106.9142,37.567,0 -106.9144,37.567,0 -106.9146,37.567,0 -106.9149,37.5672,0 -106.9151,37.5672,0 -106.9153,37.5672,0 -106.9155,37.5673,0 -106.9158,37.5674,0 -106.9159,37.5676,0 -106.9162,37.5679,0 -106.9164,37.568,0 -106.9168,37.5682,0 -106.9171,37.5683,0 -106.9178,37.5685,0 -106.9182,37.5686,0 -106.9188,37.5689,0 -106.9192,37.5692,0 -106.9196,37.5694,0 -106.9199,37.5697,0 -106.9203,37.5698,0 -106.9208,37.5701,0 -106.9211,37.5702,0 -106.9215,37.5703,0 -106.9217,37.5703,0 -106.922,37.5701,0 -106.9226,37.5699,0 -106.923,37.5697,0 -106.9233,37.5696,0 -106.9237,37.5695,0 -106.924,37.5696,0 -106.9244,37.5697,0 -106.9248,37.5698,0 -106.9252,37.5699,0 -106.9254,37.5699,0 -106.9257,37.5698,0 -106.9261,37.5696,0 -106.9265,37.5695,0 -106.9269,37.5695,0 -106.9272,37.5696,0 -106.9275,37.5696,0 -106.9278,37.5696,0 -106.9281,37.5695,0 -106.9283,37.5695,0 -106.9287,37.5695,0 -106.9291,37.5696,0 -106.9295,37.5696,0 -106.9299,37.5696,0 -106.9305,37.5695,0 -106.931,37.5694,0 -106.9315,37.5694,0 -106.9319,37.5693,0 -106.9321,37.5692,0 -106.9325,37.5688,0 -106.9329,37.5685,0 -106.9333,37.5683,0 -106.9338,37.5681,0 -106.934,37.5681,0 -106.9345,37.568,0 -106.935,37.5679,0 -106.9354,37.568,0 -106.9359,37.5681,0 -106.936,37.5681,0 -106.9365,37.5682,0 -106.9369,37.5682,0 -106.9371,37.5681,0 -106.9375,37.5678,0 -106.9379,37.5675,0 -106.9382,37.5673,0 -106.9386,37.567,0 -106.939,37.5667,0 -106.9392,37.5666,0 -106.9395,37.5667,0 -106.9398,37.5668,0 -106.9402,37.567,0 -106.9407,37.5671,0 -106.941,37.5672,0 -106.9412,37.5673,0 -106.9417,37.5676,0 -106.942,37.5676,0 -106.9421,37.5676,0 -106.9424,37.5676,0 -106.9428,37.5675,0 -106.943,37.5675,0 -106.9435,37.5677,0 -106.9443,37.568,0 -106.9447,37.5683,0 -106.9456,37.5687,0 -106.9459,37.5689,0 -106.9462,37.569,0 -106.9466,37.5693,0 -106.9468,37.5694,0 -106.9471,37.5695,0 -106.9473,37.5696,0 -106.9476,37.5699,0 -106.948,37.5702,0 -106.9482,37.5703,0 -106.9482,37.5705,0 -106.9483,37.5706,0 -106.9483,37.5707,0 -106.9486,37.5708,0 -106.9491,37.5708,0 -106.9498,37.5705,0 -106.9502,37.5704,0 -106.9505,37.5704,0 -106.951,37.5703,0 -106.9513,37.5702,0 -106.9516,37.5702,0 -106.9519,37.5702,0 -106.9523,37.5702,0 -106.9526,37.5701,0 -106.953,37.57,0 -106.9534,37.5699,0 -106.9536,37.5699,0 -106.9541,37.5699,0 -106.9545,37.5699,0 -106.9548,37.5699,0 -106.9551,37.5698,0 -106.9556,37.5697,0 -106.956,37.5696,0 -106.9566,37.5694,0 -106.9571,37.5692,0 -106.9574,37.569,0 -106.9576,37.5688,0 -106.958,37.5686,0 -106.9582,37.5684,0 -106.9586,37.568,0 -106.9589,37.5678,0 -106.959,37.5676,0 -106.9593,37.5673,0 -106.9595,37.567,0 -106.9597,37.5669,0 -106.9601,37.5669,0 -106.9604,37.5668,0 -106.9606,37.5668,0 -106.9608,37.5668,0 -106.9609,37.5667,0 -106.9612,37.5664,0 -106.9613,37.5664,0 -106.9616,37.5663,0 -106.9618,37.5662,0 -106.9621,37.5661,0 -106.9625,37.5661,0 -106.9629,37.566,0 -106.9633,37.566,0 -106.9636,37.566,0 -106.9642,37.5659,0 -106.9648,37.5658,0 -106.9653,37.5658,0 -106.9661,37.5657,0 -106.9667,37.5656,0 -106.9674,37.5656,0 -106.968,37.5655,0 -106.9682,37.5654,0 -106.9686,37.5652,0 -106.9691,37.5652,0 -106.9694,37.5653,0 -106.9696,37.5653,0 -106.97,37.5655,0 -106.9702,37.5657,0 -106.9703,37.5658,0 -106.9705,37.5658,0 -106.9708,37.5657,0 -106.9711,37.5658,0 -106.9719,37.566,0 -106.9724,37.566,0 -106.973,37.566,0 -106.9735,37.5659,0 -106.9738,37.5658,0 -106.9741,37.5659,0 -106.9743,37.5659,0 -106.9746,37.566,0 -106.9752,37.5662,0 -106.9755,37.5663,0 -106.9757,37.5664,0 -106.9759,37.5666,0 -106.9759,37.5668,0 -106.976,37.567,0 -106.976,37.5675,0 -106.976,37.5678,0 -106.9761,37.5679,0 -106.9763,37.5682,0 -106.9766,37.5686,0 -106.9772,37.5688,0 -106.9776,37.5688,0 -106.978,37.5688,0 -106.9785,37.5689,0 -106.9788,37.5689,0 -106.9792,37.5693,0 -106.9797,37.5697,0 -106.9798,37.5699,0 -106.9801,37.5701,0 -106.9801,37.5703,0 -106.9801,37.5708,0 -106.9801,37.571,0 -106.9805,37.5711,0 -106.981,37.5713,0 -106.9814,37.5713,0 -106.982,37.5712,0 -106.9827,37.5712,0 -106.9834,37.5713,0 -106.9835,37.5713,0 -106.9839,37.5712,0 -106.9841,37.5712,0 -106.9845,37.5713,0 -106.9847,37.5712,0 -106.9852,37.571,0 -106.9853,37.5709,0 -106.9857,37.5709,0 -106.986,37.5709,0 -106.9866,37.5708,0 -106.9871,37.5708,0 -106.9877,37.571,0 -106.9881,37.5713,0 -106.9885,37.5713,0 -106.9886,37.5713,0 -106.9888,37.5714,0 -106.989,37.5715,0 -106.9894,37.5714,0 -106.9902,37.5711,0 -106.9904,37.571,0 -106.9908,37.5708,0 -106.9911,37.5707,0 -106.9916,37.5707,0 -106.9918,37.5707,0 -106.9919,37.5708,0 -106.9922,37.5709,0 -106.9925,37.5709,0 -106.9929,37.5709,0 -106.9931,37.571,0 -106.9932,37.5711,0 -106.9935,37.5715,0 -106.9936,37.5716,0 -106.9939,37.5717,0 -106.994,37.5718,0 -106.9942,37.5719,0 -106.9943,37.5719,0 -106.9946,37.5719,0 -106.9951,37.5718,0 -106.9955,37.5717,0 -106.9959,37.5717,0 -106.996,37.5715,0 -106.9961,37.5714,0 -106.9962,37.5712,0 -106.9966,37.571,0 -106.9971,37.5705,0 -106.9974,37.5701,0 -106.998,37.5697,0 -106.9982,37.5696,0 -106.9986,37.5695,0 -106.9992,37.5694,0 -106.9995,37.5694,0 -106.9998,37.5696,0 -107.0001,37.5697,0 -107.0004,37.5698,0 -107.0006,37.5699,0 -107.0008,37.5704,0 -107.0009,37.5708,0 -107.0011,37.5714,0 -107.0012,37.5719,0 -107.0013,37.5723,0 -107.0014,37.5725,0 -107.0015,37.5727,0 -107.0018,37.5728,0 -107.0023,37.5728,0 -107.0028,37.5729,0 -107.0033,37.573,0 -107.0039,37.573,0 -107.0042,37.5731,0 -107.0045,37.5733,0 -107.0048,37.5734,0 -107.0052,37.5734,0 -107.0056,37.5734,0 -107.006,37.5735,0 -107.0063,37.5736,0 -107.0065,37.5737,0 -107.0067,37.5736,0 -107.0069,37.5735,0 -107.0071,37.5735,0 -107.0074,37.5735,0 -107.0077,37.5736,0 -107.0081,37.5737,0 -107.0083,37.5735,0 -107.0084,37.5732,0 -107.0085,37.573,0 -107.0087,37.5728,0 -107.0089,37.5725,0 -107.0093,37.5722,0 -107.0096,37.572,0 -107.01,37.5719,0 -107.0105,37.5719,0 -107.0109,37.5719,0 -107.0112,37.572,0 -107.0115,37.572,0 -107.0118,37.5717,0 -107.0121,37.5713,0 -107.0123,37.5711,0 -107.0129,37.5708,0 -107.0132,37.5707,0 -107.0138,37.5705,0 -107.0145,37.5703,0 -107.0149,37.5702,0 -107.0149,37.57,0 -107.0146,37.5699,0 -107.014,37.5696,0 -107.0136,37.5693,0 -107.0135,37.5691,0 -107.0135,37.5688,0 -107.0136,37.5686,0 -107.0138,37.5683,0 -107.014,37.5681,0 -107.0143,37.5678,0 -107.0146,37.5675,0 -107.015,37.5671,0 -107.0152,37.5669,0 -107.0156,37.5665,0 -107.0159,37.5663,0 -107.0162,37.5661,0 -107.0166,37.5659,0 -107.0169,37.5656,0 -107.0171,37.5653,0 -107.0173,37.5651,0 -107.0175,37.5649,0 -107.0176,37.5647,0 -107.018,37.5646,0 -107.0182,37.5645,0 -107.0184,37.5642,0 -107.0186,37.5638,0 -107.0187,37.5634,0 -107.0187,37.5629,0 -107.0188,37.5628,0 -107.0191,37.5627,0 -107.0195,37.5627,0 -107.0199,37.5625,0 -107.0203,37.5624,0 -107.0206,37.5622,0 -107.0209,37.5621,0 -107.0211,37.562,0 -107.0215,37.562,0 -107.0221,37.562,0 -107.0224,37.562,0 -107.0229,37.5621,0 -107.0233,37.5622,0 -107.0238,37.5623,0 -107.0241,37.5624,0 -107.0243,37.5626,0 -107.0244,37.5628,0 -107.0248,37.5628,0 -107.025,37.5628,0 -107.0254,37.5628,0 -107.0259,37.5628,0 -107.0263,37.5629,0 -107.0266,37.5629,0 -107.0269,37.5628,0 -107.0272,37.5627,0 -107.0275,37.5627,0 -107.0279,37.5626,0 -107.0283,37.5625,0 -107.0286,37.5625,0 -107.0291,37.5624,0 -107.0295,37.5624,0 -107.0299,37.5623,0 -107.0303,37.5622,0 -107.0308,37.5621,0 -107.0313,37.562,0 -107.0317,37.5619,0 -107.0321,37.5618,0 -107.0326,37.5618,0 -107.0332,37.5618,0 -107.0335,37.5617,0 -107.034,37.5615,0 -107.0344,37.5614,0 -107.0347,37.5614,0 -107.0351,37.5613,0 -107.0354,37.5613,0 -107.0358,37.5613,0 -107.0362,37.5613,0 -107.0365,37.5614,0 -107.037,37.5615,0 -107.0375,37.5616,0 -107.0379,37.5618,0 -107.0384,37.5619,0 -107.039,37.5621,0 -107.0395,37.5622,0 -107.0401,37.5623,0 -107.0406,37.5624,0 -107.0408,37.5625,0 -107.0411,37.5625,0 -107.0414,37.5624,0 -107.0416,37.5623,0 -107.0418,37.5622,0 -107.042,37.562,0 -107.0423,37.5618,0 -107.0427,37.5615,0 -107.043,37.5613,0 -107.0434,37.5611,0 -107.0438,37.5609,0 -107.0443,37.5606,0 -107.0448,37.5604,0 -107.045,37.5603,0 -107.0453,37.5605,0 -107.0455,37.5606,0 -107.0457,37.5607,0 -107.046,37.5608,0 -107.0462,37.5609,0 -107.0464,37.5611,0 -107.0464,37.5612,0 -107.0464,37.5614,0 -107.0462,37.5616,0 -107.0461,37.5619,0 -107.0458,37.5624,0 -107.0456,37.563,0 -107.0456,37.5634,0 -107.0456,37.5637,0 -107.0456,37.5639,0 -107.0458,37.5644,0 -107.0458,37.5646,0 -107.0457,37.5649,0 -107.0457,37.5652,0 -107.0457,37.5654,0 -107.0459,37.5657,0 -107.0461,37.5659,0 -107.0465,37.5663,0 -107.0465,37.5666,0 -107.0465,37.5669,0 -107.0468,37.567,0 -107.0472,37.5672,0 -107.0474,37.5675,0 -107.0478,37.5682,0 -107.0482,37.5691,0 -107.0483,37.5694,0 -107.0484,37.5697,0 -107.0485,37.57,0 -107.0494,37.5701,0 -107.0504,37.57,0 -107.0514,37.5698,0 -107.0523,37.57,0 -107.0529,37.57,0 -107.0533,37.5701,0 -107.0536,37.5702,0 -107.054,37.5703,0 -107.0546,37.5706,0 -107.055,37.5707,0 -107.0556,37.5708,0 -107.0561,37.5706,0 -107.0565,37.5704,0 -107.0567,37.5704,0 -107.0572,37.5705,0 -107.0576,37.5707,0 -107.0582,37.5709,0 -107.0587,37.5711,0 -107.0592,37.5714,0 -107.0595,37.5715,0 -107.0602,37.5716,0 -107.0619,37.5717,0 -107.0628,37.5717,0 -107.0632,37.5718,0 -107.0633,37.5721,0 -107.0635,37.5723,0 -107.0637,37.5723,0 -107.0639,37.5722,0 -107.0643,37.572,0 -107.0649,37.5718,0 -107.0654,37.5715,0 -107.0662,37.5712,0 -107.0666,37.5711,0 -107.0669,37.5709,0 -107.0673,37.5707,0 -107.0676,37.5705,0 -107.0679,37.5704,0 -107.0681,37.5704,0 -107.0685,37.5704,0 -107.0689,37.5706,0 -107.0693,37.5707,0 -107.0696,37.5707,0 -107.0699,37.5707,0 -107.0703,37.5705,0 -107.0707,37.5702,0 -107.0712,37.5699,0 -107.0715,37.5697,0 -107.0718,37.5696,0 -107.072,37.5695,0 -107.0724,37.5694,0 -107.0727,37.5693,0 -107.0732,37.5692,0 -107.0736,37.5691,0 -107.074,37.5691,0 -107.0743,37.569,0 -107.0746,37.569,0 -107.075,37.5688,0 -107.0754,37.5687,0 -107.0759,37.5686,0 -107.0763,37.5686,0 -107.077,37.5688,0 -107.0777,37.5689,0 -107.0779,37.569,0 -107.0781,37.5691,0 -107.0787,37.5692,0 -107.079,37.5693,0 -107.0796,37.5695,0 -107.08,37.5697,0 -107.0803,37.5698,0 -107.0807,37.57,0 -107.0812,37.5701,0 -107.0818,37.5703,0 -107.0821,37.5705,0 -107.0826,37.5708,0 -107.0832,37.5712,0 -107.0836,37.5713,0 -107.0839,37.5714,0 -107.0843,37.5715,0 -107.0848,37.5716,0 -107.0856,37.5718,0 -107.086,37.5719,0 -107.0864,37.572,0 -107.0866,37.572,0 -107.0872,37.5721,0 -107.0875,37.5721,0 -107.0878,37.5723,0 -107.0882,37.5724,0 -107.0884,37.5725,0 -107.0887,37.5725,0 -107.0892,37.5725,0 -107.0896,37.5726,0 -107.0898,37.5726,0 -107.0901,37.5727,0 -107.0903,37.5727,0 -107.0906,37.5727,0 -107.0911,37.5729,0 -107.0914,37.5731,0 -107.0916,37.5732,0 -107.0919,37.5734,0 -107.0923,37.5735,0 -107.0926,37.5735,0 -107.0929,37.5737,0 -107.0931,37.5739,0 -107.0932,37.5742,0 -107.0933,37.5745,0 -107.0933,37.5746,0 -107.0935,37.5749,0 -107.0936,37.5751,0 -107.0938,37.5752,0 -107.0943,37.5757,0 -107.0943,37.5759,0 -107.0944,37.5762,0 -107.0943,37.5765,0 -107.0942,37.5769,0 -107.0941,37.5772,0 -107.0941,37.5776,0 -107.0941,37.5779,0 -107.0941,37.5781,0 -107.0942,37.5785,0 -107.0942,37.5788,0 -107.0943,37.5792,0 -107.0944,37.5795,0 -107.0944,37.58,0 -107.0944,37.5802,0 -107.0945,37.5806,0 -107.0943,37.5811,0 -107.0942,37.5815,0 -107.0942,37.5819,0 -107.0942,37.5822,0 -107.0943,37.5825,0 -107.0943,37.5827,0 -107.0943,37.5829,0 -107.0943,37.5832,0 -107.0941,37.5835,0 -107.094,37.5839,0 -107.094,37.5841,0 -107.0941,37.5845,0 -107.0943,37.5847,0 -107.0944,37.585,0 -107.0943,37.5853,0 -107.0941,37.5856,0 -107.0939,37.5859,0 -107.0937,37.5861,0 -107.0934,37.5865,0 -107.093,37.5868,0 -107.0928,37.587,0 -107.0926,37.5874,0 -107.0924,37.5877,0 -107.0923,37.588,0 -107.0922,37.5884,0 -107.0922,37.5888,0 -107.0921,37.5894,0 -107.0922,37.59,0 -107.0923,37.5905,0 -107.0923,37.591,0 -107.0921,37.5915,0 -107.0921,37.592,0 -107.0919,37.5925,0 -107.0918,37.593,0 -107.0916,37.5937,0 -107.0916,37.5941,0 -107.0917,37.5948,0 -107.0918,37.5953,0 -107.0919,37.5957,0 -107.0919,37.5959,0 -107.0922,37.5962,0 -107.0925,37.5963,0 -107.0932,37.5966,0 -107.0937,37.5967,0 -107.0941,37.5969,0 -107.0946,37.597,0 -107.0951,37.5972,0 -107.0957,37.5974,0 -107.0963,37.5975,0 -107.0967,37.5978,0 -107.0969,37.5981,0 -107.0973,37.5987,0 -107.0976,37.599,0 -107.0982,37.5994,0 -107.0983,37.5995,0 -107.0987,37.5994,0 -107.0991,37.5993,0 -107.0994,37.5993,0 -107.0998,37.5993,0 -107.1002,37.5993,0 -107.1008,37.5992,0 -107.1014,37.5992,0 -107.1018,37.5991,0 -107.1025,37.5991,0 -107.1029,37.5992,0 -107.1035,37.5991,0 -107.1041,37.5991,0 -107.1044,37.5993,0 -107.1046,37.5994,0 -107.1049,37.5996,0 -107.1053,37.5997,0 -107.1057,37.5997,0 -107.106,37.5998,0 -107.1063,37.5999,0 -107.1066,37.6001,0 -107.1066,37.6002,0 -107.1067,37.6006,0 -107.1068,37.6009,0 -107.1069,37.6012,0 -107.1067,37.6017,0 -107.1067,37.602,0 -107.1066,37.6025,0 -107.1066,37.6028,0 -107.1067,37.603,0 -107.1067,37.6033,0 -107.1069,37.6038,0 -107.1073,37.6044,0 -107.1076,37.605,0 -107.108,37.6056,0 -107.1084,37.6063,0 -107.1088,37.6069,0 -107.109,37.6071,0 -107.1095,37.6075,0 -107.1098,37.6076,0 -107.1101,37.6077,0 -107.1104,37.6078,0 -107.1108,37.608,0 -107.1112,37.6082,0 -107.1115,37.6083,0 -107.1116,37.6084,0 -107.1118,37.6084,0 -107.112,37.6083,0 -107.1121,37.6081,0 -107.1123,37.6079,0 -107.1124,37.6078,0 -107.1127,37.6077,0 -107.1131,37.6075,0 -107.1134,37.6074,0 -107.1137,37.6072,0 -107.1139,37.607,0 -107.1141,37.6068,0 -107.1142,37.6065,0 -107.1143,37.6063,0 -107.1145,37.606,0 -107.1147,37.6057,0 -107.115,37.6055,0 -107.1153,37.6052,0 -107.1155,37.6051,0 -107.1157,37.6048,0 -107.1159,37.6046,0 -107.1162,37.6044,0 -107.1168,37.6042,0 -107.1174,37.604,0 -107.1182,37.6039,0 -107.1186,37.6039,0 -107.1191,37.6038,0 -107.1198,37.6036,0 -107.1201,37.6036,0 -107.1209,37.6038,0 -107.1215,37.6042,0 -107.1221,37.6045,0 -107.1225,37.6046,0 -107.1231,37.6045,0 -107.1236,37.6045,0 -107.124,37.6044,0 -107.1243,37.6043,0 -107.1246,37.6041,0 -107.125,37.6041,0 -107.1252,37.604,0 -107.1257,37.6039,0 -107.126,37.6038,0 -107.1266,37.6035,0 -107.1271,37.6033,0 -107.1277,37.603,0 -107.128,37.6027,0 -107.1283,37.6026,0 -107.1285,37.6025,0 -107.1288,37.6025,0 -107.1292,37.6026,0 -107.1294,37.6027,0 -107.1298,37.6027,0 -107.1304,37.6028,0 -107.131,37.6029,0 -107.1319,37.6029,0 -107.1324,37.6029,0 -107.1332,37.6028,0 -107.1337,37.6027,0 -107.1341,37.6024,0 -107.1344,37.6022,0 -107.1345,37.6021,0 -107.1346,37.602,0 -107.1347,37.6018,0 -107.1349,37.6016,0 -107.135,37.6015,0 -107.1351,37.6013,0 -107.1353,37.6012,0 -107.1355,37.601,0 -107.1356,37.601,0 -107.1358,37.6009,0 -107.1361,37.6008,0 -107.1364,37.6007,0 -107.1365,37.6007,0 -107.1369,37.6007,0 -107.1372,37.6009,0 -107.1376,37.6011,0 -107.1381,37.6013,0 -107.1382,37.6014,0 -107.1386,37.6016,0 -107.1389,37.6019,0 -107.1393,37.6022,0 -107.1395,37.6025,0 -107.1395,37.603,0 -107.1396,37.6034,0 -107.1397,37.6037,0 -107.1399,37.604,0 -107.14,37.6043,0 -107.1401,37.6046,0 -107.1403,37.6052,0 -107.1404,37.6055,0 -107.1404,37.6056,0 -107.1404,37.6061,0 -107.1406,37.6068,0 -107.1408,37.6072,0 -107.1412,37.6078,0 -107.1416,37.6084,0 -107.142,37.6088,0 -107.1423,37.6092,0 -107.1424,37.6097,0 -107.1423,37.6102,0 -107.1422,37.6105,0 -107.1419,37.611,0 -107.1417,37.6114,0 -107.1415,37.6117,0 -107.1415,37.6119,0 -107.1414,37.6122,0 -107.1413,37.6126,0 -107.1415,37.6129,0 -107.1418,37.6133,0 -107.142,37.6136,0 -107.1424,37.6143,0 -107.1427,37.6152,0 -107.143,37.6159,0 -107.1433,37.6163,0 -107.1436,37.6168,0 -107.144,37.6176,0 -107.1441,37.618,0 -107.1441,37.6183,0 -107.1441,37.6184,0 -107.1439,37.6186,0 -107.1435,37.619,0 -107.1431,37.6195,0 -107.1429,37.6196,0 -107.1426,37.6197,0 -107.1425,37.6199,0 -107.1423,37.6201,0 -107.1421,37.6202,0 -107.1419,37.6203,0 -107.1417,37.6204,0 -107.1414,37.6206,0 -107.1411,37.621,0 -107.1408,37.6212,0 -107.1405,37.6214,0 -107.1403,37.6216,0 -107.1402,37.6222,0 -107.14,37.623,0 -107.14,37.6234,0 -107.14,37.6241,0 -107.1401,37.6244,0 -107.1402,37.6246,0 -107.1404,37.6248,0 -107.1407,37.6249,0 -107.1411,37.625,0 -107.1414,37.6252,0 -107.1417,37.6254,0 -107.1419,37.6255,0 -107.1421,37.6256,0 -107.1424,37.6258,0 -107.1425,37.626,0 -107.1427,37.6263,0 -107.1432,37.6266,0 -107.1438,37.627,0 -107.1445,37.6275,0 -107.1452,37.6281,0 -107.1455,37.6283,0 -107.1457,37.6286,0 -107.146,37.6291,0 -107.146,37.6294,0 -107.1461,37.6297,0 -107.1462,37.6305,0 -107.1462,37.6311,0 -107.1463,37.6314,0 -107.1465,37.6321,0 -107.1466,37.6325,0 -107.1467,37.6328,0 -107.1467,37.6331,0 -107.1468,37.6333,0 -107.147,37.6334,0 -107.1472,37.6336,0 -107.1475,37.6337,0 -107.1481,37.6338,0 -107.1487,37.634,0 -107.1491,37.6341,0 -107.1493,37.6343,0 -107.1495,37.6345,0 -107.1498,37.6349,0 -107.15,37.6353,0 -107.1502,37.6357,0 -107.1504,37.6359,0 -107.1507,37.6361,0 -107.151,37.6363,0 -107.1513,37.6365,0 -107.152,37.6368,0 -107.1523,37.637,0 -107.1528,37.637,0 -107.1531,37.637,0 -107.1536,37.6369,0 -107.1539,37.6368,0 -107.1545,37.6367,0 -107.1547,37.6366,0 -107.1551,37.6364,0 -107.1557,37.6362,0 -107.1563,37.636,0 -107.157,37.6357,0 -107.1575,37.6355,0 -107.1579,37.6353,0 -107.1583,37.6353,0 -107.1587,37.6352,0 -107.1594,37.6351,0 -107.1601,37.6347,0 -107.1605,37.6345,0 -107.161,37.6341,0 -107.1613,37.634,0 -107.1617,37.634,0 -107.162,37.634,0 -107.1622,37.634,0 -107.1623,37.6343,0 -107.1625,37.6346,0 -107.1627,37.6349,0 -107.163,37.6353,0 -107.1634,37.6359,0 -107.1635,37.6361,0 -107.1636,37.6362,0 -107.1637,37.6362,0 -107.164,37.6359,0 -107.1644,37.6357,0 -107.1647,37.6356,0 -107.165,37.6354,0 -107.1654,37.6353,0 -107.1656,37.6352,0 -107.1661,37.635,0 -107.1666,37.6348,0 -107.167,37.6345,0 -107.1676,37.6343,0 -107.1677,37.6341,0 -107.1684,37.6338,0 -107.1692,37.6335,0 -107.1698,37.6334,0 -107.1701,37.6333,0 -107.1707,37.6331,0 -107.171,37.6332,0 -107.1712,37.6332,0 -107.1715,37.633,0 -107.172,37.6329,0 -107.1727,37.6328,0 -107.1731,37.6326,0 -107.1735,37.6324,0 -107.174,37.6321,0 -107.1742,37.6319,0 -107.1743,37.6314,0 -107.1744,37.6311,0 -107.1744,37.6309,0 -107.1744,37.6307,0 -107.1745,37.6304,0 -107.1747,37.6301,0 -107.1751,37.6296,0 -107.1754,37.6294,0 -107.1757,37.6292,0 -107.176,37.6289,0 -107.1762,37.6287,0 -107.1763,37.6285,0 -107.1764,37.6281,0 -107.1765,37.628,0 -107.1765,37.6279,0 -107.1767,37.6279,0 -107.1768,37.6279,0 -107.177,37.6279,0 -107.1773,37.6281,0 -107.178,37.6285,0 -107.1785,37.6288,0 -107.179,37.6291,0 -107.1797,37.6294,0 -107.1801,37.6295,0 -107.1804,37.6295,0 -107.1809,37.6294,0 -107.1812,37.6293,0 -107.1817,37.6292,0 -107.1819,37.6291,0 -107.1822,37.629,0 -107.1826,37.629,0 -107.1835,37.6289,0 -107.1842,37.6288,0 -107.1846,37.6287,0 -107.1849,37.6285,0 -107.1851,37.6283,0 -107.1852,37.6281,0 -107.1854,37.6278,0 -107.1855,37.6276,0 -107.1857,37.6274,0 -107.186,37.6272,0 -107.1863,37.6271,0 -107.1866,37.6272,0 -107.1868,37.6272,0 -107.1869,37.6271,0 -107.1871,37.6271,0 -107.1875,37.6269,0 -107.1877,37.6267,0 -107.1881,37.6265,0 -107.1887,37.6263,0 -107.1892,37.6263,0 -107.1899,37.626,0 -107.1908,37.6258,0 -107.1912,37.6257,0 -107.1918,37.6257,0 -107.1924,37.6257,0 -107.1931,37.6256,0 -107.1941,37.6256,0 -107.1947,37.6255,0 -107.1956,37.6256,0 -107.1963,37.6256,0 -107.1972,37.6256,0 -107.1978,37.6257,0 -107.1983,37.6257,0 -107.1988,37.6257,0 -107.1991,37.6257,0 -107.1996,37.6254,0 -107.2,37.6252,0 -107.2003,37.6248,0 -107.2006,37.6243,0 -107.2012,37.6234,0 -107.2015,37.6229,0 -107.2016,37.6223,0 -107.2017,37.622,0 -107.2017,37.6215,0 -107.2017,37.6211,0 -107.2016,37.6208,0 -107.2012,37.6196,0 -107.201,37.6191,0 -107.2007,37.6184,0 -107.2004,37.6174,0 -107.2,37.6167,0 -107.199,37.6158,0 -107.1984,37.6151,0 -107.1981,37.6149,0 -107.1977,37.6147,0 -107.198,37.6147,0 -107.1983,37.6144,0 -107.1986,37.6141,0 -107.1992,37.6135,0 -107.1997,37.6127,0 -107.2,37.6122,0 -107.2002,37.6117,0 -107.2008,37.6111,0 -107.2011,37.6107,0 -107.2014,37.6105,0 -107.2019,37.6101,0 -107.2024,37.6097,0 -107.2026,37.6094,0 -107.2028,37.6091,0 -107.203,37.609,0 -107.2034,37.6087,0 -107.2037,37.6084,0 -107.204,37.6081,0 -107.2042,37.6079,0 -107.2045,37.6078,0 -107.2047,37.6078,0 -107.2051,37.608,0 -107.2053,37.608,0 -107.2059,37.6077,0 -107.2062,37.6076,0 -107.2064,37.6077,0 -107.2068,37.6078,0 -107.2069,37.6079,0 -107.2071,37.6078,0 -107.2072,37.6077,0 -107.2073,37.6076,0 -107.2073,37.6074,0 -107.2073,37.6072,0 -107.2075,37.6068,0 -107.2076,37.6065,0 -107.2078,37.606,0 -107.2079,37.6056,0 -107.208,37.6052,0 -107.2081,37.6049,0 -107.2082,37.6044,0 -107.2083,37.6042,0 -107.2083,37.6039,0 -107.2084,37.6039,0 -107.2085,37.6039,0 -107.2087,37.604,0 -107.209,37.6041,0 -107.2094,37.6042,0 -107.2099,37.6044,0 -107.2104,37.6046,0 -107.2106,37.6047,0 -107.2109,37.6046,0 -107.2112,37.6045,0 -107.2114,37.6044,0 -107.2118,37.6044,0 -107.2122,37.6044,0 -107.2125,37.6043,0 -107.2129,37.6043,0 -107.213,37.6043,0 -107.2133,37.6041,0 -107.2136,37.6039,0 -107.2141,37.6037,0 -107.2145,37.6034,0 -107.2148,37.6031,0 -107.215,37.6028,0 -107.2153,37.6022,0 -107.2156,37.6017,0 -107.2159,37.6014,0 -107.2162,37.6012,0 -107.2165,37.6009,0 -107.2168,37.6007,0 -107.2171,37.6006,0 -107.2174,37.6005,0 -107.2177,37.6004,0 -107.2182,37.6003,0 -107.2187,37.6002,0 -107.2197,37.6,0 -107.2204,37.5999,0 -107.2209,37.5997,0 -107.2212,37.5995,0 -107.2214,37.5993,0 -107.2214,37.5992,0 -107.2214,37.5987,0 -107.2214,37.5984,0 -107.2215,37.598,0 -107.2216,37.5975,0 -107.2217,37.5971,0 -107.2218,37.5968,0 -107.222,37.5963,0 -107.2221,37.596,0 -107.2222,37.5958,0 -107.2223,37.5957,0 -107.2225,37.5955,0 -107.2227,37.5953,0 -107.2228,37.5951,0 -107.2228,37.5949,0 -107.2229,37.5946,0 -107.2234,37.5945,0 -107.2238,37.5944,0 -107.2243,37.5943,0 -107.2247,37.5943,0 -107.2251,37.5944,0 -107.2256,37.5944,0 -107.2259,37.5945,0 -107.226,37.5946,0 -107.2263,37.5947,0 -107.2269,37.5949,0 -107.2274,37.5949,0 -107.2279,37.595,0 -107.2281,37.5951,0 -107.2286,37.5953,0 -107.2289,37.5954,0 -107.2293,37.5954,0 -107.2296,37.5954,0 -107.2299,37.5953,0 -107.2303,37.5952,0 -107.2305,37.5952,0 -107.2306,37.5951,0 -107.2308,37.5952,0 -107.2312,37.5955,0 -107.2315,37.5957,0 -107.2318,37.5959,0 -107.2321,37.5961,0 -107.2324,37.5962,0 -107.2327,37.5964,0 -107.2328,37.5966,0 -107.233,37.5968,0 -107.2332,37.5971,0 -107.2334,37.5973,0 -107.2336,37.5975,0 -107.2338,37.5976,0 -107.2343,37.5976,0 -107.2348,37.5976,0 -107.2349,37.5977,0 -107.2352,37.5977,0 -107.2355,37.5979,0 -107.2359,37.5982,0 -107.2363,37.5985,0 -107.2367,37.5988,0 -107.2368,37.5988,0 -107.2375,37.5994,0 -107.2378,37.5996,0 -107.2381,37.5998,0 -107.2383,37.6001,0 -107.2385,37.6003,0 -107.2387,37.6007,0 -107.2389,37.6009,0 -107.239,37.6011,0 -107.2391,37.6014,0 -107.2394,37.6017,0 -107.2396,37.6019,0 -107.2399,37.6021,0 -107.2401,37.6023,0 -107.2402,37.6024,0 -107.2404,37.6026,0 -107.2408,37.603,0 -107.241,37.6032,0 -107.2416,37.6037,0 -107.2421,37.6042,0 -107.2424,37.6044,0 -107.2426,37.6047,0 -107.243,37.6051,0 -107.2433,37.6053,0 -107.2437,37.6056,0 -107.244,37.6057,0 -107.2443,37.6059,0 -107.2445,37.6061,0 -107.2449,37.6062,0 -107.2451,37.6063,0 -107.2458,37.6064,0 -107.2461,37.6065,0 -107.2465,37.6066,0 -107.247,37.6068,0 -107.2474,37.607,0 -107.2477,37.6071,0 -107.2481,37.6074,0 -107.2485,37.6077,0 -107.2489,37.608,0 -107.2492,37.6083,0 -107.2496,37.6087,0 -107.2498,37.6091,0 -107.25,37.6093,0 -107.2504,37.6097,0 -107.2506,37.6099,0 -107.2509,37.6102,0 -107.251,37.6104,0 -107.2513,37.6106,0 -107.2513,37.6107,0 -107.2515,37.6109,0 -107.2516,37.6113,0 -107.2517,37.6117,0 -107.2517,37.612,0 -107.2517,37.6121,0 -107.2516,37.6123,0 -107.2515,37.6125,0 -107.2513,37.613,0 -107.2512,37.6133,0 -107.2513,37.6135,0 -107.2514,37.6137,0 -107.2516,37.6138,0 -107.2518,37.6138,0 -107.252,37.6138,0 -107.2522,37.6139,0 -107.2523,37.6138,0 -107.2526,37.6138,0 -107.2531,37.614,0 -107.2536,37.6141,0 -107.254,37.6144,0 -107.2542,37.6145,0 -107.2544,37.6147,0 -107.2545,37.6149,0 -107.2548,37.615,0 -107.2553,37.6156,0 -107.2557,37.6159,0 -107.2558,37.616,0 -107.2559,37.6161,0 -107.256,37.6163,0 -107.2562,37.6165,0 -107.2563,37.6167,0 -107.2564,37.6169,0 -107.2565,37.6171,0 -107.2565,37.6173,0 -107.2567,37.6174,0 -107.2568,37.6176,0 -107.257,37.6179,0 -107.2571,37.618,0 -107.2571,37.6182,0 -107.2572,37.6185,0 -107.2573,37.6187,0 -107.2575,37.6189,0 -107.2579,37.6192,0 -107.2581,37.6194,0 -107.2584,37.6197,0 -107.2586,37.6199,0 -107.2588,37.6201,0 -107.2591,37.6204,0 -107.2593,37.6207,0 -107.2595,37.621,0 -107.2595,37.6212,0 -107.2594,37.6214,0 -107.2593,37.6216,0 -107.2589,37.6217,0 -107.2587,37.6219,0 -107.2585,37.6221,0 -107.2582,37.6224,0 -107.2579,37.6227,0 -107.2577,37.6228,0 -107.2575,37.623,0 -107.2575,37.6232,0 -107.2574,37.6234,0 -107.2573,37.6238,0 -107.2571,37.6242,0 -107.2568,37.6246,0 -107.2567,37.6247,0 -107.2567,37.6249,0 -107.2566,37.6255,0 -107.2566,37.6257,0 -107.2565,37.6261,0 -107.2566,37.6263,0 -107.2566,37.6266,0 -107.2565,37.6269,0 -107.2565,37.6272,0 -107.2565,37.6274,0 -107.2564,37.6276,0 -107.2564,37.6277,0 -107.2565,37.6278,0 -107.2566,37.628,0 -107.2569,37.6282,0 -107.2573,37.6284,0 -107.2576,37.6285,0 -107.258,37.6287,0 -107.2584,37.6288,0 -107.2587,37.6289,0 -107.2589,37.6291,0 -107.2592,37.6291,0 -107.2594,37.6291,0 -107.2602,37.6289,0 -107.2611,37.6287,0 -107.2616,37.6288,0 -107.2619,37.6287,0 -107.2622,37.6287,0 -107.2624,37.6288,0 -107.2629,37.6289,0 -107.2635,37.6291,0 -107.2641,37.6294,0 -107.2644,37.6296,0 -107.2646,37.6297,0 -107.2648,37.6298,0 -107.2651,37.6299,0 -107.2653,37.6299,0 -107.2657,37.63,0 -107.266,37.6301,0 -107.2662,37.6302,0 -107.2663,37.6302,0 -107.2664,37.6303,0 -107.2666,37.6305,0 -107.2666,37.6306,0 -107.2665,37.6312,0 -107.2665,37.6316,0 -107.2665,37.6317,0 -107.2665,37.6321,0 -107.2666,37.6322,0 -107.267,37.6324,0 -107.2674,37.6327,0 -107.2675,37.633,0 -107.2678,37.6335,0 -107.2682,37.6338,0 -107.269,37.634,0 -107.2693,37.6342,0 -107.2696,37.6342,0 -107.2697,37.6346,0 -107.2699,37.6352,0 -107.2698,37.6358,0 -107.2698,37.6365,0 -107.2698,37.6367,0 -107.2698,37.6369,0 -107.2702,37.637,0 -107.2708,37.637,0 -107.2715,37.637,0 -107.2721,37.6372,0 -107.2726,37.6374,0 -107.273,37.6376,0 -107.2739,37.638,0 -107.2746,37.6384,0 -107.2752,37.6386,0 -107.276,37.639,0 -107.2767,37.6393,0 -107.2772,37.6396,0 -107.2777,37.6399,0 -107.2782,37.6403,0 -107.2785,37.6406,0 -107.2788,37.6409,0 -107.2789,37.6411,0 -107.2789,37.6412,0 -107.2788,37.6416,0 -107.2785,37.6419,0 -107.2784,37.642,0 -107.2783,37.6421,0 -107.2782,37.6424,0 -107.2781,37.6428,0 -107.278,37.6431,0 -107.2779,37.6435,0 -107.2778,37.6439,0 -107.2778,37.6444,0 -107.2778,37.645,0 -107.2777,37.6459,0 -107.2778,37.6462,0 -107.2779,37.6466,0 -107.2781,37.6468,0 -107.2782,37.6469,0 -107.2783,37.6474,0 -107.2789,37.6487,0 -107.2788,37.6492,0 -107.2788,37.6494,0 -107.2784,37.65,0 -107.2782,37.6504,0 -107.2778,37.6511,0 -107.2774,37.652,0 -107.277,37.6528,0 -107.2767,37.6531,0 -107.2763,37.6532,0 -107.276,37.6534,0 -107.276,37.6537,0 -107.2761,37.6541,0 -107.2761,37.6544,0 -107.2763,37.6547,0 -107.2764,37.6549,0 -107.2765,37.6553,0 -107.2766,37.6555,0 -107.2768,37.6557,0 -107.2772,37.6558,0 -107.2777,37.656,0 -107.2782,37.6564,0 -107.2785,37.6568,0 -107.2787,37.6571,0 -107.279,37.6577,0 -107.2792,37.6583,0 -107.2794,37.659,0 -107.2798,37.6597,0 -107.2801,37.66,0 -107.2803,37.6602,0 -107.2808,37.6606,0 -107.2812,37.6608,0 -107.2814,37.661,0 -107.2819,37.6615,0 -107.2824,37.6621,0 -107.2829,37.6627,0 -107.2832,37.6629,0 -107.2835,37.6632,0 -107.2838,37.6633,0 -107.284,37.6636,0 -107.2844,37.664,0 -107.2852,37.6647,0 -107.2856,37.6648,0 -107.2859,37.6649,0 -107.2863,37.6651,0 -107.2865,37.6653,0 -107.287,37.6656,0 -107.2874,37.6659,0 -107.2877,37.6661,0 -107.2879,37.6663,0 -107.2889,37.6671,0 -107.289,37.6672,0 -107.2892,37.6674,0 -107.2892,37.6676,0 -107.2893,37.668,0 -107.2894,37.6684,0 -107.2894,37.6686,0 -107.2894,37.6688,0 -107.2895,37.6692,0 -107.2896,37.6695,0 -107.2897,37.6697,0 -107.2899,37.6701,0 -107.29,37.6703,0 -107.2903,37.6705,0 -107.2904,37.6707,0 -107.2907,37.671,0 -107.2908,37.6712,0 -107.2908,37.6714,0 -107.2902,37.6713,0 -107.2891,37.6714,0 -107.2887,37.6715,0 -107.2884,37.6718,0 -107.2882,37.6719,0 -107.288,37.6721,0 -107.2877,37.6722,0 -107.2875,37.6723,0 -107.2873,37.6724,0 -107.2867,37.673,0 -107.2866,37.673,0 -107.2865,37.6731,0 -107.2859,37.6731,0 -107.2856,37.6731,0 -107.2855,37.6731,0 -107.285,37.6731,0 -107.2848,37.673,0 -107.2847,37.673,0 -107.2845,37.673,0 -107.2842,37.673,0 -107.2839,37.6729,0 -107.2836,37.6729,0 -107.2832,37.6729,0 -107.2826,37.673,0 -107.2813,37.6735,0 -107.2807,37.6736,0 -107.2803,37.6738,0 -107.2798,37.6741,0 -107.2795,37.6744,0 -107.2791,37.675,0 -107.2789,37.6752,0 -107.2788,37.6753,0 -107.2787,37.6755,0 -107.2784,37.6758,0 -107.2782,37.6759,0 -107.2778,37.6763,0 -107.2768,37.6772,0 -107.2762,37.6776,0 -107.2759,37.6779,0 -107.2754,37.6784,0 -107.275,37.6785,0 -107.2747,37.6787,0 -107.2744,37.6788,0 -107.274,37.6789,0 -107.2737,37.6791,0 -107.2733,37.6793,0 -107.273,37.6796,0 -107.2728,37.6798,0 -107.2727,37.68,0 -107.2728,37.6804,0 -107.2731,37.6806,0 -107.2732,37.6808,0 -107.2734,37.6812,0 -107.2736,37.6816,0 -107.2737,37.6818,0 -107.2738,37.682,0 -107.2738,37.6824,0 -107.2738,37.6826,0 -107.2737,37.683,0 -107.2736,37.6835,0 -107.2733,37.684,0 -107.2733,37.6842,0 -107.2731,37.6846,0 -107.273,37.6847,0 -107.2729,37.6848,0 -107.2727,37.6851,0 -107.2726,37.6853,0 -107.2726,37.6854,0 -107.2728,37.6856,0 -107.273,37.6858,0 -107.2732,37.686,0 -107.2733,37.6863,0 -107.2733,37.6865,0 -107.2734,37.6868,0 -107.2733,37.6873,0 -107.2732,37.6876,0 -107.273,37.6879,0 -107.2727,37.6883,0 -107.2723,37.6887,0 -107.2719,37.689,0 -107.271,37.6898,0 -107.2706,37.69,0 -107.2703,37.6906,0 -107.2702,37.6912,0 -107.2701,37.6915,0 -107.2699,37.6919,0 -107.2696,37.6923,0 -107.2694,37.6927,0 -107.269,37.6939,0 -107.2688,37.6944,0 -107.2688,37.6946,0 -107.2688,37.6948,0 -107.2687,37.6957,0 -107.2687,37.6958,0 -107.2688,37.6959,0 -107.2688,37.696,0 -107.269,37.696,0 -107.2692,37.696,0 -107.2698,37.6958,0 -107.2704,37.6957,0 -107.272,37.6952,0 -107.273,37.6947,0 -107.2736,37.6944,0 -107.2762,37.6941,0 -107.2767,37.694,0 -107.277,37.6939,0 -107.2778,37.6938,0 -107.2786,37.6938,0 -107.2797,37.6935,0 -107.281,37.6931,0 -107.2812,37.693,0 -107.2813,37.693,0 -107.2815,37.6929,0 -107.2816,37.6928,0 -107.2817,37.6927,0 -107.2821,37.692,0 -107.2821,37.6918,0 -107.2822,37.6917,0 -107.2823,37.6915,0 -107.2827,37.691,0 -107.283,37.691,0 -107.2835,37.6908,0 -107.2837,37.6907,0 -107.2841,37.6908,0 -107.2848,37.691,0 -107.2851,37.691,0 -107.2857,37.691,0 -107.2862,37.6911,0 -107.2867,37.691,0 -107.287,37.691,0 -107.2879,37.6905,0 -107.2888,37.6897,0 -107.289,37.6895,0 -107.2898,37.6888,0 -107.2899,37.6887,0 -107.29,37.6886,0 -107.2902,37.6884,0 -107.2904,37.6883,0 -107.2908,37.6879,0 -107.2911,37.6876,0 -107.2912,37.6875,0 -107.2912,37.6873,0 -107.2913,37.6871,0 -107.2913,37.687,0 -107.2913,37.6869,0 -107.2913,37.6866,0 -107.2913,37.6865,0 -107.2913,37.6863,0 -107.2914,37.6861,0 -107.2914,37.686,0 -107.2915,37.6859,0 -107.2919,37.6853,0 -107.292,37.6852,0 -107.292,37.6851,0 -107.292,37.6848,0 -107.292,37.6847,0 -107.2921,37.6846,0 -107.2921,37.6845,0 -107.2922,37.6844,0 -107.2922,37.6842,0 -107.2925,37.6839,0 -107.2928,37.6836,0 -107.293,37.6835,0 -107.2935,37.6833,0 -107.2937,37.6832,0 -107.2939,37.6832,0 -107.2941,37.6831,0 -107.2943,37.6831,0 -107.2944,37.6831,0 -107.2946,37.6829,0 -107.2952,37.6826,0 -107.2963,37.682,0 -107.2972,37.6816,0 -107.2975,37.6815,0 -107.2983,37.6812,0 -107.2988,37.681,0 -107.299,37.681,0 -107.2996,37.6808,0 -107.3001,37.6807,0 -107.3004,37.6806,0 -107.3006,37.6805,0 -107.3011,37.6805,0 -107.3016,37.6805,0 -107.3022,37.6804,0 -107.3027,37.6802,0 -107.303,37.68,0 -107.3033,37.6798,0 -107.3035,37.6796,0 -107.3037,37.6795,0 -107.3039,37.6794,0 -107.3042,37.6792,0 -107.3049,37.6786,0 -107.3052,37.6784,0 -107.3056,37.678,0 -107.3061,37.6776,0 -107.3065,37.6774,0 -107.3067,37.6774,0 -107.3068,37.6774,0 -107.3076,37.6778,0 -107.3086,37.6786,0 -107.3092,37.679,0 -107.31,37.6795,0 -107.3107,37.6799,0 -107.311,37.68,0 -107.3119,37.6802,0 -107.3123,37.6803,0 -107.3128,37.6803,0 -107.3131,37.6803,0 -107.3136,37.6803,0 -107.3141,37.6803,0 -107.3144,37.6803,0 -107.3147,37.6803,0 -107.315,37.6803,0 -107.3154,37.6804,0 -107.3157,37.6804,0 -107.3159,37.6805,0 -107.3161,37.6805,0 -107.3162,37.6805,0 -107.3165,37.6806,0 -107.3166,37.6807,0 -107.3172,37.6809,0 -107.3176,37.681,0 -107.3182,37.681,0 -107.3187,37.6811,0 -107.3191,37.6812,0 -107.3196,37.6814,0 -107.3201,37.6817,0 -107.3204,37.6819,0 -107.3207,37.6821,0 -107.3211,37.6825,0 -107.3214,37.6828,0 -107.3217,37.683,0 -107.322,37.6833,0 -107.3224,37.6834,0 -107.323,37.6836,0 -107.3232,37.6836,0 -107.3237,37.6836,0 -107.3241,37.6836,0 -107.3248,37.6835,0 -107.3253,37.6834,0 -107.3255,37.6834,0 -107.3262,37.6831,0 -107.3266,37.6829,0 -107.3268,37.6828,0 -107.3275,37.6826,0 -107.3284,37.6823,0 -107.3291,37.6822,0 -107.33,37.6819,0 -107.3303,37.6818,0 -107.3305,37.6817,0 -107.3307,37.6815,0 -107.3309,37.6814,0 -107.3317,37.6808,0 -107.3319,37.6806,0 -107.3322,37.6805,0 -107.3325,37.6803,0 -107.3329,37.6803,0 -107.3333,37.6802,0 -107.3335,37.6801,0 -107.3338,37.6801,0 -107.3341,37.6802,0 -107.3343,37.6801,0 -107.3346,37.6801,0 -107.3349,37.68,0 -107.3355,37.6799,0 -107.3356,37.6799,0 -107.3358,37.6799,0 -107.3363,37.6801,0 -107.3365,37.6802,0 -107.3367,37.6802,0 -107.337,37.6803,0 -107.3373,37.6803,0 -107.3376,37.6804,0 -107.3387,37.6804,0 -107.3394,37.6803,0 -107.34,37.6802,0 -107.3406,37.68,0 -107.3411,37.6799,0 -107.3414,37.6796,0 -107.3418,37.6793,0 -107.3421,37.679,0 -107.3425,37.6788,0 -107.3431,37.6787,0 -107.3436,37.6787,0 -107.3444,37.6788,0 -107.3449,37.6788,0 -107.3453,37.6789,0 -107.3456,37.679,0 -107.3458,37.6792,0 -107.346,37.6794,0 -107.3462,37.6795,0 -107.3463,37.6796,0 -107.3465,37.6797,0 -107.347,37.6799,0 -107.3474,37.6801,0 -107.3476,37.6801,0 -107.3478,37.6802,0 -107.3481,37.6802,0 -107.3489,37.6804,0 -107.3492,37.6805,0 -107.3496,37.6806,0 -107.3508,37.6809,0 -107.3511,37.681,0 -107.3513,37.6811,0 -107.3516,37.6811,0 -107.3518,37.6812,0 -107.3529,37.6814,0 -107.3535,37.6815,0 -107.3543,37.6816,0 -107.3559,37.6818,0 -107.3567,37.6819,0 -107.3571,37.6819,0 -107.359,37.6822,0 -107.3592,37.6822,0 -107.3594,37.6823,0 -107.3597,37.6824,0 -107.3599,37.6825,0 -107.3603,37.6827,0 -107.3608,37.6828,0 -107.361,37.6829,0 -107.3612,37.6829,0 -107.3615,37.6829,0 -107.3617,37.6829,0 -107.3619,37.683,0 -107.3628,37.6834,0 -107.3637,37.6838,0 -107.3646,37.6842,0 -107.3654,37.6845,0 -107.3656,37.6845,0 -107.3661,37.6846,0 -107.3663,37.6847,0 -107.3666,37.6847,0 -107.3669,37.6848,0 -107.3671,37.6849,0 -107.3674,37.6849,0 -107.3677,37.6849,0 -107.368,37.6848,0 -107.3683,37.6847,0 -107.3686,37.6845,0 -107.3689,37.6845,0 -107.3693,37.6846,0 -107.3695,37.6848,0 -107.3696,37.6849,0 -107.3698,37.6851,0 -107.3699,37.6852,0 -107.3702,37.6854,0 -107.3706,37.6856,0 -107.3717,37.6859,0 -107.372,37.686,0 -107.3722,37.6861,0 -107.3723,37.6862,0 -107.3726,37.6863,0 -107.373,37.6864,0 -107.3732,37.6865,0 -107.3748,37.6876,0 -107.3749,37.6877,0 -107.375,37.6877,0 -107.3751,37.6876,0 -107.3756,37.6873,0 -107.3759,37.6872,0 -107.3763,37.6869,0 -107.3765,37.6867,0 -107.377,37.6865,0 -107.3778,37.6861,0 -107.3787,37.6856,0 -107.3793,37.6852,0 -107.3796,37.6849,0 -107.3799,37.6848,0 -107.3806,37.6845,0 -107.3811,37.6843,0 -107.382,37.6837,0 -107.3826,37.6834,0 -107.3831,37.6829,0 -107.3838,37.6824,0 -107.3842,37.6821,0 -107.3849,37.6818,0 -107.3855,37.6815,0 -107.386,37.6813,0 -107.3863,37.6811,0 -107.3864,37.6809,0 -107.3865,37.6807,0 -107.3867,37.6805,0 -107.3869,37.6803,0 -107.3873,37.6801,0 -107.3877,37.6801,0 -107.3883,37.6801,0 -107.3885,37.6801,0 -107.3889,37.68,0 -107.3894,37.6798,0 -107.39,37.6797,0 -107.3904,37.6796,0 -107.3911,37.6797,0 -107.3917,37.6797,0 -107.3921,37.6797,0 -107.3923,37.6797,0 -107.3924,37.6797,0 -107.3926,37.6795,0 -107.3927,37.6793,0 -107.393,37.6792,0 -107.3932,37.6791,0 -107.3935,37.6789,0 -107.3936,37.6787,0 -107.3936,37.6785,0 -107.3937,37.6777,0 -107.3937,37.6772,0 -107.3937,37.6768,0 -107.3936,37.6763,0 -107.3936,37.6759,0 -107.3934,37.6755,0 -107.3934,37.6751,0 -107.3935,37.6747,0 -107.3936,37.6741,0 -107.3936,37.6735,0 -107.3938,37.6729,0 -107.3939,37.6724,0 -107.3939,37.6721,0 -107.3938,37.6719,0 -107.3937,37.6716,0 -107.3936,37.6714,0 -107.3935,37.6712,0 -107.3931,37.671,0 -107.393,37.6708,0 -107.3929,37.6706,0 -107.3927,37.6702,0 -107.3927,37.6699,0 -107.3928,37.6696,0 -107.3928,37.6694,0 -107.3928,37.6691,0 -107.3928,37.6688,0 -107.3929,37.6686,0 -107.393,37.6682,0 -107.3929,37.668,0 -107.3928,37.6677,0 -107.3928,37.6673,0 -107.393,37.6671,0 -107.3931,37.6669,0 -107.3932,37.6666,0 -107.3933,37.6665,0 -107.3938,37.6661,0 -107.3942,37.6658,0 -107.3945,37.6655,0 -107.3947,37.6651,0 -107.3947,37.6645,0 -107.3947,37.6642,0 -107.3946,37.6638,0 -107.3944,37.6635,0 -107.3943,37.6633,0 -107.3943,37.6632,0 -107.3945,37.663,0 -107.3947,37.6629,0 -107.3949,37.6626,0 -107.3952,37.6623,0 -107.3954,37.6619,0 -107.3959,37.6613,0 -107.3962,37.6611,0 -107.3966,37.6608,0 -107.397,37.6603,0 -107.3972,37.66,0 -107.3973,37.6598,0 -107.3974,37.6595,0 -107.3975,37.6587,0 -107.3976,37.6582,0 -107.3976,37.6576,0 -107.3978,37.6574,0 -107.398,37.657,0 -107.3982,37.6567,0 -107.3984,37.6565,0 -107.3985,37.6563,0 -107.3985,37.656,0 -107.3984,37.6556,0 -107.3983,37.6552,0 -107.3981,37.6549,0 -107.398,37.6545,0 -107.3979,37.6541,0 -107.3977,37.6536,0 -107.3976,37.6534,0 -107.3975,37.6533,0 -107.3976,37.6531,0 -107.3977,37.6531,0 -107.398,37.653,0 -107.3983,37.6528,0 -107.3989,37.6524,0 -107.3995,37.6521,0 -107.3998,37.6519,0 -107.4001,37.6517,0 -107.4011,37.6513,0 -107.4015,37.6511,0 -107.4019,37.6511,0 -107.4024,37.651,0 -107.4028,37.651,0 -107.4033,37.6509,0 -107.4038,37.6508,0 -107.4045,37.6505,0 -107.405,37.6504,0 -107.4055,37.6501,0 -107.4059,37.6499,0 -107.4062,37.6497,0 -107.4064,37.6497,0 -107.4065,37.6496,0 -107.4068,37.6496,0 -107.4072,37.6496,0 -107.4073,37.6496,0 -107.4075,37.6496,0 -107.4087,37.6496,0 -107.4091,37.6496,0 -107.4096,37.6499,0 -107.4103,37.6501,0 -107.4107,37.6503,0 -107.411,37.6503,0 -107.4112,37.6503,0 -107.4116,37.6502,0 -107.413,37.6502,0 -107.414,37.6502,0 -107.4147,37.6502,0 -107.4156,37.6502,0 -107.4161,37.6501,0 -107.4166,37.65,0 -107.4168,37.6499,0 -107.4175,37.6494,0 -107.4177,37.6493,0 -107.4179,37.6493,0 -107.4181,37.6494,0 -107.4183,37.6496,0 -107.4184,37.6498,0 -107.4187,37.6499,0 -107.4191,37.65,0 -107.4195,37.65,0 -107.4199,37.6499,0 -107.4205,37.6498,0 -107.4209,37.6499,0 -107.4214,37.6498,0 -107.4222,37.6499,0 -107.4227,37.65,0 -107.4232,37.6501,0 -107.4237,37.6503,0 -107.4238,37.6503,0 -107.4239,37.6502,0 -107.4238,37.6499,0 -107.4237,37.6497,0 -107.4237,37.6494,0 -107.4238,37.6492,0 -107.4238,37.6489,0 -107.4238,37.6485,0 -107.4238,37.6482,0 -107.4239,37.6479,0 -107.4241,37.6476,0 -107.4243,37.6472,0 -107.4246,37.6468,0 -107.4249,37.6466,0 -107.425,37.6463,0 -107.4253,37.6459,0 -107.4254,37.6456,0 -107.4257,37.6453,0 -107.4262,37.6447,0 -107.4268,37.644,0 -107.4271,37.6438,0 -107.4274,37.6436,0 -107.4277,37.6434,0 -107.4281,37.6432,0 -107.4285,37.6431,0 -107.4287,37.6429,0 -107.4289,37.6428,0 -107.4289,37.6426,0 -107.4289,37.6424,0 -107.4288,37.6421,0 -107.4288,37.642,0 -107.4289,37.6418,0 -107.429,37.6417,0 -107.4292,37.6413,0 -107.4296,37.6411,0 -107.4302,37.6405,0 -107.4305,37.6404,0 -107.4309,37.6403,0 -107.4312,37.6402,0 -107.4317,37.6402,0 -107.432,37.6401,0 -107.4323,37.64,0 -107.4327,37.6399,0 -107.4328,37.6395,0 -107.4329,37.6393,0 -107.4331,37.6391,0 -107.4336,37.6387,0 -107.4339,37.6385,0 -107.4348,37.6381,0 -107.4351,37.6381,0 -107.4354,37.6382,0 -107.4357,37.6383,0 -107.436,37.6383,0 -107.4362,37.6381,0 -107.4365,37.6379,0 -107.4367,37.6378,0 -107.437,37.6378,0 -107.4375,37.6379,0 -107.4381,37.6381,0 -107.4385,37.6381,0 -107.4389,37.6381,0 -107.4394,37.638,0 -107.4399,37.6379,0 -107.4404,37.6378,0 -107.4411,37.6377,0 -107.4413,37.6376,0 -107.4414,37.6374,0 -107.4415,37.6372,0 -107.4416,37.6371,0 -107.4415,37.6368,0 -107.4412,37.6364,0 -107.441,37.6361,0 -107.4407,37.6358,0 -107.4406,37.6356,0 -107.4405,37.6353,0 -107.4405,37.6351,0 -107.4403,37.6348,0 -107.4402,37.6346,0 -107.4402,37.6345,0 -107.4404,37.6344,0 -107.4407,37.6344,0 -107.441,37.6342,0 -107.4414,37.6341,0 -107.4416,37.6339,0 -107.4417,37.6336,0 -107.4418,37.6334,0 -107.4418,37.633,0 -107.4418,37.6328,0 -107.4418,37.6325,0 -107.4419,37.6324,0 -107.4422,37.6324,0 -107.4426,37.6324,0 -107.4429,37.6324,0 -107.4435,37.6327,0 -107.444,37.6328,0 -107.4444,37.6328,0 -107.4449,37.6329,0 -107.4451,37.6328,0 -107.4455,37.6328,0 -107.4457,37.6328,0 -107.446,37.6328,0 -107.4462,37.6328,0 -107.4464,37.6329,0 -107.4466,37.633,0 -107.4468,37.6331,0 -107.4471,37.6331,0 -107.4474,37.633,0 -107.4478,37.633,0 -107.4481,37.6332,0 -107.4484,37.6333,0 -107.4487,37.6334,0 -107.449,37.6334,0 -107.4493,37.6333,0 -107.4496,37.6332,0 -107.4498,37.6332,0 -107.4501,37.6333,0 -107.4504,37.6334,0 -107.4512,37.6335,0 -107.4515,37.6335,0 -107.4519,37.6337,0 -107.4523,37.6338,0 -107.4527,37.6339,0 -107.4531,37.634,0 -107.4535,37.6341,0 -107.454,37.6342,0 -107.4542,37.6342,0 -107.4543,37.6341,0 -107.4544,37.6339,0 -107.4545,37.6337,0 -107.4547,37.6333,0 -107.4548,37.6331,0 -107.4549,37.6329,0 -107.4552,37.6326,0 -107.4553,37.6324,0 -107.4553,37.6322,0 -107.4553,37.6319,0 -107.4554,37.6317,0 -107.4555,37.6316,0 -107.4559,37.6313,0 -107.456,37.6312,0 -107.456,37.631,0 -107.4558,37.6308,0 -107.4554,37.6306,0 -107.455,37.6303,0 -107.455,37.6302,0 -107.455,37.63,0 -107.4552,37.6299,0 -107.4554,37.6298,0 -107.4557,37.6298,0 -107.456,37.6299,0 -107.4562,37.6299,0 -107.4564,37.6298,0 -107.4565,37.6296,0 -107.4566,37.6294,0 -107.4569,37.6293,0 -107.4575,37.6293,0 -107.4582,37.6294,0 -107.4587,37.6295,0 -107.4592,37.6295,0 -107.4595,37.6295,0 -107.4599,37.6296,0 -107.4603,37.6295,0 -107.4606,37.6295,0 -107.461,37.6294,0 -107.4614,37.6294,0 -107.4617,37.6294,0 -107.4622,37.6296,0 -107.4628,37.6298,0 -107.4635,37.6301,0 -107.4639,37.6301,0 -107.4651,37.6309,0 -107.4655,37.6312,0 -107.4658,37.6314,0 -107.4663,37.6316,0 -107.467,37.632,0 -107.4675,37.6321,0 -107.4679,37.6322,0 -107.4683,37.6323,0 -107.4688,37.6326,0 -107.4693,37.6329,0 -107.4695,37.6331,0 -107.47,37.6337,0 -107.4705,37.6342,0 -107.4709,37.6346,0 -107.4711,37.6348,0 -107.4714,37.6353,0 -107.4717,37.6357,0 -107.4719,37.6359,0 -107.4722,37.6361,0 -107.4726,37.6363,0 -107.4729,37.6364,0 -107.4733,37.6364,0 -107.4738,37.6365,0 -107.4743,37.6365,0 -107.4745,37.6366,0 -107.4747,37.6368,0 -107.4757,37.6376,0 -107.4762,37.6381,0 -107.4765,37.6384,0 -107.4768,37.6386,0 -107.477,37.6387,0 -107.4773,37.6388,0 -107.4775,37.6388,0 -107.4778,37.6389,0 -107.4781,37.6392,0 -107.4783,37.6394,0 -107.4789,37.6397,0 -107.4792,37.6398,0 -107.4794,37.64,0 -107.4796,37.6401,0 -107.4798,37.6404,0 -107.4798,37.6408,0 -107.4799,37.641,0 -107.4801,37.6413,0 -107.4805,37.6417,0 -107.4808,37.6418,0 -107.4812,37.6421,0 -107.4818,37.6426,0 -107.4821,37.643,0 -107.4824,37.6432,0 -107.4828,37.6434,0 -107.4832,37.6436,0 -107.4837,37.644,0 -107.4841,37.6443,0 -107.4845,37.6446,0 -107.4847,37.6449,0 -107.4849,37.6453,0 -107.4851,37.6456,0 -107.4854,37.646,0 -107.4858,37.6464,0 -107.4862,37.6468,0 -107.4865,37.6471,0 -107.4867,37.6473,0 -107.4868,37.6476,0 -107.4869,37.6479,0 -107.4872,37.6483,0 -107.4875,37.6487,0 -107.4881,37.6492,0 -107.4885,37.6497,0 -107.489,37.65,0 -107.4895,37.6505,0 -107.4898,37.6507,0 -107.4904,37.651,0 -107.4911,37.6513,0 -107.4916,37.6514,0 -107.4918,37.6516,0 -107.492,37.6517,0 -107.4921,37.652,0 -107.4922,37.6523,0 -107.4922,37.6527,0 -107.4921,37.6529,0 -107.4918,37.6531,0 -107.4916,37.6533,0 -107.4915,37.6535,0 -107.4914,37.6538,0 -107.4913,37.6541,0 -107.4912,37.6543,0 -107.491,37.6546,0 -107.4909,37.6548,0 -107.4908,37.655,0 -107.4908,37.6553,0 -107.4906,37.6556,0 -107.4904,37.656,0 -107.4902,37.6563,0 -107.4901,37.6567,0 -107.49,37.6569,0 -107.49,37.6573,0 -107.4899,37.6577,0 -107.4898,37.6581,0 -107.4896,37.6584,0 -107.4894,37.6587,0 -107.4893,37.659,0 -107.4895,37.6593,0 -107.49,37.6597,0 -107.4904,37.66,0 -107.4909,37.6603,0 -107.4915,37.6606,0 -107.4918,37.6609,0 -107.492,37.6613,0 -107.4923,37.6616,0 -107.4927,37.6619,0 -107.4931,37.6622,0 -107.4935,37.6628,0 -107.4937,37.6632,0 -107.494,37.6638,0 -107.4941,37.6641,0 -107.4942,37.6645,0 -107.4944,37.6649,0 -107.4945,37.6652,0 -107.4946,37.6656,0 -107.4947,37.6659,0 -107.4949,37.6663,0 -107.4951,37.6665,0 -107.4953,37.6668,0 -107.4954,37.6671,0 -107.4955,37.6673,0 -107.4956,37.6675,0 -107.4959,37.6677,0 -107.4963,37.6678,0 -107.497,37.6683,0 -107.4974,37.6686,0 -107.4977,37.669,0 -107.498,37.6695,0 -107.4981,37.67,0 -107.4982,37.6705,0 -107.4983,37.671,0 -107.4984,37.6714,0 -107.4984,37.6718,0 -107.4984,37.6722,0 -107.4983,37.6726,0 -107.4982,37.6733,0 -107.4981,37.6744,0 -107.4982,37.6746,0 -107.4982,37.6749,0 -107.4981,37.6753,0 -107.4982,37.6755,0 -107.4985,37.6757,0 -107.499,37.6758,0 -107.4998,37.6761,0 -107.5004,37.6763,0 -107.5007,37.6765,0 -107.501,37.6768,0 -107.5012,37.6771,0 -107.5014,37.6772,0 -107.5017,37.6774,0 -107.502,37.6775,0 -107.5021,37.6777,0 -107.502,37.6778,0 -107.5019,37.678,0 -107.5017,37.6783,0 -107.5014,37.6786,0 -107.501,37.6791,0 -107.5006,37.6799,0 -107.5005,37.6802,0 -107.5004,37.6805,0 -107.5003,37.6807,0 -107.5003,37.6809,0 -107.5005,37.6811,0 -107.5006,37.6813,0 -107.501,37.6815,0 -107.5013,37.6819,0 -107.5015,37.6823,0 -107.5019,37.6832,0 -107.502,37.6836,0 -107.502,37.6839,0 -107.5019,37.6843,0 -107.5019,37.6845,0 -107.5017,37.6851,0 -107.5017,37.6853,0 -107.5018,37.6854,0 -107.5021,37.6855,0 -107.5023,37.6857,0 -107.5025,37.6858,0 -107.5028,37.6861,0 -107.5029,37.6864,0 -107.503,37.6868,0 -107.5031,37.6871,0 -107.5031,37.6873,0 -107.5029,37.6876,0 -107.5028,37.6878,0 -107.5028,37.6881,0 -107.5028,37.6885,0 -107.5027,37.6889,0 -107.5025,37.6893,0 -107.5023,37.6899,0 -107.5022,37.6904,0 -107.5022,37.6908,0 -107.5023,37.691,0 -107.5029,37.6915,0 -107.5036,37.6918,0 -107.5038,37.6919,0 -107.504,37.6921,0 -107.504,37.6924,0 -107.5039,37.6927,0 -107.5039,37.693,0 -107.504,37.6933,0 -107.5052,37.6937,0 -107.506,37.6941,0 -107.5065,37.6942,0 -107.5069,37.6943,0 -107.5073,37.6943,0 -107.5075,37.6944,0 -107.5076,37.6945,0 -107.5078,37.6946,0 -107.508,37.695,0 -107.5083,37.6951,0 -107.5084,37.6952,0 -107.5086,37.6953,0 -107.5086,37.6954,0 -107.5088,37.6955,0 -107.5087,37.6957,0 -107.5084,37.696,0 -107.5082,37.6962,0 -107.5081,37.6964,0 -107.5082,37.6966,0 -107.5085,37.6969,0 -107.5087,37.6971,0 -107.5092,37.6973,0 -107.5103,37.6979,0 -107.5107,37.6981,0 -107.511,37.6983,0 -107.5113,37.6984,0 -107.5117,37.6989,0 -107.5123,37.699,0 -107.5127,37.6992,0 -107.5131,37.6994,0 -107.5136,37.6996,0 -107.5139,37.6998,0 -107.5145,37.7001,0 -107.5146,37.7002,0 -107.5148,37.7004,0 -107.5153,37.7005,0 -107.5159,37.7006,0 -107.5164,37.7006,0 -107.5169,37.7005,0 -107.5173,37.7006,0 -107.5182,37.7012,0 -107.519,37.7017,0 -107.5194,37.7021,0 -107.5198,37.7025,0 -107.52,37.7028,0 -107.5202,37.7029,0 -107.5202,37.7034,0 -107.5202,37.7048,0 -107.5206,37.7055,0 -107.521,37.7061,0 -107.5214,37.7063,0 -107.522,37.7064,0 -107.5227,37.7067,0 -107.5234,37.7069,0 -107.524,37.7069,0 -107.5244,37.7069,0 -107.525,37.7069,0 -107.5256,37.7068,0 -107.5275,37.7065,0 -107.5287,37.7063,0 -107.5294,37.7063,0 -107.5297,37.7063,0 -107.5298,37.7063,0 -107.5299,37.7062,0 -107.5302,37.706,0 -107.5304,37.7058,0 -107.5307,37.7056,0 -107.5313,37.7054,0 -107.5315,37.7054,0 -107.5318,37.7054,0 -107.5322,37.7055,0 -107.5325,37.7056,0 -107.5329,37.7058,0 -107.5332,37.706,0 -107.5341,37.7066,0 -107.5348,37.7069,0 -107.535,37.7071,0 -107.5354,37.7074,0 -107.5359,37.7077,0 -107.5368,37.7081,0 -107.5372,37.7083,0 -107.5373,37.7084,0 -107.5373,37.7085,0 -107.5373,37.7086,0 -107.5371,37.7089,0 -107.5368,37.7092,0 -107.5367,37.7095,0 -107.5366,37.7097,0 -107.5366,37.7098,0 -107.5367,37.71,0 -107.5368,37.7102,0 -107.5368,37.7103,0 -107.5368,37.7104,0 -107.5368,37.7105,0 -107.5365,37.7106,0 -107.5362,37.7108,0 -107.5359,37.7109,0 -107.5357,37.7111,0 -107.5354,37.7115,0 -107.5351,37.712,0 -107.5348,37.7123,0 -107.5348,37.7125,0 -107.5348,37.7127,0 -107.5349,37.713,0 -107.5349,37.7133,0 -107.5349,37.7135,0 -107.535,37.7138,0 -107.5348,37.7141,0 -107.5346,37.7143,0 -107.5342,37.7146,0 -107.5339,37.7148,0 -107.5338,37.7149,0 -107.5339,37.7149,0 -107.5339,37.715,0 -107.5342,37.7152,0 -107.5345,37.7154,0 -107.535,37.7157,0 -107.5352,37.7159,0 -107.5354,37.7162,0 -107.5355,37.7165,0 -107.5356,37.7169,0 -107.5357,37.7171,0 -107.5358,37.7174,0 -107.5358,37.7177,0 -107.536,37.7183,0 -107.5362,37.7187,0 -107.5363,37.7191,0 -107.5363,37.7196,0 -107.5363,37.72,0 -107.5362,37.7204,0 -107.5362,37.7207,0 -107.5362,37.7211,0 -107.5361,37.7215,0 -107.5361,37.7219,0 -107.5363,37.7221,0 -107.5365,37.7225,0 -107.5366,37.7227,0 -107.5367,37.7229,0 -107.5368,37.7231,0 -107.5369,37.7234,0 -107.537,37.7237,0 -107.5372,37.724,0 -107.5374,37.7241,0 -107.5375,37.7241,0 -107.5384,37.7241,0 -107.5397,37.7241,0 -107.5401,37.7241,0 -107.5404,37.7242,0 -107.5407,37.7243,0 -107.5409,37.7244,0 -107.5412,37.7244,0 -107.5416,37.7244,0 -107.5421,37.7244,0 -107.5424,37.7245,0 -107.5425,37.7246,0 -107.5425,37.7247,0 -107.5425,37.7248,0 -107.5424,37.725,0 -107.5423,37.7252,0 -107.5423,37.7254,0 -107.5423,37.7257,0 -107.5423,37.7259,0 -107.5424,37.7261,0 -107.5424,37.7264,0 -107.5425,37.7268,0 -107.5425,37.7271,0 -107.5426,37.7274,0 -107.5427,37.7275,0 -107.5429,37.7277,0 -107.5431,37.7279,0 -107.5433,37.7282,0 -107.5434,37.7287,0 -107.5435,37.7291,0 -107.5436,37.7296,0 -107.5435,37.7298,0 -107.5434,37.7299,0 -107.5432,37.7302,0 -107.5428,37.7306,0 -107.5425,37.7308,0 -107.5421,37.7315,0 -107.5421,37.7321,0 -107.542,37.7325,0 -107.543,37.7335,0 -107.5434,37.7339,0 -107.5442,37.7346,0 -107.5446,37.7348,0 -107.545,37.735,0 -107.5453,37.7351,0 -107.5457,37.7353,0 -107.546,37.7354,0 -107.5467,37.7356,0 -107.5472,37.7357,0 -107.5474,37.7358,0 -107.5479,37.736,0 -107.5483,37.7362,0 -107.5484,37.7364,0 -107.5485,37.7365,0 -107.5485,37.7366,0 -107.5485,37.7368,0 -107.5485,37.737,0 -107.5488,37.7383,0 -107.5493,37.7394,0 -107.5494,37.7397,0 -107.5496,37.7401,0 -107.5497,37.7403,0 -107.55,37.7407,0 -107.5501,37.7411,0 -107.5504,37.7415,0 -107.5508,37.7418,0 -107.5512,37.7421,0 -107.5516,37.7425,0 -107.5518,37.7426,0 -107.5519,37.7427,0 -107.552,37.7429,0 -107.5521,37.7433,0 -107.5525,37.7447,0 -107.5527,37.7464,0 -107.5527,37.7467,0 -107.5529,37.7474,0 -107.553,37.7479,0 -107.5529,37.7484,0 -107.5529,37.7487,0 -107.5533,37.7494,0 -107.5537,37.7501,0 -107.5541,37.7505,0 -107.5542,37.7507,0 -107.5545,37.7516,0 -107.5547,37.7522,0 -107.555,37.7534,0 -107.5548,37.7541,0 -107.5543,37.7548,0 -107.5545,37.755,0 -107.5549,37.7554,0 -107.5552,37.756,0 -107.5557,37.7566,0 -107.5565,37.7573,0 -107.5567,37.7576,0 -107.5567,37.7582,0 -107.5568,37.7584,0 -107.557,37.7593,0 -107.557,37.76,0 -107.5572,37.7602,0 -107.5578,37.7609,0 -107.5584,37.7616,0 -107.5588,37.7618,0 -107.5589,37.7621,0 -107.559,37.7623,0 -107.559,37.7626,0 -107.5591,37.7629,0 -107.5592,37.7633,0 -107.5591,37.7636,0 -107.5592,37.7643,0 -107.5594,37.7653,0 -107.5592,37.7658,0 -107.559,37.7661,0 -107.5583,37.7668,0 -107.5578,37.7673,0 -107.5574,37.7676,0 -107.557,37.7678,0 -107.5566,37.7681,0 -107.5567,37.7684,0 -107.5568,37.7687,0 -107.5568,37.7689,0 -107.5571,37.7692,0 -107.5572,37.7695,0 -107.5574,37.7699,0 -107.5576,37.7703,0 -107.5576,37.7704,0 -107.5578,37.7707,0 -107.5577,37.7714,0 -107.5575,37.7719,0 -107.5573,37.7723,0 -107.5571,37.7728,0 -107.5571,37.773,0 -107.5571,37.7733,0 -107.5568,37.7734,0 -107.5565,37.7734,0 -107.5561,37.7735,0 -107.5558,37.7737,0 -107.5557,37.7739,0 -107.5556,37.7742,0 -107.5556,37.7745,0 -107.5557,37.7749,0 -107.5558,37.7752,0 -107.5559,37.7757,0 -107.5559,37.7761,0 -107.5559,37.7764,0 -107.5558,37.7767,0 -107.5556,37.777,0 -107.5554,37.7772,0 -107.5553,37.7774,0 -107.5552,37.7776,0 -107.5552,37.7777,0 -107.5551,37.7781,0 -107.555,37.7784,0 -107.5548,37.7786,0 -107.5545,37.7789,0 -107.5543,37.7791,0 -107.5542,37.7795,0 -107.5542,37.7799,0 -107.5543,37.7802,0 -107.5544,37.7804,0 -107.5547,37.7809,0 -107.5548,37.7812,0 -107.5547,37.7813,0 -107.5544,37.7815,0 -107.554,37.7817,0 -107.5536,37.7819,0 -107.5533,37.7821,0 -107.5532,37.7823,0 -107.5532,37.7825,0 -107.5533,37.7827,0 -107.5535,37.783,0 -107.5541,37.7835,0 -107.5544,37.7836,0 -107.5547,37.7837,0 -107.5549,37.7839,0 -107.5548,37.7841,0 -107.5548,37.7844,0 -107.5548,37.7847,0 -107.5549,37.785,0 -107.555,37.7855,0 -107.5552,37.7859,0 -107.5554,37.7863,0 -107.5555,37.7867,0 -107.5553,37.7869,0 -107.5551,37.7872,0 -107.5549,37.7875,0 -107.555,37.7882,0 -107.5548,37.7886,0 -107.5548,37.7889,0 -107.5548,37.7891,0 -107.5548,37.7894,0 -107.5548,37.7896,0 -107.5546,37.7897,0 -107.5544,37.7897,0 -107.5539,37.7898,0 -107.5536,37.79,0 -107.5533,37.7902,0 -107.553,37.7904,0 -107.5528,37.7907,0 -107.5526,37.7909,0 -107.5526,37.791,0 -107.5526,37.7912,0 -107.5525,37.7915,0 -107.5523,37.7917,0 -107.5519,37.792,0 -107.5517,37.7921,0 -107.5512,37.7924,0 -107.5509,37.7926,0 -107.5506,37.7927,0 -107.5505,37.7929,0 -107.5505,37.793,0 -107.5505,37.7933,0 -107.5504,37.7935,0 -107.5503,37.7937,0 -107.5502,37.794,0 -107.5502,37.7942,0 -107.5502,37.7946,0 -107.5501,37.795,0 -107.5499,37.7952,0 -107.549,37.7958,0 -107.5486,37.796,0 -107.5484,37.7962,0 -107.5482,37.7963,0 -107.5481,37.7967,0 -107.548,37.7971,0 -107.5477,37.7974,0 -107.5475,37.7976,0 -107.5471,37.7979,0 -107.5467,37.7983,0 -107.5463,37.7984,0 -107.5459,37.7987,0 -107.5457,37.7989,0 -107.5457,37.799,0 -107.5456,37.7993,0 -107.5457,37.7995,0 -107.5456,37.7997,0 -107.5453,37.7998,0 -107.545,37.7999,0 -107.5446,37.8,0 -107.5442,37.8001,0 -107.5438,37.8001,0 -107.5433,37.8002,0 -107.5427,37.8002,0 -107.5417,37.8002,0 -107.5412,37.8002,0 -107.5407,37.8002,0 -107.5402,37.8003,0 -107.5397,37.8004,0 -107.5393,37.8005,0 -107.539,37.8006,0 -107.5386,37.801,0 -107.5382,37.8014,0 -107.5379,37.8017,0 -107.5377,37.8017,0 -107.5375,37.8018,0 -107.5372,37.8019,0 -107.537,37.8021,0 -107.5369,37.8022,0 -107.5368,37.8022,0 -107.5364,37.8022,0 -107.5361,37.8022,0 -107.5356,37.8022,0 -107.5348,37.8023,0 -107.5344,37.8024,0 -107.5341,37.8025,0 -107.5338,37.8026,0 -107.5335,37.8028,0 -107.5333,37.8029,0 -107.533,37.8029,0 -107.5325,37.8028,0 -107.532,37.8024,0 -107.5311,37.8018,0 -107.5305,37.8015,0 -107.5301,37.8013,0 -107.53,37.8012,0 -107.5298,37.8012,0 -107.5297,37.8013,0 -107.5298,37.8016,0 -107.5299,37.8018,0 -107.5301,37.802,0 -107.5302,37.8022,0 -107.5302,37.8025,0 -107.5302,37.8029,0 -107.5304,37.8031,0 -107.5308,37.8035,0 -107.5311,37.8037,0 -107.5313,37.8037,0 -107.5314,37.8039,0 -107.5315,37.8044,0 -107.5316,37.8047,0 -107.5316,37.8049,0 -107.5314,37.8051,0 -107.5311,37.8053,0 -107.5309,37.8055,0 -107.5307,37.8058,0 -107.5304,37.806,0 -107.5303,37.8063,0 -107.5302,37.8067,0 -107.5301,37.8071,0 -107.5301,37.8074,0 -107.5298,37.8077,0 -107.5295,37.808,0 -107.5293,37.8082,0 -107.5291,37.8083,0 -107.5288,37.8084,0 -107.5286,37.8085,0 -107.5285,37.8087,0 -107.5283,37.809,0 -107.5281,37.8093,0 -107.528,37.8094,0 -107.5277,37.8095,0 -107.5272,37.8096,0 -107.5268,37.8096,0 -107.5266,37.8097,0 -107.5265,37.8098,0 -107.5266,37.8099,0 -107.5267,37.8101,0 -107.5268,37.8104,0 -107.5268,37.8107,0 -107.5268,37.8109,0 -107.5269,37.8114,0 -107.5268,37.8116,0 -107.5267,37.8118,0 -107.5264,37.8121,0 -107.5262,37.8124,0 -107.5261,37.8126,0 -107.5259,37.8133,0 -107.5256,37.8136,0 -107.5252,37.8138,0 -107.5248,37.814,0 -107.5245,37.814,0 -107.5236,37.8143,0 -107.5232,37.8145,0 -107.5227,37.8146,0 -107.5222,37.8147,0 -107.5216,37.815,0 -107.5211,37.8152,0 -107.5207,37.8154,0 -107.5205,37.8155,0 -107.5202,37.8155,0 -107.5198,37.8154,0 -107.5193,37.8154,0 -107.5189,37.8155,0 -107.5185,37.8156,0 -107.5183,37.8157,0 -107.5186,37.8161,0 -107.5188,37.8164,0 -107.5188,37.8168,0 -107.5188,37.8171,0 -107.5186,37.8172,0 -107.5185,37.8174,0 -107.5185,37.8175,0 -107.5187,37.8177,0 -107.5191,37.8179,0 -107.5195,37.818,0 -107.5198,37.8181,0 -107.5201,37.8182,0 -107.5204,37.8183,0 -107.5207,37.8186,0 -107.5209,37.8188,0 -107.521,37.819,0 -107.5211,37.8193,0 -107.5212,37.8196,0 -107.5212,37.8199,0 -107.5213,37.8204,0 -107.5214,37.8206,0 -107.5214,37.8209,0 -107.5215,37.821,0 -107.5217,37.8212,0 -107.5218,37.8213,0 -107.5219,37.8216,0 -107.5221,37.8218,0 -107.5224,37.8219,0 -107.5227,37.822,0 -107.5229,37.8222,0 -107.5231,37.8223,0 -107.5231,37.8226,0 -107.5231,37.8228,0 -107.523,37.823,0 -107.5229,37.8232,0 -107.5225,37.8235,0 -107.522,37.8236,0 -107.5217,37.8238,0 -107.5214,37.8239,0 -107.5211,37.8242,0 -107.5207,37.8244,0 -107.5204,37.8246,0 -107.5203,37.8247,0 -107.5198,37.8249,0 -107.5192,37.8252,0 -107.5186,37.8254,0 -107.5182,37.8257,0 -107.5179,37.8258,0 -107.5174,37.8261,0 -107.517,37.8263,0 -107.5168,37.8265,0 -107.5169,37.8267,0 -107.5169,37.8269,0 -107.5168,37.8272,0 -107.5169,37.8275,0 -107.5169,37.8277,0 -107.5171,37.8279,0 -107.5171,37.8281,0 -107.5172,37.8282,0 -107.5172,37.8284,0 -107.5172,37.8288,0 -107.5173,37.8289,0 -107.5173,37.8291,0 -107.5173,37.8292,0 -107.5173,37.8294,0 -107.5171,37.8295,0 -107.5169,37.8296,0 -107.5168,37.8296,0 -107.5167,37.8299,0 -107.5166,37.8301,0 -107.5165,37.8305,0 -107.5165,37.8309,0 -107.5165,37.8313,0 -107.5164,37.8315,0 -107.5163,37.8316,0 -107.5162,37.8318,0 -107.5162,37.8319,0 -107.5164,37.8323,0 -107.5165,37.8327,0 -107.5165,37.8329,0 -107.5168,37.8331,0 -107.5168,37.8332,0 -107.5168,37.8338,0 -107.5165,37.8342,0 -107.5162,37.8344,0 -107.5161,37.8347,0 -107.5156,37.8352,0 -107.5152,37.8355,0 -107.515,37.8357,0 -107.5143,37.8363,0 -107.5137,37.8369,0 -107.5134,37.8371,0 -107.5133,37.8371,0 -107.5132,37.8372,0 -107.513,37.8373,0 -107.5127,37.8374,0 -107.5125,37.8374,0 -107.5122,37.8375,0 -107.5121,37.8375,0 -107.5118,37.8377,0 -107.5117,37.8378,0 -107.5115,37.8379,0 -107.5113,37.838,0 -107.5112,37.8382,0 -107.511,37.8385,0 -107.511,37.8386,0 -107.5109,37.8388,0 -107.5107,37.839,0 -107.5106,37.8392,0 -107.5104,37.8394,0 -107.5102,37.8396,0 -107.5101,37.8396,0 -107.51,37.8397,0 -107.5098,37.8399,0 -107.5096,37.84,0 -107.5094,37.8401,0 -107.5091,37.8402,0 -107.5088,37.8403,0 -107.5086,37.8404,0 -107.5083,37.8405,0 -107.508,37.8406,0 -107.5078,37.8407,0 -107.5074,37.8408,0 -107.507,37.8409,0 -107.5067,37.841,0 -107.5064,37.841,0 -107.506,37.8412,0 -107.5055,37.8411,0 -107.505,37.841,0 -107.504,37.8409,0 -107.503,37.8408,0 -107.5017,37.8406,0 -107.5008,37.8404,0 -107.5001,37.8401,0 -107.4997,37.8399,0 -107.4999,37.8404,0 -107.5,37.8408,0 -107.5002,37.8417,0 -107.5005,37.8427,0 -107.5004,37.843,0 -107.5004,37.8436,0 -107.5003,37.8437,0 -107.5001,37.8439,0 -107.5,37.8441,0 -107.4999,37.8443,0 -107.4998,37.8444,0 -107.4998,37.8447,0 -107.4998,37.8448,0 -107.4997,37.845,0 -107.4995,37.8452,0 -107.4993,37.8452,0 -107.4991,37.8452,0 -107.4989,37.8452,0 -107.4987,37.8453,0 -107.4983,37.8455,0 -107.4979,37.8458,0 -107.4975,37.8461,0 -107.4973,37.8464,0 -107.497,37.8468,0 -107.4968,37.847,0 -107.4966,37.8472,0 -107.4965,37.8475,0 -107.4963,37.8477,0 -107.4963,37.848,0 -107.4962,37.8482,0 -107.496,37.8485,0 -107.4959,37.8487,0 -107.4957,37.8489,0 -107.4955,37.8491,0 -107.4953,37.8493,0 -107.4951,37.8494,0 -107.4949,37.8496,0 -107.4947,37.8497,0 -107.4945,37.8498,0 -107.4942,37.8498,0 -107.494,37.8499,0 -107.4938,37.8499,0 -107.4934,37.85,0 -107.4932,37.8499,0 -107.4929,37.8497,0 -107.4927,37.8495,0 -107.4923,37.8491,0 -107.492,37.8488,0 -107.4916,37.8484,0 -107.4911,37.8482,0 -107.4905,37.8478,0 -107.49,37.8474,0 -107.4896,37.8473,0 -107.4894,37.8473,0 -107.4893,37.8472,0 -107.4891,37.847,0 -107.489,37.8468,0 -107.4886,37.8466,0 -107.4881,37.8462,0 -107.4878,37.846,0 -107.4874,37.8459,0 -107.4871,37.8458,0 -107.4869,37.8457,0 -107.4867,37.8457,0 -107.4864,37.8457,0 -107.4862,37.8457,0 -107.4858,37.8458,0 -107.4854,37.8457,0 -107.485,37.8456,0 -107.4849,37.8456,0 -107.4848,37.8455,0 -107.4847,37.8454,0 -107.4845,37.8453,0 -107.4844,37.8453,0 -107.4843,37.8452,0 -107.4839,37.8453,0 -107.4835,37.8454,0 -107.4832,37.8455,0 -107.4829,37.8457,0 -107.4824,37.8459,0 -107.4818,37.846,0 -107.4815,37.846,0 -107.4813,37.846,0 -107.4811,37.846,0 -107.4808,37.846,0 -107.4802,37.8459,0 -107.4799,37.8458,0 -107.4797,37.8457,0 -107.4795,37.8457,0 -107.4793,37.8456,0 -107.4791,37.8456,0 -107.479,37.8455,0 -107.4788,37.8454,0 -107.4786,37.8453,0 -107.4784,37.8452,0 -107.4782,37.8451,0 -107.478,37.8451,0 -107.4778,37.8451,0 -107.4777,37.8452,0 -107.4776,37.8452,0 -107.4773,37.8454,0 -107.4772,37.8455,0 -107.4771,37.8457,0 -107.4769,37.8458,0 -107.4767,37.846,0 -107.4765,37.8462,0 -107.4763,37.8464,0 -107.4759,37.8466,0 -107.4758,37.8468,0 -107.4756,37.8471,0 -107.4755,37.8472,0 -107.4753,37.8473,0 -107.4752,37.8473,0 -107.4752,37.8472,0 -107.4751,37.8468,0 -107.4749,37.8465,0 -107.4747,37.8461,0 -107.4743,37.8459,0 -107.474,37.8458,0 -107.4738,37.8461,0 -107.4733,37.8465,0 -107.4728,37.8466,0 -107.4718,37.8467,0 -107.4712,37.8471,0 -107.4708,37.8475,0 -107.4706,37.8475,0 -107.4698,37.847,0 -107.469,37.8466,0 -107.4687,37.8465,0 -107.4682,37.8462,0 -107.4677,37.8461,0 -107.4674,37.8461,0 -107.4672,37.8462,0 -107.467,37.8463,0 -107.4667,37.8467,0 -107.4667,37.8469,0 -107.4667,37.8474,0 -107.4667,37.8477,0 -107.4666,37.848,0 -107.4665,37.8482,0 -107.4663,37.8486,0 -107.4663,37.8489,0 -107.4663,37.8491,0 -107.4663,37.8495,0 -107.4664,37.85,0 -107.4664,37.8502,0 -107.4664,37.8505,0 -107.4663,37.8507,0 -107.4661,37.8511,0 -107.4659,37.8513,0 -107.4658,37.8517,0 -107.4655,37.8524,0 -107.4654,37.8527,0 -107.4651,37.8531,0 -107.4648,37.8536,0 -107.4646,37.8542,0 -107.4644,37.8546,0 -107.4643,37.8549,0 -107.4642,37.8553,0 -107.4641,37.8558,0 -107.464,37.8561,0 -107.4639,37.8567,0 -107.464,37.857,0 -107.4641,37.8572,0 -107.4646,37.8578,0 -107.4648,37.858,0 -107.4649,37.8581,0 -107.4651,37.8583,0 -107.4652,37.8584,0 -107.4653,37.8585,0 -107.4653,37.8586,0 -107.4654,37.8587,0 -107.4653,37.8588,0 -107.4652,37.8587,0 -107.465,37.8586,0 -107.4649,37.8584,0 -107.4647,37.8583,0 -107.4644,37.8581,0 -107.4641,37.8579,0 -107.4639,37.8578,0 -107.4636,37.8576,0 -107.4633,37.8575,0 -107.463,37.8574,0 -107.4627,37.8573,0 -107.4625,37.8573,0 -107.4621,37.8572,0 -107.4616,37.8571,0 -107.4612,37.8569,0 -107.4608,37.8567,0 -107.4604,37.8565,0 -107.4602,37.8565,0 -107.4601,37.8565,0 -107.4598,37.8565,0 -107.4595,37.8566,0 -107.4593,37.8566,0 -107.4589,37.8564,0 -107.4586,37.8561,0 -107.4584,37.856,0 -107.4582,37.8558,0 -107.4581,37.8556,0 -107.4577,37.8551,0 -107.4575,37.8549,0 -107.4571,37.8544,0 -107.457,37.8541,0 -107.4569,37.8537,0 -107.457,37.8533,0 -107.4569,37.8528,0 -107.4566,37.8525,0 -107.4564,37.8523,0 -107.456,37.852,0 -107.4557,37.8519,0 -107.4555,37.8519,0 -107.4554,37.8518,0 -107.4552,37.8517,0 -107.455,37.8516,0 -107.455,37.8512,0 -107.4549,37.8508,0 -107.455,37.8507,0 -107.4547,37.8506,0 -107.4543,37.8505,0 -107.454,37.8503,0 -107.4538,37.8502,0 -107.4536,37.8501,0 -107.4534,37.85,0 -107.4532,37.8498,0 -107.453,37.8498,0 -107.4528,37.8497,0 -107.4527,37.8496,0 -107.4525,37.8496,0 -107.4523,37.8495,0 -107.4522,37.8495,0 -107.4522,37.8494,0 -107.4521,37.8493,0 -107.4521,37.8492,0 -107.4521,37.849,0 -107.4521,37.8488,0 -107.452,37.8486,0 -107.452,37.8484,0 -107.4519,37.8479,0 -107.4518,37.8477,0 -107.4518,37.8475,0 -107.4517,37.8474,0 -107.4516,37.8473,0 -107.4514,37.8471,0 -107.451,37.8472,0 -107.4504,37.8472,0 -107.45,37.8475,0 -107.4497,37.8477,0 -107.4495,37.8477,0 -107.4493,37.8477,0 -107.449,37.8477,0 -107.4486,37.8479,0 -107.4484,37.8481,0 -107.4481,37.8483,0 -107.4479,37.8486,0 -107.4477,37.8488,0 -107.4476,37.8489,0 -107.4474,37.849,0 -107.4473,37.8491,0 -107.4468,37.849,0 -107.4461,37.8488,0 -107.4459,37.8488,0 -107.4455,37.8488,0 -107.4454,37.8487,0 -107.4453,37.8486,0 -107.4453,37.8485,0 -107.4452,37.8483,0 -107.4452,37.8482,0 -107.4453,37.8479,0 -107.4454,37.8477,0 -107.4454,37.8476,0 -107.4454,37.8475,0 -107.4454,37.8474,0 -107.4453,37.8472,0 -107.4451,37.847,0 -107.4451,37.8469,0 -107.4452,37.8467,0 -107.4452,37.8465,0 -107.4452,37.8463,0 -107.4452,37.8462,0 -107.4453,37.846,0 -107.4453,37.8459,0 -107.4454,37.8457,0 -107.4455,37.8456,0 -107.4455,37.8454,0 -107.4455,37.8448,0 -107.4455,37.8446,0 -107.4456,37.8444,0 -107.4457,37.8441,0 -107.4458,37.844,0 -107.4457,37.8439,0 -107.4456,37.8438,0 -107.4454,37.8438,0 -107.4453,37.8439,0 -107.4452,37.844,0 -107.4451,37.844,0 -107.4449,37.8441,0 -107.4446,37.8443,0 -107.4443,37.8444,0 -107.4441,37.8446,0 -107.4438,37.8448,0 -107.4437,37.845,0 -107.4434,37.8453,0 -107.4431,37.8456,0 -107.4428,37.846,0 -107.4426,37.8461,0 -107.4424,37.846,0 -107.4422,37.8458,0 -107.4416,37.8454,0 -107.4414,37.8452,0 -107.4412,37.8449,0 -107.4406,37.8448,0 -107.4399,37.8447,0 -107.4392,37.8447,0 -107.439,37.8449,0 -107.4388,37.845,0 -107.4385,37.8454,0 -107.4383,37.8456,0 -107.4381,37.8458,0 -107.4381,37.8459,0 -107.4379,37.846,0 -107.4377,37.8461,0 -107.4376,37.8461,0 -107.4374,37.846,0 -107.4371,37.846,0 -107.4369,37.846,0 -107.4366,37.846,0 -107.4363,37.846,0 -107.4362,37.846,0 -107.4361,37.8461,0 -107.436,37.8463,0 -107.4359,37.8466,0 -107.4357,37.847,0 -107.4355,37.8472,0 -107.4352,37.8473,0 -107.4347,37.8476,0 -107.4343,37.8478,0 -107.4338,37.8481,0 -107.4336,37.8482,0 -107.4334,37.8484,0 -107.4331,37.8485,0 -107.4329,37.8486,0 -107.4326,37.8488,0 -107.4325,37.8489,0 -107.4324,37.8491,0 -107.4322,37.8494,0 -107.4321,37.8498,0 -107.432,37.8501,0 -107.4319,37.8505,0 -107.4319,37.8507,0 -107.4319,37.8509,0 -107.4319,37.851,0 -107.4319,37.8513,0 -107.432,37.8515,0 -107.432,37.8517,0 -107.4321,37.8519,0 -107.4321,37.8521,0 -107.432,37.8522,0 -107.432,37.8523,0 -107.4319,37.8524,0 -107.4317,37.8526,0 -107.4311,37.8527,0 -107.4305,37.8528,0 -107.4302,37.8529,0 -107.4301,37.853,0 -107.43,37.8531,0 -107.4299,37.8532,0 -107.4299,37.8535,0 -107.4299,37.8538,0 -107.4299,37.8541,0 -107.4298,37.8544,0 -107.4297,37.8546,0 -107.4296,37.8547,0 -107.4293,37.855,0 -107.429,37.8552,0 -107.4285,37.8555,0 -107.4281,37.8557,0 -107.4278,37.856,0 -107.4275,37.8563,0 -107.4272,37.8566,0 -107.4272,37.8567,0 -107.4271,37.8568,0 -107.427,37.8568,0 -107.4269,37.857,0 -107.4269,37.8573,0 -107.4268,37.8575,0 -107.4264,37.8578,0 -107.4258,37.8584,0 -107.4254,37.8589,0 -107.4253,37.859,0 -107.4251,37.8592,0 -107.4247,37.8592,0 -107.4246,37.8592,0 -107.4244,37.8593,0 -107.4242,37.8592,0 -107.4241,37.8592,0 -107.4239,37.8591,0 -107.4235,37.859,0 -107.4233,37.8589,0 -107.423,37.8587,0 -107.4228,37.8587,0 -107.4225,37.8587,0 -107.4222,37.8587,0 -107.422,37.8586,0 -107.4216,37.8586,0 -107.4212,37.8585,0 -107.4188,37.8585,0 -107.4186,37.8585,0 -107.4184,37.8584,0 -107.4183,37.8584,0 -107.4182,37.8585,0 -107.418,37.8585,0 -107.4178,37.8584,0 -107.4177,37.8584,0 -107.4175,37.8584,0 -107.4174,37.8583,0 -107.4173,37.8582,0 -107.4173,37.858,0 -107.4172,37.858,0 -107.4171,37.8579,0 -107.417,37.8579,0 -107.4168,37.8578,0 -107.4167,37.8578,0 -107.4166,37.8577,0 -107.4165,37.8576,0 -107.4164,37.8575,0 -107.4163,37.8574,0 -107.4161,37.8572,0 -107.4159,37.857,0 -107.4155,37.8568,0 -107.4151,37.8567,0 -107.4146,37.8565,0 -107.4143,37.8565,0 -107.414,37.8564,0 -107.4135,37.8564,0 -107.413,37.8563,0 -107.4123,37.8563,0 -107.4116,37.8562,0 -107.4109,37.8563,0 -107.4102,37.8563,0 -107.4097,37.8563,0 -107.4092,37.8563,0 -107.4087,37.8564,0 -107.4084,37.8564,0 -107.4079,37.8566,0 -107.4075,37.8567,0 -107.4072,37.8568,0 -107.4066,37.8568,0 -107.4062,37.8568,0 -107.4056,37.8568,0 -107.4051,37.8568,0 -107.4046,37.8569,0 -107.4039,37.8571,0 -107.4036,37.8572,0 -107.4034,37.8573,0 -107.4032,37.8573,0 -107.4031,37.8574,0 -107.4028,37.8574,0 -107.4025,37.8574,0 -107.4021,37.8574,0 -107.402,37.8574,0 -107.4014,37.8575,0 -107.4009,37.8575,0 -107.4002,37.8575,0 -107.3998,37.8574,0 -107.3992,37.8572,0 -107.3988,37.8571,0 -107.3984,37.8569,0 -107.398,37.8568,0 -107.3977,37.8566,0 -107.3974,37.8566,0 -107.3971,37.8564,0 -107.3966,37.8564,0 -107.3964,37.8564,0 -107.3961,37.8563,0 -107.3956,37.8561,0 -107.3955,37.856,0 -107.395,37.8559,0 -107.3944,37.8558,0 -107.3937,37.8557,0 -107.3932,37.8556,0 -107.3928,37.8556,0 -107.3922,37.8556,0 -107.3917,37.8556,0 -107.3912,37.8556,0 -107.3907,37.8555,0 -107.3902,37.8555,0 -107.3899,37.8555,0 -107.3895,37.8553,0 -107.3892,37.8553,0 -107.3889,37.8552,0 -107.3886,37.8554,0 -107.3884,37.8556,0 -107.3882,37.8559,0 -107.3881,37.8561,0 -107.3879,37.8562,0 -107.3877,37.8563,0 -107.3874,37.8563,0 -107.3873,37.8562,0 -107.3871,37.8563,0 -107.3866,37.8564,0 -107.386,37.8566,0 -107.3858,37.8568,0 -107.3849,37.8575,0 -107.3847,37.8579,0 -107.3843,37.8583,0 -107.3836,37.8589,0 -107.3832,37.8592,0 -107.3831,37.8595,0 -107.3829,37.8597,0 -107.3825,37.8599,0 -107.3823,37.8601,0 -107.3822,37.8603,0 -107.382,37.8603,0 -107.3815,37.8605,0 -107.3813,37.8605,0 -107.3812,37.8606,0 -107.3811,37.8606,0 -107.3808,37.8607,0 -107.3807,37.8607,0 -107.3806,37.8606,0 -107.3805,37.8606,0 -107.3804,37.8605,0 -107.3803,37.8604,0 -107.3802,37.8602,0 -107.3801,37.86,0 -107.3799,37.8596,0 -107.3798,37.8594,0 -107.3795,37.8593,0 -107.3793,37.8591,0 -107.3792,37.859,0 -107.3791,37.8588,0 -107.3789,37.8587,0 -107.3787,37.8585,0 -107.3785,37.8583,0 -107.3783,37.8583,0 -107.3781,37.8582,0 -107.3779,37.8582,0 -107.3776,37.8581,0 -107.3774,37.8579,0 -107.3771,37.8576,0 -107.3768,37.8573,0 -107.3766,37.857,0 -107.3763,37.8567,0 -107.3762,37.8566,0 -107.376,37.8564,0 -107.3757,37.8561,0 -107.3755,37.856,0 -107.3754,37.8559,0 -107.3751,37.8558,0 -107.3747,37.8558,0 -107.3745,37.8558,0 -107.3743,37.8558,0 -107.3741,37.8559,0 -107.3738,37.856,0 -107.3734,37.8562,0 -107.3731,37.8563,0 -107.3725,37.8564,0 -107.372,37.8564,0 -107.3712,37.8562,0 -107.3707,37.8561,0 -107.3702,37.8561,0 -107.3694,37.856,0 -107.3688,37.856,0 -107.3687,37.8561,0 -107.3683,37.8563,0 -107.3679,37.8566,0 -107.3677,37.8568,0 -107.3674,37.857,0 -107.367,37.857,0 -107.3667,37.8569,0 -107.3663,37.8568,0 -107.3659,37.8568,0 -107.3654,37.8569,0 -107.365,37.8572,0 -107.3647,37.8572,0 -107.3643,37.8573,0 -107.3639,37.8573,0 -107.3635,37.8575,0 -107.3633,37.8576,0 -107.3629,37.8579,0 -107.3626,37.8581,0 -107.3624,37.8584,0 -107.362,37.8587,0 -107.3618,37.8588,0 -107.3612,37.8591,0 -107.361,37.8592,0 -107.3609,37.8593,0 -107.3606,37.8593,0 -107.3605,37.8592,0 -107.3602,37.8592,0 -107.3595,37.859,0 -107.3588,37.8589,0 -107.358,37.8589,0 -107.3576,37.8589,0 -107.3572,37.8587,0 -107.357,37.8586,0 -107.3567,37.8585,0 -107.3564,37.8584,0 -107.3559,37.8584,0 -107.3556,37.8584,0 -107.3555,37.8583,0 -107.3553,37.858,0 -107.3549,37.8578,0 -107.3546,37.8577,0 -107.3544,37.8576,0 -107.3542,37.8574,0 -107.3539,37.8572,0 -107.3536,37.8571,0 -107.353,37.8569,0 -107.3526,37.857,0 -107.3521,37.857,0 -107.3518,37.8572,0 -107.3514,37.8572,0 -107.351,37.8571,0 -107.3504,37.8568,0 -107.3498,37.8566,0 -107.3494,37.8565,0 -107.3486,37.8569,0 -107.3481,37.8571,0 -107.3479,37.8572,0 -107.3477,37.8573,0 -107.3475,37.8575,0 -107.3475,37.8577,0 -107.3474,37.8577,0 -107.3473,37.8579,0 -107.3473,37.8581,0 -107.3474,37.8582,0 -107.3474,37.8587,0 -107.3473,37.859,0 -107.3469,37.8597,0 -107.3468,37.8603,0 -107.3465,37.861,0 -107.3465,37.8613,0 -107.3464,37.8617,0 -107.3464,37.8619,0 -107.3465,37.8624,0 -107.3465,37.8628,0 -107.3465,37.863,0 -107.3462,37.8632,0 -107.3459,37.8635,0 -107.3456,37.864,0 -107.3455,37.8646,0 -107.3453,37.8652,0 -107.3452,37.8654,0 -107.3449,37.8655,0 -107.3444,37.8657,0 -107.3443,37.866,0 -107.3441,37.8663,0 -107.3436,37.8666,0 -107.3432,37.8668,0 -107.3429,37.867,0 -107.3428,37.8672,0 -107.3428,37.8673,0 -107.3425,37.8676,0 -107.3424,37.8678,0 -107.3421,37.868,0 -107.342,37.868,0 -107.3417,37.8683,0 -107.3411,37.8688,0 -107.3409,37.869,0 -107.3407,37.8692,0 -107.3406,37.8694,0 -107.3405,37.8695,0 -107.3407,37.8698,0 -107.3409,37.87,0 -107.3409,37.8701,0 -107.3409,37.8703,0 -107.3409,37.8706,0 -107.3408,37.8707,0 -107.3406,37.8709,0 -107.3403,37.8711,0 -107.3402,37.8713,0 -107.3401,37.8715,0 -107.3397,37.8716,0 -107.3392,37.8716,0 -107.3385,37.8718,0 -107.3381,37.872,0 -107.3379,37.8722,0 -107.3378,37.8724,0 -107.3377,37.8728,0 -107.3377,37.8729,0 -107.3377,37.873,0 -107.3376,37.8732,0 -107.3373,37.8734,0 -107.337,37.8736,0 -107.3369,37.8738,0 -107.3369,37.874,0 -107.3368,37.8743,0 -107.3368,37.8744,0 -107.3367,37.8747,0 -107.3364,37.8749,0 -107.3362,37.875,0 -107.336,37.8751,0 -107.336,37.8752,0 -107.3359,37.8756,0 -107.3357,37.8759,0 -107.3354,37.8761,0 -107.3351,37.8763,0 -107.3347,37.8763,0 -107.3345,37.8764,0 -107.334,37.8766,0 -107.3337,37.8767,0 -107.3333,37.8769,0 -107.3329,37.8771,0 -107.3326,37.8773,0 -107.332,37.8776,0 -107.3316,37.8778,0 -107.3314,37.878,0 -107.3309,37.8783,0 -107.3306,37.8786,0 -107.3302,37.8789,0 -107.3297,37.879,0 -107.3294,37.8792,0 -107.3291,37.8793,0 -107.3287,37.8793,0 -107.3283,37.8795,0 -107.3279,37.8796,0 -107.3276,37.8798,0 -107.3273,37.88,0 -107.3271,37.8802,0 -107.3268,37.8805,0 -107.3266,37.8809,0 -107.3265,37.8811,0 -107.3265,37.8814,0 -107.3266,37.8819,0 -107.3265,37.8822,0 -107.3264,37.8823,0 -107.3262,37.8825,0 -107.3258,37.8825,0 -107.3256,37.8826,0 -107.3252,37.8828,0 -107.3249,37.883,0 -107.3246,37.8833,0 -107.3241,37.8837,0 -107.3237,37.8842,0 -107.3232,37.8847,0 -107.3227,37.8851,0 -107.3223,37.8854,0 -107.3218,37.8856,0 -107.3213,37.8857,0 -107.3207,37.886,0 -107.3205,37.8861,0 -107.3202,37.8863,0 -107.32,37.8866,0 -107.3198,37.8869,0 -107.3196,37.8872,0 -107.3195,37.8875,0 -107.3194,37.8877,0 -107.3192,37.888,0 -107.319,37.8883,0 -107.3188,37.8887,0 -107.3187,37.8889,0 -107.3182,37.89,0 -107.3181,37.8902,0 -107.3179,37.8903,0 -107.3175,37.8905,0 -107.3172,37.8906,0 -107.3169,37.8909,0 -107.3167,37.8911,0 -107.3165,37.8913,0 -107.3161,37.8918,0 -107.3158,37.892,0 -107.3156,37.8921,0 -107.3155,37.8921,0 -107.3153,37.892,0 -107.3152,37.8919,0 -107.315,37.8919,0 -107.3148,37.8918,0 -107.3144,37.8918,0 -107.314,37.8918,0 -107.3137,37.8918,0 -107.3133,37.8918,0 -107.3126,37.8919,0 -107.3125,37.8919,0 -107.3124,37.8918,0 -107.3123,37.8918,0 -107.3121,37.8916,0 -107.3117,37.8914,0 -107.3113,37.8912,0 -107.3109,37.8911,0 -107.3107,37.8911,0 -107.3101,37.8912,0 -107.3095,37.8913,0 -107.3089,37.8915,0 -107.3086,37.8916,0 -107.3082,37.8922,0 -107.3079,37.8926,0 -107.3074,37.8934,0 -107.3073,37.8936,0 -107.3071,37.894,0 -107.3069,37.8942,0 -107.3067,37.8943,0 -107.3065,37.8944,0 -107.3063,37.8945,0 -107.3063,37.8946,0 -107.3063,37.895,0 -107.3064,37.8952,0 -107.3064,37.8953,0 -107.3062,37.8954,0 -107.3061,37.8956,0 -107.3058,37.8956,0 -107.3051,37.8957,0 -107.3043,37.896,0 -107.3038,37.8962,0 -107.3034,37.8966,0 -107.3029,37.8971,0 -107.3029,37.8976,0 -107.3029,37.898,0 -107.3028,37.8981,0 -107.3024,37.8982,0 -107.3021,37.8983,0 -107.3011,37.8985,0 -107.3006,37.8987,0 -107.3004,37.8989,0 -107.3003,37.8992,0 -107.3002,37.8994,0 -107.3002,37.8998,0 -107.3001,37.9,0 -107.2999,37.9004,0 -107.2997,37.9008,0 -107.2995,37.9012,0 -107.2994,37.9016,0 -107.2993,37.9019,0 -107.2995,37.9022,0 -107.2994,37.9023,0 -107.299,37.9026,0 -107.2986,37.9027,0 -107.2988,37.9033,0 -107.2989,37.9036,0 -107.299,37.9039,0 -107.2992,37.9043,0 -107.2992,37.9047,0 -107.2992,37.9051,0 -107.2992,37.9053,0 -107.2987,37.9056,0 -107.2982,37.9059,0 -107.2978,37.9063,0 -107.2975,37.9066,0 -107.2965,37.907,0 -107.296,37.9072,0 -107.2954,37.9074,0 -107.295,37.9076,0 -107.2942,37.9077,0 -107.2936,37.9079,0 -107.2936,37.9083,0 -107.2935,37.9085,0 -107.2935,37.9088,0 -107.2934,37.9092,0 -107.2933,37.9095,0 -107.2931,37.9098,0 -107.2927,37.9104,0 -107.2925,37.9109,0 -107.2923,37.9118,0 -107.2923,37.9122,0 -107.2922,37.9124,0 -107.2918,37.9126,0 -107.2909,37.9131,0 -107.2905,37.9139,0 -107.2902,37.9146,0 -107.2899,37.915,0 -107.2894,37.9156,0 -107.2891,37.9158,0 -107.2888,37.9159,0 -107.2884,37.916,0 -107.2882,37.9161,0 -107.2875,37.9164,0 -107.287,37.9166,0 -107.2868,37.9168,0 -107.2861,37.9171,0 -107.2857,37.9174,0 -107.2855,37.9178,0 -107.2852,37.9183,0 -107.2848,37.9189,0 -107.2847,37.9194,0 -107.2846,37.9201,0 -107.2845,37.9206,0 -107.2845,37.921,0 -107.2846,37.9217,0 -107.284,37.9221,0 -107.2837,37.9223,0 -107.2833,37.9224,0 -107.283,37.9225,0 -107.2825,37.9228,0 -107.2823,37.9229,0 -107.2808,37.9243,0 -107.2804,37.9248,0 -107.2802,37.9251,0 -107.28,37.9255,0 -107.28,37.9256,0 -107.28,37.9258,0 -107.28,37.9261,0 -107.28,37.9265,0 -107.28,37.9267,0 -107.2799,37.9269,0 -107.2795,37.9273,0 -107.2789,37.9279,0 -107.2786,37.9283,0 -107.2784,37.9288,0 -107.2783,37.9292,0 -107.2782,37.9296,0 -107.2782,37.9299,0 -107.2781,37.9301,0 -107.2778,37.9303,0 -107.2775,37.9303,0 -107.2771,37.9305,0 -107.2763,37.9305,0 -107.2757,37.9306,0 -107.2753,37.9307,0 -107.2749,37.9308,0 -107.2743,37.9311,0 -107.2739,37.9313,0 -107.2733,37.9318,0 -107.2731,37.9319,0 -107.2729,37.932,0 -107.2727,37.9322,0 -107.2725,37.9324,0 -107.2723,37.9326,0 -107.2721,37.9327,0 -107.2719,37.9329,0 -107.2716,37.9332,0 -107.2715,37.9333,0 -107.2713,37.9341,0 -107.2711,37.9344,0 -107.2708,37.9348,0 -107.2707,37.9352,0 -107.2704,37.9356,0 -107.2701,37.9361,0 -107.2698,37.9365,0 -107.2695,37.9369,0 -107.2692,37.9372,0 -107.2689,37.9374,0 -107.2687,37.9375,0 -107.2681,37.9377,0 -107.2679,37.9378,0 -107.2678,37.9379,0 -107.2676,37.9379,0 -107.2674,37.938,0 -107.2673,37.938,0 -107.267,37.938,0 -107.2667,37.938,0 -107.2663,37.938,0 -107.266,37.938,0 -107.2652,37.9377,0 -107.2645,37.9376,0 -107.2638,37.9373,0 -107.2627,37.9367,0 -107.2608,37.9358,0 -107.2601,37.9353,0 -107.2593,37.9347,0 -107.2587,37.9341,0 -107.2579,37.933,0 -107.2572,37.9322,0 -107.2566,37.9316,0 -107.256,37.931,0 -107.255,37.9304,0 -107.2539,37.9296,0 -107.2532,37.9293,0 -107.2526,37.9291,0 -107.2515,37.9289,0 -107.2499,37.9287,0 -107.2489,37.9285,0 -107.2481,37.9284,0 -107.2469,37.9284,0 -107.2463,37.9284,0 -107.246,37.9284,0 -107.2458,37.9285,0 -107.2442,37.9284,0 -107.2428,37.9282,0 -107.2415,37.9282,0 -107.2399,37.928,0 -107.2386,37.9279,0 -107.2377,37.928,0 -107.2364,37.928,0 -107.2352,37.9283,0 -107.2341,37.9286,0 -107.2334,37.9287,0 -107.2323,37.9286,0 -107.2316,37.9285,0 -107.2311,37.9282,0 -107.2306,37.9279,0 -107.2303,37.9278,0 -107.2299,37.9275,0 -107.2296,37.9274,0 -107.2293,37.9271,0 -107.2289,37.9269,0 -107.2285,37.9267,0 -107.2279,37.9265,0 -107.2274,37.9263,0 -107.2267,37.9261,0 -107.2261,37.926,0 -107.2257,37.926,0 -107.2254,37.926,0 -107.2251,37.926,0 -107.2248,37.9261,0 -107.2245,37.9263,0 -107.2234,37.9272,0 -107.2233,37.9275,0 -107.223,37.928,0 -107.2224,37.9282,0 -107.2202,37.9285,0 -107.2197,37.9285,0 -107.2189,37.9285,0 -107.2174,37.9285,0 -107.2164,37.9285,0 -107.2142,37.9285,0 -107.2122,37.9287,0 -107.2116,37.9287,0 -107.2104,37.9287,0 -107.2095,37.9288,0 -107.2083,37.9288,0 -107.2068,37.9289,0 -107.2056,37.9291,0 -107.2041,37.9295,0 -107.2018,37.9298,0 -107.2011,37.9302,0 -107.201,37.9303,0 -107.2008,37.9304,0 -107.2007,37.9305,0 -107.2006,37.9306,0 -107.2005,37.9307,0 -107.2003,37.9308,0 -107.2002,37.9309,0 -107.2001,37.931,0 -107.2,37.9311,0 -107.1999,37.9312,0 -107.1998,37.9314,0 -107.1997,37.9315,0 -107.1996,37.9316,0 -107.1995,37.9317,0 -107.1994,37.9318,0 -107.1993,37.9319,0 -107.1992,37.9321,0 -107.1992,37.9322,0 -107.1991,37.9323,0 -107.1991,37.9325,0 -107.199,37.9326,0 -107.199,37.9327,0 -107.1989,37.9329,0 -107.1989,37.933,0 -107.1988,37.9331,0 -107.1988,37.9333,0 -107.1988,37.9334,0 -107.1988,37.9336,0 -107.1988,37.9337,0 -107.1987,37.9338,0 -107.1987,37.934,0 -107.1987,37.9341,0 -107.1986,37.9342,0 -107.1983,37.9347,0 -107.1981,37.9348,0 -107.1978,37.935,0 -107.1972,37.9352,0 -107.1964,37.9354,0 -107.1955,37.9356,0 -107.1947,37.9358,0 -107.1939,37.936,0 -107.1931,37.9362,0 -107.1923,37.9363,0 -107.1913,37.9364,0 -107.1905,37.9366,0 -107.1887,37.9367,0 -107.1876,37.9367,0 -107.1863,37.9367,0 -107.1849,37.9365,0 -107.1842,37.9364,0 -107.1835,37.9361,0 -107.183,37.9358,0 -107.1825,37.9356,0 -107.182,37.9356,0 -107.1812,37.9356,0 -107.1808,37.9356,0 -107.1805,37.9357,0 -107.1799,37.9358,0 -107.1793,37.9361,0 -107.1773,37.9366,0 -107.1766,37.9367,0 -107.1748,37.9364,0 -107.1729,37.9364,0 -107.1708,37.9366,0 -107.1701,37.937,0 -107.1692,37.9373,0 -107.1688,37.9374,0 -107.1682,37.9376,0 -107.1676,37.9378,0 -107.1673,37.9381,0 -107.1667,37.9386,0 -107.1657,37.939,0 -107.1643,37.9392,0 -107.1626,37.9393,0 -107.1622,37.9393,0 -107.1615,37.9392,0 -107.1611,37.9391,0 -107.1605,37.939,0 -107.1599,37.939,0 -107.1595,37.9391,0 -107.1591,37.9392,0 -107.1588,37.9394,0 -107.1583,37.9397,0 -107.1576,37.9398,0 -107.1569,37.9399,0 -107.1561,37.9401,0 -107.1555,37.9402,0 -107.1547,37.9402,0 -107.1541,37.9401,0 -107.1533,37.94,0 -107.1524,37.9399,0 -107.1513,37.9399,0 -107.1504,37.94,0 -107.1497,37.94,0 -107.149,37.94,0 -107.1484,37.94,0 -107.1479,37.9401,0 -107.1474,37.9401,0 -107.1468,37.94,0 -107.1466,37.9399,0 -107.1458,37.9397,0 -107.1454,37.9396,0 -107.1452,37.9396,0 -107.1442,37.9393,0 -107.1436,37.9392,0 -107.1428,37.9392,0 -107.1417,37.9393,0 -107.1416,37.9392,0 -107.1413,37.9391,0 -107.1407,37.9387,0 -107.1402,37.9385,0 -107.1394,37.9384,0 -107.1387,37.9383,0 -107.1382,37.9383,0 -107.1373,37.9381,0 -107.1363,37.9379,0 -107.1353,37.9375,0 -107.1346,37.9372,0 -107.1339,37.937,0 -107.1336,37.9369,0 -107.133,37.9368,0 -107.1325,37.9369,0 -107.1317,37.9371,0 -107.131,37.9374,0 -107.1305,37.9377,0 -107.1277,37.9392,0 -107.1265,37.9398,0 -107.1254,37.9403,0 -107.1248,37.9407,0 -107.124,37.941,0 -107.1233,37.9411,0 -107.1226,37.9412,0 -107.1219,37.9413,0 -107.1214,37.9415,0 -107.1208,37.9417,0 -107.1204,37.942,0 -107.12,37.9422,0 -107.1197,37.9424,0 -107.119,37.9424,0 -107.1186,37.9426,0 -107.1184,37.9426,0 -107.1183,37.9426,0 -107.1181,37.9426,0 -107.118,37.9424,0 -107.118,37.9423,0 -107.1178,37.942,0 -107.1177,37.9418,0 -107.1175,37.9417,0 -107.1174,37.9416,0 -107.1172,37.9415,0 -107.1171,37.9415,0 -107.1169,37.9415,0 -107.1157,37.9417,0 -107.1138,37.9422,0 -107.1114,37.9428,0 -107.1102,37.9433,0 -107.1092,37.9437,0 -107.1089,37.9439,0 -107.1087,37.9443,0 -107.1085,37.9449,0 -107.1085,37.945,0 -107.1083,37.9452,0 -107.1081,37.9455,0 -107.1077,37.946,0 -107.1075,37.9462,0 -107.1073,37.9464,0 -107.1067,37.9469,0 -107.1063,37.9473,0 -107.106,37.9477,0 -107.1057,37.9481,0 -107.1055,37.9486,0 -107.1052,37.9494,0 -107.105,37.9498,0 -107.1048,37.9502,0 -107.1047,37.9504,0 -107.1045,37.9506,0 -107.1045,37.9511,0 -107.1045,37.952,0 -107.1045,37.9526,0 -107.1045,37.9528,0 -107.1042,37.9532,0 -107.1035,37.9539,0 -107.1031,37.9542,0 -107.103,37.9544,0 -107.103,37.9549,0 -107.103,37.9552,0 -107.103,37.9554,0 -107.1029,37.9554,0 -107.1028,37.9554,0 -107.1026,37.9553,0 -107.1024,37.9551,0 -107.1022,37.9547,0 -107.1019,37.9544,0 -107.1015,37.9539,0 -107.1014,37.9536,0 -107.1013,37.9529,0 -107.1012,37.9527,0 -107.1011,37.9525,0 -107.1008,37.9523,0 -107.1005,37.952,0 -107.1,37.9517,0 -107.0994,37.9515,0 -107.0988,37.9514,0 -107.0984,37.9513,0 -107.0981,37.951,0 -107.0976,37.9508,0 -107.097,37.9505,0 -107.0962,37.9501,0 -107.0958,37.95,0 -107.0954,37.9499,0 -107.0951,37.9498,0 -107.0945,37.9495,0 -107.0931,37.9492,0 -107.0924,37.9492,0 -107.0915,37.9492,0 -107.0912,37.9493,0 -107.0905,37.9496,0 -107.0901,37.9496,0 -107.0895,37.9499,0 -107.0889,37.9502,0 -107.0885,37.9507,0 -107.0882,37.9511,0 -107.0879,37.9517,0 -107.0875,37.9519,0 -107.0871,37.9523,0 -107.0866,37.9527,0 -107.0862,37.953,0 -107.0857,37.9532,0 -107.0853,37.9533,0 -107.0848,37.9534,0 -107.0846,37.9536,0 -107.0843,37.9537,0 -107.084,37.9537,0 -107.0836,37.9537,0 -107.0831,37.9537,0 -107.0823,37.9537,0 -107.0818,37.9537,0 -107.0804,37.9538,0 -107.0801,37.9538,0 -107.0799,37.9537,0 -107.0797,37.9537,0 -107.0795,37.9537,0 -107.0792,37.9538,0 -107.0788,37.9539,0 -107.0782,37.9539,0 -107.078,37.9539,0 -107.0778,37.954,0 -107.0777,37.9541,0 -107.0774,37.9541,0 -107.0768,37.954,0 -107.0762,37.9539,0 -107.0758,37.9538,0 -107.0751,37.9537,0 -107.075,37.9538,0 -107.0748,37.9539,0 -107.0747,37.9539,0 -107.0743,37.954,0 -107.0739,37.9541,0 -107.073,37.9546,0 -107.0726,37.9548,0 -107.0719,37.9555,0 -107.0713,37.956,0 -107.0707,37.9566,0 -107.0703,37.9569,0 -107.0701,37.9572,0 -107.0699,37.9576,0 -107.0698,37.9578,0 -107.0692,37.9584,0 -107.0689,37.959,0 -107.0685,37.9594,0 -107.0682,37.9598,0 -107.068,37.9601,0 -107.0679,37.9603,0 -107.0679,37.9605,0 -107.0679,37.9607,0 -107.0678,37.9609,0 -107.0677,37.9615,0 -107.0676,37.9614,0 -107.0673,37.9611,0 -107.067,37.9608,0 -107.0667,37.9605,0 -107.0662,37.9602,0 -107.0659,37.9601,0 -107.0655,37.9599,0 -107.0648,37.9597,0 -107.0641,37.9595,0 -107.0636,37.9595,0 -107.0627,37.9594,0 -107.0622,37.9595,0 -107.0616,37.9596,0 -107.0612,37.9596,0 -107.0607,37.9596,0 -107.0607,37.9595,0 -107.0606,37.9593,0 -107.0603,37.9586,0 -107.06,37.9581,0 -107.0596,37.9574,0 -107.0595,37.9569,0 -107.0594,37.9562,0 -107.0593,37.956,0 -107.059,37.9553,0 -107.0588,37.955,0 -107.0586,37.9546,0 -107.0583,37.9543,0 -107.0579,37.9539,0 -107.0576,37.9536,0 -107.0569,37.9531,0 -107.0566,37.9528,0 -107.0566,37.9527,0 -107.0561,37.9522,0 -107.0558,37.9518,0 -107.0556,37.9513,0 -107.0552,37.9511,0 -107.055,37.9509,0 -107.0548,37.9509,0 -107.0545,37.9509,0 -107.0542,37.951,0 -107.0538,37.951,0 -107.0534,37.9511,0 -107.053,37.9512,0 -107.0526,37.9513,0 -107.0523,37.9515,0 -107.0515,37.9519,0 -107.0509,37.9522,0 -107.0508,37.9522,0 -107.0506,37.9522,0 -107.0503,37.9522,0 -107.0499,37.9521,0 -107.0496,37.952,0 -107.0494,37.9518,0 -107.0492,37.9516,0 -107.0487,37.9514,0 -107.0483,37.9512,0 -107.0478,37.951,0 -107.0473,37.9507,0 -107.0467,37.9504,0 -107.0458,37.9499,0 -107.0452,37.9495,0 -107.0444,37.949,0 -107.0432,37.9486,0 -107.0422,37.9485,0 -107.0414,37.9485,0 -107.0401,37.9486,0 -107.0384,37.9486,0 -107.037,37.9487,0 -107.0365,37.9488,0 -107.0359,37.949,0 -107.0353,37.9492,0 -107.035,37.9493,0 -107.0347,37.9493,0 -107.0342,37.9493,0 -107.0337,37.9493,0 -107.0332,37.9493,0 -107.0328,37.9494,0 -107.0325,37.9496,0 -107.0322,37.9497,0 -107.0319,37.9502,0 -107.0317,37.9507,0 -107.0313,37.9515,0 -107.0312,37.9519,0 -107.0312,37.9522,0 -107.0312,37.9524,0 -107.0312,37.9525,0 -107.031,37.9525,0 -107.0305,37.9527,0 -107.03,37.9529,0 -107.0292,37.9532,0 -107.0283,37.9535,0 -107.0281,37.9537,0 -107.0279,37.9538,0 -107.0275,37.954,0 -107.0271,37.9543,0 -107.027,37.9545,0 -107.0268,37.9545,0 -107.0267,37.9545,0 -107.0264,37.9544,0 -107.0258,37.9544,0 -107.0255,37.9544,0 -107.0249,37.9544,0 -107.0246,37.9542,0 -107.0243,37.954,0 -107.024,37.9538,0 -107.0233,37.9536,0 -107.0225,37.9532,0 -107.0219,37.953,0 -107.0214,37.9529,0 -107.0212,37.9527,0 -107.021,37.9525,0 -107.0207,37.9522,0 -107.0203,37.952,0 -107.0198,37.9516,0 -107.0196,37.9515,0 -107.0194,37.9513,0 -107.019,37.9508,0 -107.0184,37.9502,0 -107.0177,37.9499,0 -107.0175,37.9494,0 -107.0171,37.9488,0 -107.0168,37.9485,0 -107.0165,37.9484,0 -107.0159,37.9486,0 -107.0156,37.9486,0 -107.0153,37.9485,0 -107.015,37.9484,0 -107.0144,37.9481,0 -107.0143,37.948,0 -107.014,37.9479,0 -107.0136,37.9476,0 -107.0134,37.9475,0 -107.0131,37.9474,0 -107.0126,37.9474,0 -107.0122,37.9473,0 -107.0119,37.9473,0 -107.0117,37.9472,0 -107.0115,37.947,0 -107.0111,37.9468,0 -107.0107,37.9468,0 -107.0104,37.9469,0 -107.0102,37.947,0 -107.01,37.9469,0 -107.0097,37.9467,0 -107.0092,37.9465,0 -107.009,37.9465,0 -107.0088,37.9466,0 -107.0084,37.9468,0 -107.008,37.9469,0 -107.0076,37.9471,0 -107.0074,37.9473,0 -107.0073,37.9475,0 -107.0072,37.9476,0 -107.0072,37.9479,0 -107.007,37.9481,0 -107.0069,37.9483,0 -107.0068,37.9486,0 -107.0067,37.9488,0 -107.0066,37.9491,0 -107.0066,37.9499,0 -107.0066,37.9508,0 -107.0067,37.9515,0 -107.0068,37.952,0 -107.0069,37.9525,0 -107.0069,37.9529,0 -107.0068,37.9533,0 -107.0066,37.9537,0 -107.0065,37.954,0 -107.0064,37.9546,0 -107.0062,37.9553,0 -107.006,37.9559,0 -107.0057,37.9563,0 -107.0053,37.9566,0 -107.0052,37.9567,0 -107.0049,37.9568,0 -107.0047,37.9569,0 -107.0045,37.9569,0 -107.0043,37.9568,0 -107.0041,37.9568,0 -107.0037,37.9567,0 -107.0034,37.9565,0 -107.0025,37.9559,0 -107.0024,37.9558,0 -107.002,37.9557,0 -107.0017,37.9556,0 -107.0016,37.9556,0 -107.0014,37.9556,0 -107.0012,37.9557,0 -107.001,37.9558,0 -107.0006,37.956,0 -107.0003,37.9562,0 -107.0,37.9564,0 -106.9998,37.9565,0 -106.9995,37.9567,0 -106.9993,37.9568,0 -106.9992,37.9569,0 -106.9991,37.957,0 -106.9988,37.9572,0 -106.9986,37.9575,0 -106.9985,37.9578,0 -106.9983,37.958,0 -106.9983,37.9581,0 -106.9984,37.9584,0 -106.9981,37.9584,0 -106.9979,37.9584,0 -106.9977,37.9584,0 -106.9975,37.9585,0 -106.9972,37.9586,0 -106.9971,37.9589,0 -106.997,37.9592,0 -106.9969,37.9594,0 -106.9965,37.9603,0 -106.9964,37.9605,0 -106.9962,37.9606,0 -106.9959,37.9606,0 -106.9952,37.9607,0 -106.9949,37.9608,0 -106.9947,37.9609,0 -106.9945,37.961,0 -106.9944,37.9611,0 -106.9942,37.9611,0 -106.9941,37.9612,0 -106.994,37.9612,0 -106.9939,37.9613,0 -106.9937,37.9613,0 -106.9936,37.9613,0 -106.9934,37.9613,0 -106.9931,37.9611,0 -106.9927,37.961,0 -106.9921,37.9605,0 -106.992,37.9605,0 -106.9918,37.9605,0 -106.9916,37.9605,0 -106.9909,37.9606,0 -106.9907,37.9606,0 -106.9905,37.9606,0 -106.9903,37.9606,0 -106.9901,37.9607,0 -106.9899,37.9608,0 -106.9896,37.961,0 -106.9893,37.9612,0 -106.9892,37.9612,0 -106.989,37.9613,0 -106.9886,37.9616,0 -106.9884,37.9618,0 -106.9883,37.962,0 -106.9882,37.9621,0 -106.988,37.9623,0 -106.9879,37.9625,0 -106.9878,37.9626,0 -106.9877,37.9627,0 -106.9876,37.9628,0 -106.9874,37.9629,0 -106.9872,37.9629,0 -106.987,37.9631,0 -106.9869,37.9633,0 -106.987,37.9638,0 -106.9869,37.9641,0 -106.987,37.9647,0 -106.9871,37.9653,0 -106.9871,37.966,0 -106.9871,37.9663,0 -106.9871,37.9665,0 -106.9871,37.9668,0 -106.9871,37.9672,0 -106.9871,37.9674,0 -106.9871,37.9677,0 -106.9872,37.968,0 -106.9872,37.9683,0 -106.9873,37.9685,0 -106.9874,37.9688,0 -106.9874,37.969,0 -106.9874,37.9691,0 -106.9872,37.9694,0 -106.9869,37.9693,0 -106.9866,37.9693,0 -106.9862,37.9692,0 -106.9856,37.9691,0 -106.9852,37.969,0 -106.9846,37.9689,0 -106.9835,37.9691,0 -106.9832,37.9692,0 -106.983,37.9692,0 -106.9828,37.9693,0 -106.9826,37.9693,0 -106.9824,37.9692,0 -106.9822,37.9692,0 -106.9818,37.9691,0 -106.9816,37.969,0 -106.9813,37.969,0 -106.9811,37.9689,0 -106.9805,37.969,0 -106.9798,37.9691,0 -106.9791,37.969,0 -106.9782,37.9691,0 -106.9779,37.9691,0 -106.9773,37.969,0 -106.9771,37.9691,0 -106.9769,37.9693,0 -106.9765,37.9696,0 -106.9762,37.9698,0 -106.9757,37.9701,0 -106.9753,37.9705,0 -106.9748,37.9707,0 -106.9745,37.9709,0 -106.9739,37.9712,0 -106.9729,37.9716,0 -106.9726,37.9716,0 -106.9723,37.9717,0 -106.972,37.9718,0 -106.9717,37.9719,0 -106.9715,37.9719,0 -106.9713,37.972,0 -106.9711,37.9721,0 -106.9708,37.9722,0 -106.9705,37.9724,0 -106.9703,37.9725,0 -106.9701,37.9725,0 -106.9699,37.9726,0 -106.9698,37.9727,0 -106.9696,37.9727,0 -106.9691,37.973,0 -106.9689,37.9733,0 -106.9687,37.9737,0 -106.96868543741293,37.973743687761214,0 -106.9660883447012,37.973788344701205,0 -106.966,37.9737,0 -106.9659,37.9736,0 -106.9658,37.9736,0 -106.9656,37.9736,0 -106.9654,37.9735,0 -106.9653,37.9735,0 -106.9652,37.9735,0 -106.9651,37.9735,0 -106.9647,37.9732,0 -106.9644,37.973,0 -106.964,37.9727,0 -106.9635,37.9726,0 -106.9631,37.9726,0 -106.9627,37.9726,0 -106.9624,37.9727,0 -106.962,37.9727,0 -106.9616,37.9727,0 -106.9615,37.9726,0 -106.9608,37.9725,0 -106.9612,37.9723,0 -106.9613,37.9721,0 -106.9615,37.972,0 -106.9619,37.9715,0 -106.9622,37.9709,0 -106.9624,37.9704,0 -106.9624,37.9701,0 -106.9623,37.9699,0 -106.9621,37.9695,0 -106.9619,37.9692,0 -106.9618,37.969,0 -106.9617,37.9687,0 -106.9617,37.9685,0 -106.9617,37.9683,0 -106.9618,37.9682,0 -106.9619,37.968,0 -106.9618,37.9679,0 -106.9616,37.9678,0 -106.9613,37.9678,0 -106.9609,37.9678,0 -106.9601,37.9676,0 -106.9595,37.9676,0 -106.9591,37.9675,0 -106.9588,37.9674,0 -106.9582,37.9671,0 -106.9578,37.9669,0 -106.9575,37.9667,0 -106.9567,37.966,0 -106.956,37.9655,0 -106.9549,37.9649,0 -106.9545,37.9645,0 -106.9544,37.9645,0 -106.9543,37.9642,0 -106.9542,37.964,0 -106.9539,37.9637,0 -106.9536,37.9634,0 -106.9531,37.963,0 -106.9527,37.9627,0 -106.9525,37.9625,0 -106.9522,37.9622,0 -106.952,37.962,0 -106.952,37.9619,0 -106.9519,37.9617,0 -106.9518,37.9615,0 -106.9517,37.9613,0 -106.9517,37.961,0 -106.9518,37.9608,0 -106.9519,37.9601,0 -106.952,37.9597,0 -106.9522,37.9592,0 -106.9523,37.9586,0 -106.9521,37.9582,0 -106.9521,37.9578,0 -106.952,37.9575,0 -106.952,37.9573,0 -106.9518,37.9571,0 -106.9515,37.9571,0 -106.9513,37.9571,0 -106.9509,37.957,0 -106.9507,37.9569,0 -106.9506,37.9567,0 -106.9504,37.9566,0 -106.9502,37.9566,0 -106.95,37.9566,0 -106.9492,37.9566,0 -106.9487,37.9564,0 -106.9485,37.9563,0 -106.9481,37.9562,0 -106.948,37.956,0 -106.9479,37.9557,0 -106.9477,37.9556,0 -106.9478,37.9554,0 -106.9477,37.9553,0 -106.9474,37.9551,0 -106.9474,37.955,0 -106.9473,37.9547,0 -106.9472,37.9547,0 -106.9471,37.9547,0 -106.947,37.9546,0 -106.9469,37.9545,0 -106.9467,37.9544,0 -106.9465,37.9542,0 -106.9463,37.954,0 -106.9461,37.9538,0 -106.946,37.9537,0 -106.9459,37.9535,0 -106.9457,37.9534,0 -106.9456,37.9533,0 -106.9455,37.9532,0 -106.9454,37.9531,0 -106.9453,37.9529,0 -106.9451,37.9527,0 -106.945,37.9524,0 -106.9449,37.9523,0 -106.9447,37.9525,0 -106.9444,37.9527,0 -106.9439,37.9529,0 -106.9433,37.9531,0 -106.9425,37.9536,0 -106.942,37.9539,0 -106.9418,37.954,0 -106.9416,37.9542,0 -106.9414,37.9544,0 -106.9414,37.9545,0 -106.9413,37.9546,0 -106.9411,37.9547,0 -106.9409,37.9547,0 -106.9406,37.9547,0 -106.9403,37.9548,0 -106.94,37.9551,0 -106.9396,37.9552,0 -106.9394,37.9553,0 -106.9393,37.9554,0 -106.9391,37.9555,0 -106.9389,37.9556,0 -106.9386,37.9557,0 -106.9384,37.9558,0 -106.9383,37.956,0 -106.9382,37.9561,0 -106.938,37.9561,0 -106.9375,37.9562,0 -106.9372,37.9562,0 -106.9372,37.9564,0 -106.9371,37.9566,0 -106.937,37.9568,0 -106.9369,37.9569,0 -106.9369,37.9571,0 -106.9368,37.9572,0 -106.9366,37.9575,0 -106.9363,37.9578,0 -106.936,37.9581,0 -106.9357,37.9584,0 -106.9355,37.9587,0 -106.9354,37.959,0 -106.9352,37.9592,0 -106.9351,37.9594,0 -106.9351,37.9596,0 -106.935,37.9598,0 -106.935,37.96,0 -106.9349,37.9602,0 -106.9349,37.9604,0 -106.935,37.9605,0 -106.935,37.9606,0 -106.9349,37.9608,0 -106.9348,37.9609,0 -106.9346,37.9609,0 -106.9343,37.9609,0 -106.9339,37.961,0 -106.9332,37.9611,0 -106.9329,37.9611,0 -106.9326,37.9612,0 -106.9324,37.9614,0 -106.9322,37.9615,0 -106.9319,37.9618,0 -106.9317,37.962,0 -106.9316,37.9622,0 -106.9314,37.9623,0 -106.9309,37.9624,0 -106.9307,37.9625,0 -106.9305,37.9627,0 -106.9303,37.9629,0 -106.9299,37.9632,0 -106.9298,37.9633,0 -106.9295,37.9635,0 -106.9291,37.9636,0 -106.9289,37.9638,0 -106.9286,37.964,0 -106.9284,37.9641,0 -106.9282,37.9642,0 -106.928,37.9643,0 -106.9279,37.9643,0 -106.9278,37.9642,0 -106.9277,37.9641,0 -106.9274,37.9642,0 -106.9272,37.9642,0 -106.9269,37.9643,0 -106.9267,37.9644,0 -106.9265,37.9644,0 -106.9263,37.9644,0 -106.9261,37.9644,0 -106.9258,37.9644,0 -106.9255,37.9645,0 -106.9249,37.9646,0 -106.9247,37.9646,0 -106.9244,37.9646,0 -106.9242,37.9646,0 -106.9241,37.9646,0 -106.9239,37.9646,0 -106.9237,37.9647,0 -106.9235,37.9649,0 -106.9232,37.9652,0 -106.9229,37.9655,0 -106.9225,37.9658,0 -106.9221,37.966,0 -106.9217,37.9663,0 -106.9214,37.9665,0 -106.9212,37.9666,0 -106.921,37.9668,0 -106.9207,37.9669,0 -106.9205,37.9671,0 -106.9203,37.9672,0 -106.9202,37.9673,0 -106.9203,37.9674,0 -106.9201,37.9674,0 -106.92,37.9674,0 -106.9196,37.9673,0 -106.9193,37.9672,0 -106.919,37.967,0 -106.9186,37.967,0 -106.9183,37.9669,0 -106.9181,37.9667,0 -106.9176,37.9665,0 -106.9172,37.9664,0 -106.9168,37.9663,0 -106.9167,37.9662,0 -106.9163,37.9662,0 -106.916,37.9662,0 -106.9156,37.9661,0 -106.9152,37.9661,0 -106.9147,37.9661,0 -106.9142,37.9662,0 -106.9137,37.9662,0 -106.9132,37.9663,0 -106.9129,37.9663,0 -106.9128,37.9663,0 -106.9125,37.9663,0 -106.9122,37.9663,0 -106.9119,37.9663,0 -106.9116,37.9663,0 -106.9114,37.9662,0 -106.9111,37.9661,0 -106.9109,37.9659,0 -106.9107,37.9658,0 -106.9106,37.9657,0 -106.9105,37.9656,0 -106.9104,37.9654,0 -106.9103,37.9652,0 -106.9102,37.965,0 -106.9101,37.9648,0 -106.91,37.9647,0 -106.9099,37.9645,0 -106.9097,37.9643,0 -106.9093,37.964,0 -106.9088,37.9637,0 -106.9086,37.9635,0 -106.9084,37.9634,0 -106.9082,37.9633,0 -106.9079,37.9633,0 -106.9073,37.9633,0 -106.907,37.9633,0 -106.9067,37.9633,0 -106.9064,37.9634,0 -106.9061,37.9635,0 -106.906,37.9635,0 -106.9057,37.9637,0 -106.9054,37.9638,0 -106.9051,37.9638,0 -106.905,37.9639,0 -106.9047,37.964,0 -106.9046,37.9641,0 -106.9044,37.9642,0 -106.9042,37.9644,0 -106.9041,37.9646,0 -106.9039,37.9648,0 -106.9034,37.9651,0 -106.9032,37.9652,0 -106.9028,37.9653,0 -106.9026,37.9654,0 -106.9024,37.9656,0 -106.902,37.9657,0 -106.9016,37.9658,0 -106.901,37.966,0 -106.9004,37.9662,0 -106.9002,37.9663,0 -106.8999,37.9665,0 -106.8995,37.9666,0 -106.8993,37.9668,0 -106.8992,37.9669,0 -106.899,37.967,0 -106.8988,37.9672,0 -106.8986,37.9673,0 -106.8985,37.9674,0 -106.8983,37.9675,0 -106.8981,37.9675,0 -106.8979,37.9676,0 -106.8978,37.9677,0 -106.8977,37.9678,0 -106.8976,37.9679,0 -106.8975,37.968,0 -106.8974,37.968,0 -106.8973,37.9679,0 -106.8972,37.9678,0 -106.8969,37.9678,0 -106.8967,37.9679,0 -106.8965,37.9678,0 -106.8962,37.9677,0 -106.896,37.9676,0 -106.8957,37.9675,0 -106.8954,37.9674,0 -106.8951,37.9673,0 -106.8948,37.9672,0 -106.8944,37.9669,0 -106.894,37.9667,0 -106.8938,37.9664,0 -106.8935,37.966,0 -106.8932,37.9656,0 -106.893,37.9654,0 -106.8927,37.9652,0 -106.8922,37.9649,0 -106.8919,37.9648,0 -106.8914,37.9645,0 -106.8911,37.9642,0 -106.8906,37.9639,0 -106.8905,37.9637,0 -106.8904,37.9635,0 -106.8902,37.9633,0 -106.89,37.9632,0 -106.8898,37.9631,0 -106.8897,37.963,0 -106.8895,37.9628,0 -106.8894,37.9626,0 -106.8891,37.9623,0 -106.889,37.962,0 -106.8888,37.9618,0 -106.8886,37.9616,0 -106.8884,37.9615,0 -106.8881,37.9614,0 -106.8879,37.9613,0 -106.8874,37.9613,0 -106.8869,37.9612,0 -106.8862,37.9613,0 -106.8857,37.9613,0 -106.885,37.9613,0 -106.8842,37.9613,0 -106.8836,37.9613,0 -106.8833,37.9613,0 -106.883,37.9613,0 -106.8827,37.9613,0 -106.8825,37.9612,0 -106.8823,37.9612,0 -106.8821,37.9611,0 -106.8814,37.961,0 -106.8806,37.9608,0 -106.8799,37.9605,0 -106.8794,37.96,0 -106.879,37.9596,0 -106.8787,37.959,0 -106.8784,37.9586,0 -106.8782,37.9583,0 -106.8779,37.958,0 -106.8779,37.9576,0 -106.8779,37.9572,0 -106.878,37.957,0 -106.8781,37.9568,0 -106.8782,37.9566,0 -106.8782,37.9564,0 -106.8783,37.9563,0 -106.8783,37.9561,0 -106.8784,37.956,0 -106.8784,37.9558,0 -106.8786,37.9554,0 -106.879,37.9551,0 -106.879,37.9548,0 -106.8791,37.9546,0 -106.8791,37.9544,0 -106.8792,37.9542,0 -106.8792,37.954,0 -106.8792,37.9538,0 -106.8792,37.9536,0 -106.8791,37.9534,0 -106.8791,37.9532,0 -106.8791,37.953,0 -106.8792,37.9527,0 -106.8792,37.9525,0 -106.8792,37.9521,0 -106.8792,37.9517,0 -106.8792,37.9513,0 -106.8792,37.951,0 -106.8794,37.9506,0 -106.8794,37.9504,0 -106.8795,37.9502,0 -106.8795,37.95,0 -106.8796,37.9498,0 -106.8795,37.9495,0 -106.8791,37.9493,0 -106.8788,37.9492,0 -106.878,37.9489,0 -106.8777,37.9489,0 -106.8775,37.9488,0 -106.8772,37.9486,0 -106.8771,37.9485,0 -106.877,37.9483,0 -106.8769,37.9481,0 -106.8769,37.9478,0 -106.8767,37.9476,0 -106.8766,37.9473,0 -106.8765,37.9471,0 -106.8763,37.9469,0 -106.8762,37.9467,0 -106.8761,37.9465,0 -106.876,37.9463,0 -106.876,37.9461,0 -106.8758,37.946,0 -106.8755,37.9457,0 -106.8753,37.9454,0 -106.8751,37.9452,0 -106.8748,37.945,0 -106.8743,37.9449,0 -106.8739,37.9448,0 -106.8737,37.9447,0 -106.8735,37.9445,0 -106.8735,37.9444,0 -106.8735,37.9442,0 -106.8733,37.9438,0 -106.8732,37.9435,0 -106.8726,37.9429,0 -106.8723,37.9425,0 -106.872,37.9422,0 -106.8719,37.9419,0 -106.8717,37.9418,0 -106.8715,37.9417,0 -106.8714,37.9414,0 -106.8712,37.941,0 -106.8711,37.9404,0 -106.8709,37.9401,0 -106.8703,37.9395,0 -106.8692,37.9388,0 -106.8687,37.9384,0 -106.8683,37.9383,0 -106.8678,37.938,0 -106.8673,37.9376,0 -106.867,37.9373,0 -106.8665,37.9368,0 -106.8663,37.9365,0 -106.8664,37.9363,0 -106.8665,37.9358,0 -106.8667,37.9351,0 -106.8667,37.9348,0 -106.8665,37.9343,0 -106.8663,37.9341,0 -106.8654,37.9336,0 -106.865,37.933,0 -106.8648,37.9326,0 -106.8647,37.9321,0 -106.8646,37.9318,0 -106.8644,37.9315,0 -106.864,37.931,0 -106.8637,37.9308,0 -106.8632,37.9305,0 -106.8623,37.9302,0 -106.8611,37.9299,0 -106.8601,37.9298,0 -106.8598,37.9298,0 -106.8597,37.9298,0 -106.8596,37.9298,0 -106.8594,37.9296,0 -106.8594,37.9295,0 -106.8594,37.9292,0 -106.8594,37.9287,0 -106.8592,37.9282,0 -106.859,37.9279,0 -106.8587,37.9275,0 -106.8583,37.9271,0 -106.858,37.9269,0 -106.8576,37.9268,0 -106.8574,37.9267,0 -106.8573,37.9265,0 -106.857,37.926,0 -106.8566,37.9254,0 -106.8565,37.9253,0 -106.8563,37.9251,0 -106.8559,37.9248,0 -106.8557,37.9246,0 -106.8547,37.9243,0 -106.8543,37.9242,0 -106.8536,37.9242,0 -106.8527,37.9242,0 -106.8517,37.924,0 -106.8516,37.924,0 -106.8513,37.924,0 -106.8512,37.9239,0 -106.8509,37.9236,0 -106.8504,37.9231,0 -106.85,37.9229,0 -106.8494,37.9224,0 -106.8487,37.9219,0 -106.8466,37.9207,0 -106.8461,37.9205,0 -106.8455,37.9204,0 -106.8454,37.9203,0 -106.8451,37.9198,0 -106.8448,37.9194,0 -106.8445,37.9191,0 -106.8443,37.9189,0 -106.8439,37.9187,0 -106.8425,37.9183,0 -106.8422,37.9182,0 -106.8419,37.9181,0 -106.8415,37.9179,0 -106.8411,37.9177,0 -106.8408,37.9174,0 -106.8405,37.9172,0 -106.8402,37.9171,0 -106.8399,37.917,0 -106.8397,37.917,0 -106.8394,37.917,0 -106.8388,37.9171,0 -106.8383,37.9172,0 -106.837,37.9175,0 -106.8364,37.9177,0 -106.8355,37.9178,0 -106.8347,37.918,0 -106.8343,37.918,0 -106.8341,37.9181,0 -106.8338,37.9181,0 -106.8331,37.9182,0 -106.8328,37.9182,0 -106.8324,37.9182,0 -106.8319,37.918,0 -106.8315,37.9178,0 -106.8313,37.9177,0 -106.8312,37.9176,0 -106.8311,37.9175,0 -106.8309,37.9175,0 -106.8304,37.9174,0 -106.8301,37.9172,0 -106.8299,37.9171,0 -106.8296,37.9169,0 -106.8292,37.9169,0 -106.8287,37.9168,0 -106.8283,37.9168,0 -106.8275,37.9169,0 -106.8266,37.9171,0 -106.8261,37.9172,0 -106.8258,37.9173,0 -106.8253,37.9175,0 -106.8251,37.9177,0 -106.825,37.9177,0 -106.8249,37.9178,0 -106.8248,37.9178,0 -106.8247,37.9177,0 -106.8245,37.9176,0 -106.8243,37.9175,0 -106.8241,37.9173,0 -106.8238,37.9172,0 -106.8232,37.9171,0 -106.8226,37.917,0 -106.8206,37.9164,0 -106.8199,37.916,0 -106.8196,37.916,0 -106.8193,37.9159,0 -106.8191,37.9159,0 -106.8188,37.9158,0 -106.8183,37.9156,0 -106.818,37.9154,0 -106.8177,37.9152,0 -106.8171,37.9147,0 -106.8168,37.9147,0 -106.8166,37.9146,0 -106.8164,37.9146,0 -106.8162,37.9145,0 -106.8159,37.9144,0 -106.8155,37.9143,0 -106.8151,37.9143,0 -106.8149,37.9143,0 -106.8144,37.9144,0 -106.8142,37.9144,0 -106.814,37.9146,0 -106.8134,37.9148,0 -106.813,37.9147,0 -106.8128,37.9146,0 -106.8123,37.9145,0 -106.8118,37.9145,0 -106.8111,37.9144,0 -106.8098,37.9144,0 -106.8092,37.9144,0 -106.8088,37.9144,0 -106.8085,37.9146,0 -106.8083,37.9148,0 -106.8081,37.915,0 -106.8076,37.9154,0 -106.8076,37.9155,0 -106.8073,37.9155,0 -106.8071,37.9156,0 -106.8068,37.9155,0 -106.8061,37.9154,0 -106.8057,37.9154,0 -106.8053,37.9154,0 -106.8049,37.9153,0 -106.8044,37.915,0 -106.8041,37.9149,0 -106.8033,37.9149,0 -106.8027,37.9149,0 -106.8019,37.9148,0 -106.801,37.9147,0 -106.8004,37.9147,0 -106.7996,37.9146,0 -106.7992,37.9146,0 -106.7987,37.9145,0 -106.7983,37.9143,0 -106.7976,37.9139,0 -106.7974,37.9136,0 -106.7973,37.9132,0 -106.7971,37.9128,0 -106.797,37.9124,0 -106.7968,37.9118,0 -106.7966,37.9116,0 -106.7963,37.9114,0 -106.7959,37.9112,0 -106.7956,37.9111,0 -106.7945,37.9106,0 -106.794,37.9103,0 -106.7933,37.91,0 -106.7931,37.9097,0 -106.7927,37.9093,0 -106.7926,37.909,0 -106.7925,37.9087,0 -106.7923,37.9086,0 -106.7909,37.9077,0 -106.7903,37.9073,0 -106.79,37.9067,0 -106.7899,37.9064,0 -106.7896,37.9062,0 -106.7893,37.9059,0 -106.7885,37.9053,0 -106.788,37.9048,0 -106.7874,37.904,0 -106.7865,37.9035,0 -106.7861,37.9031,0 -106.7856,37.9025,0 -106.7853,37.902,0 -106.785,37.9015,0 -106.7848,37.9013,0 -106.7842,37.9009,0 -106.7836,37.9005,0 -106.7833,37.9004,0 -106.7828,37.9003,0 -106.7822,37.9001,0 -106.7819,37.8999,0 -106.7812,37.8998,0 -106.7811,37.8996,0 -106.7808,37.8995,0 -106.7807,37.8993,0 -106.7805,37.8988,0 -106.7804,37.8983,0 -106.78,37.8971,0 -106.7797,37.8956,0 -106.7791,37.8937,0 -106.7784,37.8921,0 -106.7779,37.8918,0 -106.7775,37.8913,0 -106.7766,37.8905,0 -106.7749,37.8897,0 -106.7745,37.8896,0 -106.774,37.8895,0 -106.7739,37.8895,0 -106.7737,37.8894,0 -106.7735,37.8894,0 -106.7731,37.889,0 -106.7724,37.8884,0 -106.771,37.8876,0 -106.7701,37.8871,0 -106.7697,37.8869,0 -106.7696,37.8869,0 -106.7689,37.8865,0 -106.7667,37.8851,0 -106.7653,37.884,0 -106.7635,37.8832,0 -106.7624,37.8827,0 -106.7587,37.8817,0 -106.755,37.8807,0 -106.7539,37.8806,0 -106.753,37.8807,0 -106.7515,37.8811,0 -106.7504,37.8814,0 -106.7498,37.8816,0 -106.7492,37.8823,0 -106.7476,37.8836,0 -106.7471,37.8839,0 -106.7453,37.8848,0 -106.7438,37.8856,0 -106.7434,37.8858,0 -106.743,37.886,0 -106.7425,37.8862,0 -106.7416,37.8865,0 -106.7408,37.8867,0 -106.7398,37.8871,0 -106.7389,37.8874,0 -106.7381,37.8877,0 -106.7378,37.8879,0 -106.7375,37.888,0 -106.7372,37.8881,0 -106.737,37.8881,0 -106.7367,37.8882,0 -106.7366,37.8882,0 -106.7364,37.8881,0 -106.7363,37.888,0 -106.7362,37.8878,0 -106.7361,37.8874,0 -106.7358,37.8869,0 -106.7356,37.8866,0 -106.7352,37.8859,0 -106.7345,37.8853,0 -106.7342,37.8848,0 -106.7337,37.8841,0 -106.7335,37.8838,0 -106.7332,37.8836,0 -106.7327,37.8832,0 -106.7323,37.883,0 -106.7319,37.8827,0 -106.7317,37.8826,0 -106.7312,37.8822,0 -106.731,37.8821,0 -106.7307,37.8818,0 -106.7301,37.8812,0 -106.7296,37.8806,0 -106.7291,37.8801,0 -106.7288,37.8798,0 -106.7287,37.8796,0 -106.7285,37.8794,0 -106.7283,37.879,0 -106.7279,37.8784,0 -106.7278,37.8782,0 -106.7277,37.878,0 -106.7276,37.878,0 -106.7274,37.8778,0 -106.7269,37.8775,0 -106.7264,37.8772,0 -106.726,37.877,0 -106.7256,37.8768,0 -106.725,37.8766,0 -106.7246,37.8764,0 -106.7242,37.8762,0 -106.7236,37.8758,0 -106.723,37.8754,0 -106.7225,37.875,0 -106.7222,37.8748,0 -106.7218,37.8744,0 -106.7212,37.8741,0 -106.7206,37.8737,0 -106.7201,37.8734,0 -106.7196,37.8732,0 -106.7195,37.8731,0 -106.7188,37.8728,0 -106.7179,37.8725,0 -106.7174,37.8724,0 -106.7169,37.8723,0 -106.7166,37.8722,0 -106.7161,37.8721,0 -106.7155,37.8721,0 -106.7151,37.8721,0 -106.7146,37.8721,0 -106.7141,37.8721,0 -106.7136,37.8721,0 -106.713,37.8722,0 -106.7125,37.8723,0 -106.7118,37.8724,0 -106.7115,37.8725,0 -106.7112,37.8726,0 -106.7105,37.8729,0 -106.7104,37.8729,0 -106.7098,37.8732,0 -106.7077,37.8741,0 -106.7071,37.8744,0 -106.7058,37.875,0 -106.7049,37.8753,0 -106.7035,37.8757,0 -106.7022,37.8759,0 -106.7002,37.8761,0 -106.6978,37.8759,0 -106.6959,37.8751,0 -106.695,37.8745,0 -106.6933,37.8731,0 -106.6926,37.8727,0 -106.6923,37.8724,0 -106.6917,37.8718,0 -106.6912,37.8713,0 -106.6901,37.8707,0 -106.6897,37.87,0 -106.6896,37.8687,0 -106.6894,37.868,0 -106.6888,37.8673,0 -106.6879,37.8667,0 -106.6866,37.8662,0 -106.6851,37.8654,0 -106.6848,37.8653,0 -106.6845,37.8652,0 -106.6843,37.8651,0 -106.6841,37.865,0 -106.6839,37.865,0 -106.6835,37.8649,0 -106.6834,37.8649,0 -106.6832,37.8648,0 -106.6829,37.8648,0 -106.6826,37.8649,0 -106.6824,37.8649,0 -106.6822,37.865,0 -106.6821,37.865,0 -106.6819,37.865,0 -106.6818,37.865,0 -106.6817,37.865,0 -106.6816,37.8649,0 -106.6815,37.8647,0 -106.6814,37.8646,0 -106.6813,37.8642,0 -106.6812,37.8641,0 -106.6808,37.8634,0 -106.6806,37.8632,0 -106.6805,37.863,0 -106.6804,37.8626,0 -106.6804,37.8625,0 -106.6803,37.8622,0 -106.6803,37.8616,0 -106.6803,37.861,0 -106.6802,37.8605,0 -106.6802,37.8602,0 -106.6802,37.8601,0 -106.6802,37.86,0 -106.6803,37.8598,0 -106.6804,37.8596,0 -106.6804,37.8594,0 -106.6804,37.8593,0 -106.6807,37.8566,0 -106.6808,37.8554,0 -106.6807,37.8545,0 -106.6805,37.8539,0 -106.6799,37.8539,0 -106.6766,37.854,0 -106.6756,37.8542,0 -106.6748,37.8546,0 -106.674,37.855,0 -106.6731,37.8557,0 -106.6711,37.857,0 -106.6705,37.8575,0 -106.6705,37.8589,0 -106.6701,37.8607,0 -106.6692,37.8623,0 -106.6685,37.8637,0 -106.6681,37.8643,0 -106.667,37.8656,0 -106.6651,37.8674,0 -106.6623,37.8701,0 -106.6618,37.871,0 -106.6612,37.872,0 -106.6605,37.8727,0 -106.6603,37.8734,0 -106.6596,37.8748,0 -106.6591,37.8754,0 -106.6583,37.8762,0 -106.6575,37.877,0 -106.6566,37.8775,0 -106.6559,37.8779,0 -106.6552,37.8783,0 -106.655,37.8785,0 -106.6544,37.8788,0 -106.6543,37.8794,0 -106.6541,37.8805,0 -106.6532,37.8829,0 -106.6531,37.8831,0 -106.6531,37.8833,0 -106.6532,37.8839,0 -106.6532,37.8844,0 -106.6533,37.8849,0 -106.6533,37.8854,0 -106.6534,37.886,0 -106.6534,37.8863,0 -106.6535,37.8867,0 -106.6536,37.8869,0 -106.6536,37.8871,0 -106.6536,37.8872,0 -106.6536,37.8873,0 -106.6535,37.888,0 -106.6535,37.8882,0 -106.6536,37.8886,0 -106.6537,37.889,0 -106.6537,37.8891,0 -106.6537,37.8895,0 -106.6536,37.89,0 -106.6535,37.8904,0 -106.6535,37.8907,0 -106.6532,37.8914,0 -106.6531,37.8918,0 -106.6531,37.892,0 -106.653,37.8921,0 -106.652,37.8926,0 -106.6516,37.8929,0 -106.6511,37.8933,0 -106.6507,37.8935,0 -106.6497,37.8938,0 -106.6492,37.8944,0 -106.649,37.8948,0 -106.6483,37.8953,0 -106.6481,37.8958,0 -106.648,37.8963,0 -106.648,37.8971,0 -106.648,37.8977,0 -106.6479,37.8983,0 -106.6473,37.8993,0 -106.6467,37.9,0 -106.6461,37.9003,0 -106.6456,37.9005,0 -106.6449,37.9007,0 -106.6441,37.9009,0 -106.6436,37.9011,0 -106.6432,37.9014,0 -106.6426,37.9017,0 -106.642,37.9019,0 -106.6417,37.902,0 -106.6409,37.9021,0 -106.6402,37.9023,0 -106.639,37.9028,0 -106.6367,37.9034,0 -106.636,37.9038,0 -106.6355,37.9039,0 -106.6355,37.9034,0 -106.6354,37.9027,0 -106.635,37.9008,0 -106.6349,37.9002,0 -106.6346,37.8997,0 -106.6342,37.899,0 -106.6341,37.8984,0 -106.634,37.8978,0 -106.6338,37.8971,0 -106.6335,37.8966,0 -106.6331,37.8962,0 -106.6327,37.8955,0 -106.6324,37.8949,0 -106.632,37.8942,0 -106.6315,37.8933,0 -106.6314,37.8926,0 -106.6313,37.8923,0 -106.6316,37.8915,0 -106.6319,37.8911,0 -106.6322,37.8908,0 -106.6323,37.8906,0 -106.6322,37.8902,0 -106.6319,37.8893,0 -106.6316,37.8886,0 -106.6316,37.8874,0 -106.6313,37.8858,0 -106.6311,37.8849,0 -106.6307,37.8841,0 -106.6308,37.8836,0 -106.6304,37.8829,0 -106.6297,37.8822,0 -106.6282,37.881,0 -106.6279,37.8807,0 -106.6276,37.8805,0 -106.6272,37.8802,0 -106.6267,37.88,0 -106.6259,37.8797,0 -106.6258,37.8792,0 -106.6256,37.8784,0 -106.6253,37.8778,0 -106.6235,37.8764,0 -106.6229,37.8759,0 -106.6219,37.8755,0 -106.6212,37.8752,0 -106.6202,37.875,0 -106.6195,37.8751,0 -106.6193,37.8751,0 -106.6188,37.875,0 -106.6185,37.8748,0 -106.6183,37.8746,0 -106.6179,37.8742,0 -106.6179,37.874,0 -106.6178,37.874,0 -106.6172,37.8739,0 -106.6167,37.8738,0 -106.6161,37.8734,0 -106.6156,37.8729,0 -106.6144,37.8718,0 -106.6132,37.8712,0 -106.6121,37.8709,0 -106.611,37.8708,0 -106.6094,37.8708,0 -106.6089,37.8701,0 -106.6083,37.8689,0 -106.6077,37.8676,0 -106.6074,37.8668,0 -106.6061,37.8662,0 -106.6051,37.8661,0 -106.603,37.8657,0 -106.6027,37.8654,0 -106.6026,37.8653,0 -106.6024,37.8649,0 -106.6023,37.8644,0 -106.6018,37.8635,0 -106.6014,37.8631,0 -106.6007,37.8631,0 -106.5993,37.8629,0 -106.5984,37.8629,0 -106.5978,37.863,0 -106.5976,37.8627,0 -106.5973,37.8625,0 -106.5965,37.8616,0 -106.5953,37.8608,0 -106.5951,37.8607,0 -106.5943,37.8599,0 -106.5939,37.8595,0 -106.594,37.8594,0 -106.594,37.859,0 -106.5939,37.8585,0 -106.5939,37.8578,0 -106.5938,37.857,0 -106.5937,37.8567,0 -106.5936,37.8561,0 -106.5936,37.8555,0 -106.5936,37.8552,0 -106.5936,37.855,0 -106.5938,37.855,0 -106.5942,37.855,0 -106.595,37.855,0 -106.5951,37.8548,0 -106.595,37.8545,0 -106.5949,37.8541,0 -106.5946,37.8534,0 -106.5945,37.8527,0 -106.5945,37.8525,0 -106.5943,37.8524,0 -106.5942,37.8523,0 -106.5941,37.8521,0 -106.5941,37.8519,0 -106.5941,37.8518,0 -106.594,37.8517,0 -106.5938,37.8515,0 -106.5931,37.851,0 -106.5924,37.8504,0 -106.5915,37.8498,0 -106.5913,37.8497,0 -106.591,37.8495,0 -106.5904,37.849,0 -106.5896,37.8484,0 -106.5893,37.8481,0 -106.5887,37.8481,0 -106.5881,37.8477,0 -106.5876,37.8474,0 -106.5868,37.847,0 -106.5866,37.8468,0 -106.5859,37.8467,0 -106.5854,37.8466,0 -106.5842,37.8461,0 -106.5836,37.8455,0 -106.5833,37.8452,0 -106.5827,37.8447,0 -106.5822,37.8439,0 -106.5816,37.843,0 -106.5815,37.8427,0 -106.5813,37.8421,0 -106.5812,37.8414,0 -106.5813,37.8409,0 -106.5814,37.8406,0 -106.5815,37.8403,0 -106.5815,37.84,0 -106.5813,37.8396,0 -106.5812,37.8394,0 -106.581,37.8389,0 -106.5809,37.8381,0 -106.5808,37.8378,0 -106.5806,37.8378,0 -106.5803,37.8377,0 -106.5799,37.8374,0 -106.5794,37.837,0 -106.5791,37.8366,0 -106.5782,37.8359,0 -106.5777,37.8363,0 -106.5774,37.8364,0 -106.5772,37.8365,0 -106.5768,37.8368,0 -106.5755,37.8376,0 -106.5757,37.8378,0 -106.5764,37.8384,0 -106.5766,37.8388,0 -106.5768,37.8397,0 -106.5767,37.8401,0 -106.5765,37.8403,0 -106.5761,37.8405,0 -106.5757,37.841,0 -106.5758,37.8411,0 -106.576,37.8414,0 -106.576,37.8416,0 -106.5758,37.8419,0 -106.5754,37.8421,0 -106.5745,37.8425,0 -106.5736,37.8427,0 -106.5732,37.8423,0 -106.573,37.8422,0 -106.5724,37.8421,0 -106.572,37.8422,0 -106.5717,37.8425,0 -106.5714,37.843,0 -106.5712,37.843,0 -106.5711,37.8427,0 -106.5709,37.8421,0 -106.5707,37.8416,0 -106.5703,37.8412,0 -106.5696,37.8408,0 -106.5688,37.8406,0 -106.5682,37.8404,0 -106.568,37.8404,0 -106.5676,37.8404,0 -106.5671,37.8405,0 -106.5668,37.8406,0 -106.5659,37.841,0 -106.5654,37.8413,0 -106.5647,37.8417,0 -106.5638,37.842,0 -106.5636,37.8422,0 -106.5635,37.8424,0 -106.5622,37.8428,0 -106.5619,37.8431,0 -106.562,37.8436,0 -106.5622,37.844,0 -106.5623,37.8442,0 -106.5625,37.8444,0 -106.5628,37.8449,0 -106.563,37.8455,0 -106.563,37.8462,0 -106.5631,37.847,0 -106.5631,37.8477,0 -106.5633,37.8483,0 -106.5633,37.8485,0 -106.5631,37.8487,0 -106.5627,37.849,0 -106.5626,37.8491,0 -106.5621,37.8493,0 -106.5613,37.8495,0 -106.5611,37.8501,0 -106.5608,37.8506,0 -106.5603,37.851,0 -106.5601,37.8508,0 -106.5596,37.8509,0 -106.5585,37.8513,0 -106.5582,37.8515,0 -106.5582,37.8518,0 -106.558,37.852,0 -106.5574,37.8523,0 -106.5571,37.8524,0 -106.5564,37.8524,0 -106.5562,37.8524,0 -106.5559,37.8523,0 -106.5556,37.8524,0 -106.5551,37.8525,0 -106.5545,37.8527,0 -106.5539,37.8528,0 -106.5533,37.8529,0 -106.5522,37.8532,0 -106.5517,37.8534,0 -106.5514,37.8534,0 -106.5508,37.8534,0 -106.5502,37.8534,0 -106.5492,37.8533,0 -106.5482,37.8533,0 -106.5472,37.853,0 -106.5464,37.8528,0 -106.5458,37.8524,0 -106.5451,37.8519,0 -106.5448,37.8515,0 -106.5442,37.8512,0 -106.5439,37.8511,0 -106.5432,37.8509,0 -106.5426,37.8509,0 -106.5423,37.8507,0 -106.5417,37.8504,0 -106.5412,37.85,0 -106.5408,37.8497,0 -106.5406,37.8497,0 -106.5402,37.8501,0 -106.5398,37.8502,0 -106.5387,37.8507,0 -106.5372,37.8512,0 -106.5354,37.8518,0 -106.5349,37.8521,0 -106.5344,37.8524,0 -106.5339,37.8525,0 -106.5336,37.8524,0 -106.5326,37.8521,0 -106.5321,37.8519,0 -106.5318,37.8516,0 -106.5312,37.8511,0 -106.5306,37.8508,0 -106.5301,37.8504,0 -106.5295,37.85,0 -106.5288,37.8497,0 -106.5279,37.8494,0 -106.5272,37.8491,0 -106.5267,37.8491,0 -106.5261,37.8493,0 -106.5257,37.8495,0 -106.5252,37.8499,0 -106.5245,37.8501,0 -106.5239,37.8504,0 -106.523,37.8507,0 -106.5226,37.8508,0 -106.5223,37.8507,0 -106.5216,37.8507,0 -106.5215,37.8505,0 -106.5213,37.8501,0 -106.5212,37.8495,0 -106.5213,37.8491,0 -106.521,37.8483,0 -106.5204,37.8472,0 -106.52,37.8467,0 -106.5193,37.8465,0 -106.5187,37.8463,0 -106.5183,37.8461,0 -106.5182,37.8459,0 -106.5181,37.8455,0 -106.5181,37.8452,0 -106.5183,37.8446,0 -106.5184,37.8442,0 -106.5178,37.8443,0 -106.5173,37.8445,0 -106.5169,37.8447,0 -106.5164,37.8449,0 -106.5161,37.8449,0 -106.5149,37.8445,0 -106.514,37.844,0 -106.5133,37.8437,0 -106.5123,37.8435,0 -106.5114,37.8431,0 -106.5102,37.8427,0 -106.5087,37.8422,0 -106.5083,37.842,0 -106.508,37.8418,0 -106.5074,37.8414,0 -106.5072,37.8408,0 -106.5071,37.8402,0 -106.507,37.8399,0 -106.5071,37.8397,0 -106.5068,37.8394,0 -106.5066,37.8391,0 -106.5064,37.8389,0 -106.5058,37.8389,0 -106.5054,37.8389,0 -106.5048,37.8388,0 -106.504,37.8386,0 -106.5038,37.8385,0 -106.5037,37.8388,0 -106.5035,37.8391,0 -106.503,37.8397,0 -106.5026,37.84,0 -106.5023,37.8401,0 -106.502,37.84,0 -106.5014,37.84,0 -106.5007,37.8399,0 -106.5002,37.8399,0 -106.5,37.8399,0 -106.4998,37.84,0 -106.4994,37.8397,0 -106.4989,37.8391,0 -106.4983,37.8385,0 -106.4978,37.8379,0 -106.4977,37.8377,0 -106.4975,37.8373,0 -106.4972,37.8372,0 -106.4964,37.837,0 -106.4959,37.8367,0 -106.4953,37.8363,0 -106.4944,37.836,0 -106.494,37.8358,0 -106.4937,37.8356,0 -106.4933,37.8356,0 -106.4925,37.8355,0 -106.4918,37.8353,0 -106.4913,37.835,0 -106.4908,37.8349,0 -106.4903,37.835,0 -106.4896,37.8351,0 -106.4882,37.835,0 -106.4873,37.8349,0 -106.4861,37.8346,0 -106.4857,37.8344,0 -106.4852,37.8342,0 -106.4849,37.8345,0 -106.4845,37.8347,0 -106.4833,37.8349,0 -106.4822,37.8348,0 -106.4812,37.8346,0 -106.4807,37.8344,0 -106.4805,37.8342,0 -106.4797,37.8343,0 -106.4791,37.8342,0 -106.4782,37.8339,0 -106.4779,37.8339,0 -106.4772,37.8336,0 -106.4768,37.8334,0 -106.4762,37.833,0 -106.4758,37.8328,0 -106.4754,37.8326,0 -106.4745,37.8323,0 -106.4736,37.8321,0 -106.4725,37.8317,0 -106.4716,37.8316,0 -106.4709,37.8318,0 -106.4701,37.8318,0 -106.4697,37.8318,0 -106.4687,37.8315,0 -106.46810784915073,37.831302616383574,0 -106.46380614442876,37.61275847409498,0</coordinates></LinearRing></outerBoundaryIs></Polygon></MultiGeometry></Placemark>
<Placemark><name>Rio Grande 2016-04-03</name><description>ASO lidar (NSIDC 2013-19) | overlaps UAVSAR: Slumgl,tellur | CMR rect clipped to Rio Grande Headwaters watershed (approx)</description><Style><LineStyle><color>ffff00ff</color><width>3</width></LineStyle><PolyStyle><color>2dff00ff</color></PolyStyle></Style><MultiGeometry><Polygon><outerBoundaryIs><LinearRing><coordinates>-106.46380614442876,37.61275847409498,0 -106.464,37.6125,0 -106.4641,37.6117,0 -106.4641,37.6111,0 -106.4641,37.6103,0 -106.4641,37.6098,0 -106.4642,37.6095,0 -106.4642,37.6092,0 -106.4643,37.6091,0 -106.4646,37.6091,0 -106.4648,37.6091,0 -106.4652,37.6091,0 -106.4655,37.609,0 -106.4657,37.6089,0 -106.4659,37.6088,0 -106.4662,37.6086,0 -106.4664,37.6084,0 -106.4666,37.6082,0 -106.4669,37.608,0 -106.467,37.6079,0 -106.4672,37.6077,0 -106.4673,37.6074,0 -106.4677,37.6071,0 -106.468,37.6068,0 -106.4682,37.6065,0 -106.4684,37.6061,0 -106.4685,37.6053,0 -106.4686,37.6051,0 -106.4689,37.6047,0 -106.4692,37.6041,0 -106.4691,37.6036,0 -106.4689,37.6031,0 -106.4689,37.6025,0 -106.4689,37.6021,0 -106.4693,37.6014,0 -106.4694,37.6011,0 -106.4694,37.6008,0 -106.4694,37.6003,0 -106.4694,37.5998,0 -106.47,37.5992,0 -106.4704,37.5986,0 -106.4705,37.5982,0 -106.4708,37.5975,0 -106.4709,37.5972,0 -106.4713,37.5966,0 -106.4717,37.5961,0 -106.4722,37.5958,0 -106.4724,37.5955,0 -106.4729,37.595,0 -106.4732,37.5947,0 -106.4735,37.5946,0 -106.476,37.5943,0 -106.4769,37.5939,0 -106.4772,37.5938,0 -106.4778,37.5933,0 -106.4781,37.5929,0 -106.4784,37.5925,0 -106.4787,37.5923,0 -106.4788,37.5919,0 -106.479,37.5916,0 -106.4792,37.5912,0 -106.4794,37.591,0 -106.4799,37.591,0 -106.4806,37.5911,0 -106.4812,37.5912,0 -106.4817,37.591,0 -106.482,37.591,0 -106.4822,37.5907,0 -106.4826,37.5906,0 -106.483,37.5905,0 -106.4833,37.5905,0 -106.4838,37.5907,0 -106.484,37.5907,0 -106.4844,37.5907,0 -106.4857,37.5903,0 -106.4862,37.5901,0 -106.4867,37.59,0 -106.487,37.5897,0 -106.4874,37.5893,0 -106.4879,37.5888,0 -106.488,37.5887,0 -106.4884,37.5885,0 -106.4892,37.5885,0 -106.4897,37.5885,0 -106.4901,37.5883,0 -106.4903,37.588,0 -106.4904,37.5878,0 -106.4904,37.5876,0 -106.4905,37.5873,0 -106.491,37.5872,0 -106.4913,37.5872,0 -106.4915,37.587,0 -106.4917,37.5872,0 -106.4918,37.5872,0 -106.492,37.5873,0 -106.4924,37.5873,0 -106.4927,37.5872,0 -106.4931,37.5871,0 -106.4937,37.5869,0 -106.4939,37.5867,0 -106.494,37.5866,0 -106.4948,37.5862,0 -106.4951,37.5861,0 -106.4965,37.5855,0 -106.4971,37.5853,0 -106.4984,37.5846,0 -106.4993,37.5842,0 -106.4997,37.5839,0 -106.4999,37.5836,0 -106.4999,37.5829,0 -106.4999,37.5825,0 -106.4999,37.5823,0 -106.5,37.5821,0 -106.5002,37.582,0 -106.5011,37.5817,0 -106.5025,37.5813,0 -106.5036,37.5814,0 -106.5043,37.5813,0 -106.5047,37.5812,0 -106.5051,37.581,0 -106.5056,37.5808,0 -106.506,37.5805,0 -106.5064,37.5801,0 -106.5067,37.5797,0 -106.507,37.5791,0 -106.5071,37.5788,0 -106.5073,37.5785,0 -106.5076,37.5783,0 -106.5081,37.578,0 -106.5085,37.5778,0 -106.5094,37.5778,0 -106.5105,37.5779,0 -106.5113,37.5781,0 -106.5128,37.5782,0 -106.5147,37.5785,0 -106.5151,37.5785,0 -106.5167,37.5781,0 -106.518,37.5775,0 -106.519,37.5769,0 -106.5195,37.5767,0 -106.52,37.5765,0 -106.5204,37.5763,0 -106.5207,37.5762,0 -106.523,37.5769,0 -106.5237,37.5771,0 -106.5248,37.5773,0 -106.5256,37.5775,0 -106.5264,37.5779,0 -106.5267,37.5781,0 -106.5278,37.5786,0 -106.5293,37.5792,0 -106.5304,37.5795,0 -106.5322,37.5803,0 -106.5329,37.5807,0 -106.5335,37.5809,0 -106.5346,37.5811,0 -106.5351,37.5813,0 -106.536,37.5814,0 -106.5375,37.5818,0 -106.538,37.5819,0 -106.5389,37.582,0 -106.5394,37.5822,0 -106.5401,37.5823,0 -106.5406,37.5824,0 -106.5413,37.5825,0 -106.5414,37.5823,0 -106.5415,37.5822,0 -106.5419,37.5818,0 -106.5422,37.5817,0 -106.5425,37.5815,0 -106.543,37.5813,0 -106.5441,37.5807,0 -106.5445,37.5804,0 -106.545,37.5801,0 -106.5454,37.58,0 -106.5469,37.5802,0 -106.5477,37.5802,0 -106.5484,37.5802,0 -106.5495,37.5802,0 -106.5509,37.5799,0 -106.552,37.5793,0 -106.5524,37.579,0 -106.5531,37.5786,0 -106.5547,37.5776,0 -106.5555,37.5775,0 -106.5566,37.5775,0 -106.5566,37.5774,0 -106.5567,37.5769,0 -106.5567,37.5765,0 -106.5569,37.576,0 -106.557,37.5755,0 -106.5571,37.5752,0 -106.5572,37.5747,0 -106.5572,37.5745,0 -106.5573,37.5741,0 -106.5576,37.573,0 -106.5578,37.5725,0 -106.5581,37.5719,0 -106.5586,37.5713,0 -106.5589,37.5708,0 -106.5592,37.5703,0 -106.5594,37.5699,0 -106.5598,37.5696,0 -106.5602,37.5693,0 -106.5608,37.5689,0 -106.5613,37.5686,0 -106.5616,37.5683,0 -106.5626,37.5673,0 -106.5634,37.5655,0 -106.5636,37.5647,0 -106.5636,37.5644,0 -106.5637,37.5642,0 -106.5638,37.5638,0 -106.564,37.5616,0 -106.5642,37.5591,0 -106.5641,37.5581,0 -106.5641,37.5579,0 -106.5641,37.5578,0 -106.5647,37.5556,0 -106.5645,37.5537,0 -106.5644,37.5531,0 -106.5641,37.5524,0 -106.5645,37.5519,0 -106.5661,37.5513,0 -106.5679,37.5507,0 -106.5693,37.5501,0 -106.5701,37.5493,0 -106.5709,37.5484,0 -106.5718,37.5474,0 -106.5722,37.5464,0 -106.5724,37.5454,0 -106.5724,37.5449,0 -106.5723,37.5449,0 -106.5721,37.5442,0 -106.5712,37.5431,0 -106.5707,37.5424,0 -106.57,37.542,0 -106.5694,37.5415,0 -106.5686,37.5406,0 -106.5682,37.54,0 -106.5677,37.5391,0 -106.5673,37.5382,0 -106.5673,37.5377,0 -106.5673,37.537,0 -106.5676,37.5363,0 -106.5678,37.5358,0 -106.5679,37.5351,0 -106.568,37.534,0 -106.5679,37.5334,0 -106.5671,37.533,0 -106.5676,37.5324,0 -106.5678,37.532,0 -106.5679,37.5314,0 -106.5681,37.5305,0 -106.5683,37.5292,0 -106.5686,37.528,0 -106.5687,37.5276,0 -106.5687,37.5271,0 -106.5692,37.5266,0 -106.5699,37.5258,0 -106.5707,37.5251,0 -106.5709,37.5248,0 -106.5714,37.5243,0 -106.5718,37.5233,0 -106.5722,37.5227,0 -106.5724,37.5223,0 -106.5736,37.5219,0 -106.575,37.521,0 -106.5758,37.5205,0 -106.5765,37.5195,0 -106.5771,37.518,0 -106.5771,37.5176,0 -106.5771,37.5172,0 -106.5771,37.5168,0 -106.5771,37.5165,0 -106.5771,37.5161,0 -106.577,37.5157,0 -106.5769,37.5152,0 -106.5767,37.5147,0 -106.5766,37.5145,0 -106.5764,37.514,0 -106.5763,37.5127,0 -106.5761,37.5124,0 -106.5756,37.5116,0 -106.5754,37.5114,0 -106.5749,37.511,0 -106.5745,37.5106,0 -106.5742,37.5102,0 -106.5744,37.5095,0 -106.5748,37.5085,0 -106.575,37.5079,0 -106.5755,37.5073,0 -106.5756,37.5068,0 -106.5757,37.5061,0 -106.5757,37.5052,0 -106.5756,37.5043,0 -106.576,37.5039,0 -106.5766,37.5029,0 -106.5772,37.5019,0 -106.5772,37.5018,0 -106.5776,37.5014,0 -106.5779,37.5012,0 -106.5782,37.5009,0 -106.5784,37.5008,0 -106.5788,37.5004,0 -106.5789,37.5003,0 -106.5791,37.5001,0 -106.5795,37.4996,0 -106.5795,37.4984,0 -106.5795,37.4973,0 -106.5794,37.4969,0 -106.5792,37.4965,0 -106.579,37.4959,0 -106.5789,37.4954,0 -106.579,37.4946,0 -106.5793,37.4939,0 -106.5795,37.4928,0 -106.5797,37.492,0 -106.5799,37.4907,0 -106.5802,37.4901,0 -106.5802,37.4899,0 -106.5802,37.4895,0 -106.5801,37.4891,0 -106.5799,37.4885,0 -106.5795,37.4878,0 -106.5794,37.4871,0 -106.5795,37.4862,0 -106.5797,37.4852,0 -106.5799,37.485,0 -106.5803,37.4845,0 -106.5807,37.4841,0 -106.5809,37.4838,0 -106.5812,37.4823,0 -106.5813,37.4814,0 -106.5811,37.4806,0 -106.5811,37.48,0 -106.5812,37.4794,0 -106.5814,37.4791,0 -106.5821,37.4789,0 -106.5826,37.4788,0 -106.583,37.4789,0 -106.5831,37.4786,0 -106.5832,37.4781,0 -106.5831,37.4777,0 -106.5831,37.4774,0 -106.5832,37.477,0 -106.5833,37.4766,0 -106.5833,37.4764,0 -106.5835,37.4763,0 -106.5841,37.4755,0 -106.5846,37.475,0 -106.585,37.4744,0 -106.5853,37.4741,0 -106.5856,37.4739,0 -106.5858,37.4736,0 -106.5861,37.4732,0 -106.5865,37.4727,0 -106.5869,37.4725,0 -106.587,37.4722,0 -106.587,37.4714,0 -106.5873,37.4708,0 -106.5874,37.4704,0 -106.5874,37.4699,0 -106.5874,37.4691,0 -106.5875,37.4684,0 -106.5875,37.4681,0 -106.5876,37.4677,0 -106.5879,37.4673,0 -106.5881,37.4671,0 -106.5883,37.4669,0 -106.5884,37.4664,0 -106.5887,37.4658,0 -106.5889,37.4655,0 -106.5891,37.4651,0 -106.5893,37.4647,0 -106.59,37.4642,0 -106.5906,37.4638,0 -106.5913,37.4633,0 -106.5919,37.4629,0 -106.5924,37.4627,0 -106.5927,37.4625,0 -106.5929,37.462,0 -106.5931,37.4614,0 -106.5929,37.4608,0 -106.5929,37.4603,0 -106.5928,37.4598,0 -106.5929,37.4594,0 -106.5932,37.4587,0 -106.5934,37.4581,0 -106.5935,37.4575,0 -106.5936,37.457,0 -106.5936,37.4566,0 -106.5935,37.4562,0 -106.5933,37.4557,0 -106.5934,37.4552,0 -106.5933,37.4544,0 -106.5931,37.4538,0 -106.5932,37.4534,0 -106.5932,37.4532,0 -106.593,37.4528,0 -106.593,37.4524,0 -106.5932,37.4522,0 -106.5935,37.452,0 -106.5943,37.4517,0 -106.5947,37.4516,0 -106.5952,37.4516,0 -106.5955,37.4516,0 -106.5957,37.4515,0 -106.5961,37.4513,0 -106.5964,37.4511,0 -106.5966,37.4509,0 -106.597,37.4507,0 -106.5982,37.4506,0 -106.5992,37.4505,0 -106.5998,37.4504,0 -106.6006,37.4503,0 -106.6015,37.4503,0 -106.602,37.4503,0 -106.6025,37.4503,0 -106.6033,37.4505,0 -106.6037,37.4506,0 -106.6044,37.4507,0 -106.6046,37.4507,0 -106.6048,37.4506,0 -106.6055,37.4503,0 -106.6069,37.45,0 -106.608,37.4496,0 -106.6091,37.4492,0 -106.6095,37.4491,0 -106.6098,37.4491,0 -106.6103,37.4492,0 -106.6107,37.4493,0 -106.6115,37.4492,0 -106.6121,37.4489,0 -106.6132,37.4489,0 -106.6145,37.4486,0 -106.6152,37.4484,0 -106.6154,37.4484,0 -106.616,37.4482,0 -106.6164,37.448,0 -106.6167,37.448,0 -106.617,37.4479,0 -106.6183,37.4479,0 -106.6186,37.4479,0 -106.6191,37.4479,0 -106.6195,37.4478,0 -106.6199,37.4476,0 -106.6208,37.4471,0 -106.6212,37.447,0 -106.6219,37.4469,0 -106.6223,37.4469,0 -106.6228,37.4468,0 -106.6233,37.4466,0 -106.6239,37.4466,0 -106.6245,37.4467,0 -106.6251,37.4467,0 -106.6257,37.4468,0 -106.6257,37.4461,0 -106.6257,37.4457,0 -106.6259,37.4449,0 -106.626,37.4446,0 -106.6262,37.4441,0 -106.6267,37.4434,0 -106.6268,37.4426,0 -106.6268,37.4422,0 -106.6271,37.4418,0 -106.6272,37.4417,0 -106.6269,37.4416,0 -106.626,37.4414,0 -106.6255,37.4412,0 -106.6249,37.4411,0 -106.6242,37.4411,0 -106.6235,37.4411,0 -106.6229,37.4409,0 -106.6223,37.4407,0 -106.6217,37.4406,0 -106.621,37.4404,0 -106.6208,37.4402,0 -106.6204,37.4396,0 -106.6205,37.4392,0 -106.6206,37.4388,0 -106.6209,37.4386,0 -106.6213,37.4384,0 -106.6212,37.438,0 -106.6211,37.4375,0 -106.6212,37.4368,0 -106.6212,37.4365,0 -106.6211,37.4361,0 -106.6208,37.4357,0 -106.6205,37.4355,0 -106.6203,37.4354,0 -106.6203,37.435,0 -106.6203,37.4345,0 -106.6205,37.4343,0 -106.6206,37.434,0 -106.6208,37.4338,0 -106.6211,37.4335,0 -106.6214,37.433,0 -106.6215,37.4323,0 -106.6216,37.4317,0 -106.6217,37.4313,0 -106.6216,37.4308,0 -106.6214,37.4306,0 -106.6214,37.4304,0 -106.6213,37.4301,0 -106.6209,37.4298,0 -106.6206,37.4294,0 -106.6202,37.4288,0 -106.6201,37.4285,0 -106.6198,37.4281,0 -106.6194,37.428,0 -106.6187,37.4278,0 -106.618,37.4275,0 -106.6176,37.4269,0 -106.6168,37.426,0 -106.616,37.4255,0 -106.6153,37.4253,0 -106.6151,37.4252,0 -106.615,37.4248,0 -106.6148,37.4245,0 -106.6145,37.4243,0 -106.6139,37.4241,0 -106.6134,37.4239,0 -106.6128,37.4235,0 -106.6125,37.4232,0 -106.6123,37.4229,0 -106.6121,37.4226,0 -106.612,37.4222,0 -106.6118,37.4218,0 -106.6117,37.4215,0 -106.6112,37.4211,0 -106.6109,37.4208,0 -106.6103,37.4204,0 -106.6098,37.42,0 -106.6095,37.4198,0 -106.6091,37.4193,0 -106.6094,37.4189,0 -106.6101,37.4183,0 -106.6106,37.4179,0 -106.6109,37.4174,0 -106.6111,37.4171,0 -106.6113,37.4166,0 -106.6114,37.4163,0 -106.6115,37.4162,0 -106.6117,37.4159,0 -106.612,37.4155,0 -106.6124,37.4152,0 -106.6127,37.4149,0 -106.6131,37.4147,0 -106.6135,37.4143,0 -106.6138,37.4142,0 -106.6142,37.414,0 -106.6146,37.414,0 -106.6153,37.4138,0 -106.6156,37.4136,0 -106.6159,37.4135,0 -106.6163,37.4134,0 -106.6171,37.4135,0 -106.6175,37.4136,0 -106.618,37.4138,0 -106.6181,37.4138,0 -106.6179,37.4135,0 -106.6178,37.4134,0 -106.6175,37.4131,0 -106.6174,37.4126,0 -106.6174,37.4122,0 -106.6175,37.4119,0 -106.6176,37.4114,0 -106.6176,37.411,0 -106.6179,37.4113,0 -106.618,37.4114,0 -106.6185,37.4115,0 -106.6188,37.4117,0 -106.6191,37.4119,0 -106.6194,37.4121,0 -106.6198,37.4123,0 -106.6202,37.4127,0 -106.6203,37.4129,0 -106.6204,37.4131,0 -106.6208,37.4132,0 -106.621,37.4132,0 -106.6211,37.4131,0 -106.6215,37.4131,0 -106.6225,37.4132,0 -106.6232,37.4131,0 -106.6234,37.4131,0 -106.6238,37.4128,0 -106.6242,37.4126,0 -106.6247,37.4125,0 -106.6251,37.4123,0 -106.6255,37.4123,0 -106.6267,37.4123,0 -106.6277,37.4123,0 -106.6279,37.4123,0 -106.6279,37.4121,0 -106.6279,37.4118,0 -106.6278,37.4115,0 -106.6279,37.4112,0 -106.6282,37.4108,0 -106.6282,37.4105,0 -106.6283,37.4103,0 -106.6286,37.4099,0 -106.6289,37.4095,0 -106.6291,37.4095,0 -106.6294,37.4095,0 -106.63,37.4093,0 -106.6304,37.409,0 -106.6314,37.4084,0 -106.6316,37.4082,0 -106.6318,37.4081,0 -106.6322,37.4079,0 -106.6326,37.4078,0 -106.6333,37.4077,0 -106.6338,37.4076,0 -106.6344,37.4075,0 -106.6353,37.4075,0 -106.6358,37.4074,0 -106.6366,37.4075,0 -106.6371,37.4075,0 -106.638,37.4076,0 -106.6388,37.4074,0 -106.6396,37.4074,0 -106.6403,37.4075,0 -106.6407,37.4076,0 -106.641,37.4078,0 -106.6413,37.4078,0 -106.6413,37.4082,0 -106.6413,37.4085,0 -106.6414,37.4088,0 -106.6416,37.4091,0 -106.642,37.4096,0 -106.6426,37.4099,0 -106.643,37.4102,0 -106.6433,37.4104,0 -106.6434,37.4107,0 -106.6433,37.4111,0 -106.6433,37.4112,0 -106.6433,37.4114,0 -106.6434,37.4126,0 -106.6433,37.4128,0 -106.6437,37.4131,0 -106.6442,37.4135,0 -106.6445,37.4138,0 -106.6448,37.4139,0 -106.645,37.414,0 -106.6455,37.4142,0 -106.6462,37.4144,0 -106.6467,37.4145,0 -106.647,37.4147,0 -106.6473,37.4149,0 -106.6477,37.4153,0 -106.6481,37.4157,0 -106.6483,37.4161,0 -106.6486,37.4164,0 -106.6488,37.4167,0 -106.6488,37.417,0 -106.6489,37.4173,0 -106.6488,37.4177,0 -106.6487,37.4183,0 -106.6488,37.4187,0 -106.6492,37.4196,0 -106.6496,37.4201,0 -106.6498,37.4206,0 -106.65,37.4212,0 -106.6506,37.4212,0 -106.6513,37.4211,0 -106.6517,37.4212,0 -106.6521,37.4214,0 -106.6522,37.4216,0 -106.6523,37.4219,0 -106.6525,37.4222,0 -106.6531,37.4224,0 -106.6536,37.4223,0 -106.6541,37.4224,0 -106.6547,37.4225,0 -106.6556,37.4228,0 -106.656,37.4232,0 -106.6562,37.4235,0 -106.6563,37.424,0 -106.6563,37.4243,0 -106.6565,37.4245,0 -106.6566,37.4247,0 -106.6568,37.4249,0 -106.6573,37.4251,0 -106.6575,37.4252,0 -106.6574,37.4254,0 -106.6574,37.426,0 -106.6575,37.4268,0 -106.6576,37.4273,0 -106.6581,37.4276,0 -106.6584,37.4279,0 -106.659,37.4283,0 -106.6593,37.4286,0 -106.6603,37.4292,0 -106.6608,37.4296,0 -106.661,37.4297,0 -106.6614,37.4299,0 -106.6619,37.4301,0 -106.6622,37.4302,0 -106.663,37.4305,0 -106.6641,37.4309,0 -106.6645,37.431,0 -106.6651,37.4312,0 -106.6662,37.4314,0 -106.6671,37.4316,0 -106.6677,37.4318,0 -106.6682,37.4319,0 -106.6691,37.4322,0 -106.6694,37.4322,0 -106.67,37.4322,0 -106.6703,37.4322,0 -106.6711,37.4321,0 -106.6717,37.4321,0 -106.6725,37.4321,0 -106.6729,37.4321,0 -106.6735,37.4322,0 -106.6743,37.4323,0 -106.6754,37.4325,0 -106.6758,37.4326,0 -106.6761,37.4327,0 -106.6765,37.4329,0 -106.6769,37.4331,0 -106.6775,37.4334,0 -106.6779,37.4336,0 -106.6788,37.434,0 -106.6792,37.4341,0 -106.6797,37.4344,0 -106.6801,37.4345,0 -106.6803,37.4346,0 -106.6806,37.4347,0 -106.6806,37.4348,0 -106.6807,37.435,0 -106.6809,37.4352,0 -106.6811,37.4353,0 -106.6815,37.4354,0 -106.6816,37.4355,0 -106.6816,37.4356,0 -106.6814,37.4358,0 -106.6813,37.4363,0 -106.6813,37.4365,0 -106.6815,37.4369,0 -106.6817,37.4374,0 -106.6819,37.4378,0 -106.682,37.4379,0 -106.6821,37.4379,0 -106.6826,37.4378,0 -106.683,37.4378,0 -106.6835,37.438,0 -106.6842,37.4383,0 -106.6849,37.4386,0 -106.6854,37.4388,0 -106.686,37.4389,0 -106.6872,37.439,0 -106.6875,37.4389,0 -106.688,37.4389,0 -106.6884,37.4391,0 -106.689,37.4394,0 -106.6892,37.4396,0 -106.6895,37.44,0 -106.6898,37.4404,0 -106.6901,37.4407,0 -106.6903,37.441,0 -106.6906,37.4411,0 -106.6909,37.4413,0 -106.6916,37.4417,0 -106.6921,37.442,0 -106.6925,37.4422,0 -106.6927,37.4425,0 -106.693,37.4428,0 -106.6932,37.4431,0 -106.6936,37.4435,0 -106.6938,37.4437,0 -106.6942,37.444,0 -106.6946,37.4444,0 -106.695,37.4448,0 -106.6954,37.4451,0 -106.6959,37.4456,0 -106.6966,37.4462,0 -106.6971,37.4464,0 -106.6973,37.4466,0 -106.6975,37.4468,0 -106.6977,37.4472,0 -106.6979,37.4476,0 -106.6983,37.4481,0 -106.6985,37.4484,0 -106.6989,37.4489,0 -106.6992,37.4492,0 -106.6996,37.4495,0 -106.6998,37.4497,0 -106.7004,37.4501,0 -106.701,37.4506,0 -106.7016,37.4511,0 -106.7018,37.4513,0 -106.7019,37.4514,0 -106.702,37.4514,0 -106.7023,37.4512,0 -106.7027,37.4507,0 -106.7032,37.4503,0 -106.7035,37.45,0 -106.7036,37.4498,0 -106.7034,37.4495,0 -106.7033,37.4494,0 -106.7034,37.4492,0 -106.7035,37.4489,0 -106.7038,37.4484,0 -106.7049,37.4468,0 -106.7052,37.4462,0 -106.7054,37.4459,0 -106.7055,37.4455,0 -106.7058,37.4454,0 -106.7065,37.4452,0 -106.7071,37.4449,0 -106.7074,37.4448,0 -106.7079,37.4448,0 -106.7085,37.4446,0 -106.7089,37.4444,0 -106.7091,37.4442,0 -106.7093,37.4439,0 -106.7095,37.4436,0 -106.7098,37.4432,0 -106.7102,37.4429,0 -106.7107,37.4427,0 -106.711,37.4425,0 -106.7114,37.4424,0 -106.7119,37.4423,0 -106.7125,37.4422,0 -106.713,37.442,0 -106.7134,37.4419,0 -106.7139,37.4418,0 -106.7143,37.4417,0 -106.7149,37.4417,0 -106.7154,37.4417,0 -106.7159,37.4418,0 -106.7162,37.4418,0 -106.7167,37.4418,0 -106.7169,37.4418,0 -106.7172,37.442,0 -106.7173,37.4422,0 -106.7175,37.4424,0 -106.7178,37.4428,0 -106.7181,37.4431,0 -106.7184,37.4434,0 -106.7187,37.4437,0 -106.7189,37.444,0 -106.7192,37.4444,0 -106.7196,37.4447,0 -106.72,37.445,0 -106.7202,37.4452,0 -106.7204,37.4454,0 -106.7209,37.4456,0 -106.7212,37.4457,0 -106.7216,37.4459,0 -106.723,37.4458,0 -106.7241,37.4458,0 -106.7252,37.4457,0 -106.7256,37.4457,0 -106.7257,37.4458,0 -106.7264,37.4463,0 -106.7266,37.4465,0 -106.7268,37.4468,0 -106.727,37.447,0 -106.7274,37.4476,0 -106.7276,37.4478,0 -106.7279,37.4482,0 -106.7282,37.4487,0 -106.7286,37.4494,0 -106.7289,37.4502,0 -106.729,37.4505,0 -106.7291,37.4507,0 -106.7291,37.451,0 -106.7291,37.4515,0 -106.729,37.4519,0 -106.7289,37.4522,0 -106.7289,37.4528,0 -106.729,37.4534,0 -106.7294,37.4541,0 -106.7298,37.4548,0 -106.7303,37.4553,0 -106.731,37.4562,0 -106.7315,37.4565,0 -106.7319,37.4567,0 -106.7322,37.457,0 -106.7325,37.4573,0 -106.7327,37.4576,0 -106.7329,37.4578,0 -106.7331,37.4581,0 -106.7334,37.4584,0 -106.7336,37.4587,0 -106.7337,37.4589,0 -106.7337,37.4592,0 -106.734,37.4593,0 -106.7344,37.4595,0 -106.7347,37.4596,0 -106.7356,37.4597,0 -106.7364,37.4599,0 -106.7368,37.46,0 -106.7372,37.4601,0 -106.7381,37.4603,0 -106.7383,37.4604,0 -106.7391,37.4606,0 -106.74,37.4609,0 -106.741,37.4611,0 -106.7415,37.4613,0 -106.742,37.4613,0 -106.7424,37.4613,0 -106.7427,37.4613,0 -106.7431,37.4612,0 -106.7434,37.4609,0 -106.7437,37.4607,0 -106.7439,37.4604,0 -106.7441,37.4602,0 -106.7443,37.4599,0 -106.7445,37.4599,0 -106.7448,37.46,0 -106.7455,37.4601,0 -106.746,37.4601,0 -106.7465,37.4601,0 -106.7468,37.4599,0 -106.7472,37.4597,0 -106.7479,37.4594,0 -106.7484,37.4593,0 -106.7488,37.4593,0 -106.7492,37.4593,0 -106.7495,37.4593,0 -106.7499,37.4595,0 -106.7501,37.4601,0 -106.7503,37.4604,0 -106.7507,37.4607,0 -106.7512,37.4611,0 -106.7515,37.4614,0 -106.7517,37.4616,0 -106.7519,37.4617,0 -106.7521,37.4617,0 -106.7522,37.4619,0 -106.7523,37.462,0 -106.7524,37.4621,0 -106.7528,37.4621,0 -106.7533,37.4621,0 -106.7537,37.4621,0 -106.754,37.4622,0 -106.7548,37.4622,0 -106.7552,37.4623,0 -106.7555,37.4624,0 -106.7556,37.4625,0 -106.7558,37.4626,0 -106.7559,37.4629,0 -106.756,37.4631,0 -106.7561,37.4633,0 -106.7562,37.4636,0 -106.7563,37.4639,0 -106.7565,37.4643,0 -106.7566,37.4645,0 -106.7567,37.4645,0 -106.7572,37.4645,0 -106.7575,37.4644,0 -106.7579,37.4644,0 -106.7583,37.4644,0 -106.7586,37.4645,0 -106.759,37.4646,0 -106.7594,37.4646,0 -106.7598,37.4646,0 -106.7601,37.4645,0 -106.7605,37.4644,0 -106.7609,37.4644,0 -106.7612,37.4644,0 -106.7615,37.4643,0 -106.7619,37.4643,0 -106.7622,37.4641,0 -106.7627,37.4639,0 -106.7629,37.4638,0 -106.7633,37.4637,0 -106.7636,37.4634,0 -106.764,37.4632,0 -106.7643,37.463,0 -106.7646,37.4627,0 -106.765,37.4626,0 -106.7652,37.4624,0 -106.7654,37.4623,0 -106.7656,37.4622,0 -106.7657,37.462,0 -106.7659,37.4617,0 -106.7661,37.4615,0 -106.7663,37.4612,0 -106.7664,37.4609,0 -106.7667,37.4603,0 -106.7669,37.46,0 -106.7673,37.4597,0 -106.7674,37.4595,0 -106.7676,37.4592,0 -106.7676,37.459,0 -106.7678,37.4582,0 -106.7679,37.458,0 -106.7682,37.4578,0 -106.7684,37.4578,0 -106.7685,37.4577,0 -106.7686,37.4576,0 -106.7689,37.4573,0 -106.769,37.4569,0 -106.7691,37.4566,0 -106.7691,37.4564,0 -106.7691,37.4562,0 -106.7691,37.456,0 -106.7691,37.4557,0 -106.7691,37.4553,0 -106.7691,37.455,0 -106.7692,37.4547,0 -106.7692,37.4541,0 -106.7691,37.4538,0 -106.7691,37.4535,0 -106.7691,37.4531,0 -106.769,37.4528,0 -106.7691,37.4527,0 -106.7692,37.4525,0 -106.7693,37.4525,0 -106.7693,37.4523,0 -106.7694,37.452,0 -106.7697,37.4518,0 -106.7698,37.4517,0 -106.7701,37.4513,0 -106.7705,37.4511,0 -106.7707,37.451,0 -106.7709,37.4509,0 -106.7711,37.4507,0 -106.7713,37.4506,0 -106.7716,37.4504,0 -106.7718,37.4502,0 -106.7721,37.45,0 -106.7725,37.4499,0 -106.7728,37.4498,0 -106.7733,37.4499,0 -106.7737,37.45,0 -106.774,37.4501,0 -106.7744,37.4502,0 -106.7747,37.4504,0 -106.7751,37.4506,0 -106.7754,37.4507,0 -106.7756,37.4509,0 -106.776,37.4511,0 -106.7763,37.4513,0 -106.7766,37.4515,0 -106.777,37.4517,0 -106.7773,37.4519,0 -106.7775,37.4521,0 -106.7777,37.4524,0 -106.7779,37.4527,0 -106.7782,37.4528,0 -106.7785,37.453,0 -106.7788,37.4532,0 -106.7791,37.4534,0 -106.7795,37.4534,0 -106.78,37.4535,0 -106.7804,37.4535,0 -106.7806,37.4535,0 -106.7808,37.4536,0 -106.7811,37.4537,0 -106.7814,37.4538,0 -106.7818,37.454,0 -106.7821,37.4542,0 -106.7824,37.4543,0 -106.7825,37.4545,0 -106.7828,37.4546,0 -106.7832,37.4547,0 -106.7839,37.4548,0 -106.7843,37.4548,0 -106.7848,37.4548,0 -106.7851,37.4549,0 -106.7856,37.4549,0 -106.7864,37.455,0 -106.7871,37.4549,0 -106.788,37.455,0 -106.7886,37.455,0 -106.7892,37.4552,0 -106.7896,37.4553,0 -106.7914,37.4555,0 -106.7934,37.4556,0 -106.7942,37.4557,0 -106.7946,37.4558,0 -106.7953,37.456,0 -106.7958,37.4562,0 -106.7962,37.4563,0 -106.7973,37.4565,0 -106.7982,37.4568,0 -106.7988,37.4571,0 -106.7994,37.4577,0 -106.7997,37.458,0 -106.8008,37.459,0 -106.8017,37.4599,0 -106.8023,37.4607,0 -106.8025,37.4611,0 -106.803,37.462,0 -106.8035,37.4626,0 -106.8038,37.463,0 -106.8041,37.4633,0 -106.8045,37.4636,0 -106.8048,37.4639,0 -106.8052,37.4641,0 -106.8055,37.4645,0 -106.8058,37.4649,0 -106.806,37.4652,0 -106.8063,37.4654,0 -106.8064,37.4656,0 -106.8065,37.4657,0 -106.8066,37.4659,0 -106.8067,37.4663,0 -106.8067,37.4665,0 -106.8065,37.4668,0 -106.8065,37.4671,0 -106.8063,37.4678,0 -106.8062,37.4682,0 -106.8062,37.4685,0 -106.8061,37.4691,0 -106.806,37.4694,0 -106.8057,37.4698,0 -106.8054,37.4703,0 -106.8051,37.4707,0 -106.8049,37.471,0 -106.8048,37.4712,0 -106.8048,37.4716,0 -106.8047,37.4717,0 -106.8045,37.4719,0 -106.8043,37.4721,0 -106.8041,37.4723,0 -106.8039,37.4726,0 -106.8034,37.473,0 -106.8029,37.4735,0 -106.8026,37.4739,0 -106.8023,37.4743,0 -106.8021,37.4747,0 -106.802,37.4752,0 -106.8019,37.4756,0 -106.8018,37.4757,0 -106.8016,37.476,0 -106.8015,37.4762,0 -106.8013,37.4766,0 -106.8012,37.4769,0 -106.8011,37.4773,0 -106.8009,37.4785,0 -106.8009,37.4789,0 -106.8009,37.4798,0 -106.8009,37.4801,0 -106.8008,37.4804,0 -106.8006,37.4807,0 -106.8005,37.481,0 -106.8004,37.4817,0 -106.8005,37.4821,0 -106.8004,37.4826,0 -106.8006,37.4829,0 -106.8012,37.4831,0 -106.8021,37.4832,0 -106.8027,37.4832,0 -106.803,37.4834,0 -106.8033,37.4835,0 -106.8032,37.484,0 -106.8033,37.4843,0 -106.8033,37.4847,0 -106.8034,37.4848,0 -106.8035,37.4851,0 -106.8038,37.4855,0 -106.804,37.4859,0 -106.8041,37.4862,0 -106.8042,37.4867,0 -106.8043,37.4871,0 -106.804,37.4875,0 -106.8038,37.4878,0 -106.8035,37.4882,0 -106.8032,37.4886,0 -106.803,37.4889,0 -106.8027,37.4891,0 -106.8024,37.4894,0 -106.8021,37.4898,0 -106.8018,37.4902,0 -106.8015,37.4905,0 -106.8013,37.4907,0 -106.8009,37.4909,0 -106.8003,37.4911,0 -106.8002,37.4913,0 -106.8002,37.4917,0 -106.8003,37.4922,0 -106.8003,37.4925,0 -106.8004,37.4927,0 -106.8005,37.4929,0 -106.8007,37.493,0 -106.8011,37.4932,0 -106.8014,37.4931,0 -106.8017,37.493,0 -106.8023,37.4929,0 -106.8034,37.4925,0 -106.8038,37.4923,0 -106.804,37.4923,0 -106.8045,37.4924,0 -106.8048,37.4925,0 -106.805,37.4927,0 -106.8054,37.4929,0 -106.8058,37.493,0 -106.8063,37.4931,0 -106.807,37.4934,0 -106.8071,37.4934,0 -106.8073,37.494,0 -106.8075,37.4941,0 -106.8076,37.4942,0 -106.8079,37.4944,0 -106.8081,37.4945,0 -106.8102,37.495,0 -106.8106,37.4951,0 -106.8109,37.4953,0 -106.811,37.4956,0 -106.811,37.4958,0 -106.8108,37.4962,0 -106.8107,37.4964,0 -106.811,37.4966,0 -106.8112,37.4967,0 -106.8119,37.497,0 -106.8123,37.4972,0 -106.8127,37.4973,0 -106.8131,37.4976,0 -106.8139,37.498,0 -106.8141,37.4982,0 -106.8143,37.4983,0 -106.8149,37.4985,0 -106.8155,37.4986,0 -106.8157,37.4988,0 -106.8159,37.499,0 -106.816,37.4991,0 -106.8163,37.499,0 -106.8168,37.4988,0 -106.8173,37.4985,0 -106.8178,37.4983,0 -106.8184,37.4981,0 -106.819,37.498,0 -106.8193,37.498,0 -106.8202,37.4978,0 -106.8205,37.4977,0 -106.8207,37.4976,0 -106.8212,37.4971,0 -106.8214,37.4968,0 -106.8214,37.4967,0 -106.8218,37.4964,0 -106.822,37.4962,0 -106.8223,37.496,0 -106.8227,37.4958,0 -106.823,37.4956,0 -106.8231,37.4954,0 -106.8233,37.4953,0 -106.8236,37.495,0 -106.824,37.4949,0 -106.8245,37.4949,0 -106.8258,37.4949,0 -106.8261,37.4951,0 -106.8264,37.4951,0 -106.8266,37.4951,0 -106.8267,37.4951,0 -106.827,37.495,0 -106.8273,37.4949,0 -106.8276,37.4948,0 -106.8279,37.4948,0 -106.8282,37.4947,0 -106.8284,37.4947,0 -106.829,37.495,0 -106.8295,37.4954,0 -106.8299,37.4957,0 -106.83,37.496,0 -106.8311,37.4965,0 -106.8316,37.4967,0 -106.832,37.4969,0 -106.8323,37.497,0 -106.8327,37.4972,0 -106.8333,37.4976,0 -106.8337,37.4979,0 -106.8345,37.4986,0 -106.8355,37.4995,0 -106.8362,37.5,0 -106.8363,37.5001,0 -106.8366,37.5003,0 -106.837,37.5005,0 -106.8372,37.5005,0 -106.8378,37.5003,0 -106.8381,37.5002,0 -106.8385,37.5,0 -106.8389,37.4998,0 -106.8392,37.4996,0 -106.8395,37.4995,0 -106.8398,37.4995,0 -106.8403,37.4995,0 -106.8405,37.4995,0 -106.8408,37.4995,0 -106.8419,37.4995,0 -106.8425,37.4994,0 -106.8428,37.4994,0 -106.8436,37.4995,0 -106.844,37.4995,0 -106.8448,37.4994,0 -106.845,37.4994,0 -106.8453,37.4993,0 -106.8457,37.4991,0 -106.8459,37.4989,0 -106.8461,37.4985,0 -106.8463,37.4982,0 -106.8465,37.4979,0 -106.8467,37.4977,0 -106.8471,37.4974,0 -106.8474,37.4971,0 -106.8475,37.497,0 -106.8476,37.4969,0 -106.8479,37.4968,0 -106.8483,37.4964,0 -106.8485,37.4962,0 -106.8486,37.4959,0 -106.8489,37.4957,0 -106.8492,37.4954,0 -106.8494,37.4952,0 -106.8496,37.4951,0 -106.8497,37.4949,0 -106.8499,37.4947,0 -106.8502,37.4944,0 -106.8503,37.4943,0 -106.8504,37.494,0 -106.8506,37.4938,0 -106.8508,37.4935,0 -106.8509,37.4932,0 -106.851,37.4929,0 -106.8511,37.4927,0 -106.8512,37.4926,0 -106.8514,37.4925,0 -106.8517,37.4924,0 -106.852,37.4923,0 -106.8524,37.4922,0 -106.8527,37.4922,0 -106.8531,37.4922,0 -106.8534,37.4922,0 -106.8536,37.4923,0 -106.8538,37.4927,0 -106.8539,37.4929,0 -106.8539,37.4931,0 -106.8541,37.4935,0 -106.8543,37.4938,0 -106.8544,37.4939,0 -106.8549,37.4943,0 -106.8554,37.4945,0 -106.8563,37.4949,0 -106.8572,37.4955,0 -106.8582,37.4959,0 -106.8586,37.496,0 -106.8587,37.496,0 -106.8591,37.496,0 -106.8594,37.4961,0 -106.8597,37.4963,0 -106.86,37.4964,0 -106.8603,37.4967,0 -106.8606,37.4969,0 -106.8609,37.4972,0 -106.861,37.4972,0 -106.8613,37.4972,0 -106.8616,37.4971,0 -106.8618,37.497,0 -106.8621,37.4969,0 -106.8625,37.4967,0 -106.8627,37.4966,0 -106.8629,37.4966,0 -106.8631,37.4966,0 -106.8633,37.4967,0 -106.8637,37.4968,0 -106.8641,37.497,0 -106.8643,37.4971,0 -106.8645,37.4972,0 -106.8646,37.4973,0 -106.8646,37.4974,0 -106.8647,37.4977,0 -106.8647,37.4979,0 -106.8649,37.498,0 -106.8652,37.4982,0 -106.8656,37.4982,0 -106.866,37.4984,0 -106.8665,37.4986,0 -106.867,37.4987,0 -106.8673,37.4988,0 -106.8686,37.4987,0 -106.8689,37.4987,0 -106.8693,37.4988,0 -106.8696,37.499,0 -106.8698,37.4991,0 -106.8699,37.4991,0 -106.8701,37.4991,0 -106.8704,37.4991,0 -106.8707,37.4992,0 -106.8709,37.4992,0 -106.871,37.4993,0 -106.8713,37.4994,0 -106.8715,37.4995,0 -106.8716,37.4995,0 -106.8719,37.4996,0 -106.8721,37.4996,0 -106.8725,37.4995,0 -106.8729,37.4995,0 -106.8733,37.4994,0 -106.8736,37.4993,0 -106.8739,37.4994,0 -106.8742,37.4995,0 -106.8744,37.4996,0 -106.8747,37.5,0 -106.8748,37.5002,0 -106.8751,37.5003,0 -106.8754,37.5005,0 -106.8758,37.5007,0 -106.876,37.5009,0 -106.8762,37.5011,0 -106.8764,37.5012,0 -106.8768,37.5014,0 -106.877,37.5017,0 -106.8772,37.5021,0 -106.8775,37.5025,0 -106.878,37.503,0 -106.8783,37.5035,0 -106.8784,37.5038,0 -106.8782,37.5041,0 -106.8781,37.5043,0 -106.8785,37.505,0 -106.8792,37.5055,0 -106.8794,37.5057,0 -106.8799,37.506,0 -106.8802,37.5062,0 -106.8804,37.5064,0 -106.8807,37.5066,0 -106.8809,37.5068,0 -106.8811,37.5069,0 -106.8812,37.507,0 -106.8814,37.507,0 -106.8817,37.5071,0 -106.882,37.5075,0 -106.8823,37.5078,0 -106.8824,37.508,0 -106.8826,37.5083,0 -106.8829,37.5087,0 -106.8831,37.5092,0 -106.8831,37.5095,0 -106.8833,37.5099,0 -106.8833,37.5102,0 -106.8832,37.5106,0 -106.8831,37.5111,0 -106.8831,37.5115,0 -106.883,37.5117,0 -106.8831,37.5119,0 -106.8836,37.5121,0 -106.8844,37.5124,0 -106.8847,37.5126,0 -106.8849,37.5125,0 -106.8849,37.5127,0 -106.8851,37.5129,0 -106.8855,37.5133,0 -106.8859,37.5135,0 -106.8863,37.5138,0 -106.8866,37.5141,0 -106.8867,37.5142,0 -106.8869,37.5145,0 -106.8871,37.5148,0 -106.8876,37.5159,0 -106.8878,37.5162,0 -106.8879,37.5166,0 -106.8881,37.5168,0 -106.8881,37.5169,0 -106.8881,37.5171,0 -106.888,37.5173,0 -106.8878,37.5175,0 -106.8876,37.5176,0 -106.8873,37.5179,0 -106.887,37.5184,0 -106.8868,37.5187,0 -106.8865,37.5189,0 -106.8864,37.5192,0 -106.8863,37.5195,0 -106.8862,37.5198,0 -106.886,37.5201,0 -106.8858,37.5204,0 -106.8855,37.5206,0 -106.8851,37.5208,0 -106.8846,37.5211,0 -106.884,37.5215,0 -106.8835,37.5218,0 -106.8832,37.522,0 -106.8827,37.5223,0 -106.8822,37.5225,0 -106.882,37.5226,0 -106.8822,37.5228,0 -106.8823,37.5231,0 -106.8824,37.5234,0 -106.8825,37.5238,0 -106.8827,37.5242,0 -106.8829,37.5246,0 -106.883,37.5248,0 -106.8831,37.525,0 -106.8831,37.5252,0 -106.8831,37.5259,0 -106.8831,37.5263,0 -106.8831,37.5265,0 -106.8831,37.5267,0 -106.883,37.5272,0 -106.883,37.5276,0 -106.8831,37.528,0 -106.8834,37.5284,0 -106.8835,37.5287,0 -106.8838,37.5292,0 -106.884,37.5295,0 -106.8842,37.5299,0 -106.8843,37.5303,0 -106.8844,37.5305,0 -106.8844,37.5308,0 -106.8843,37.5313,0 -106.8842,37.5317,0 -106.884,37.5321,0 -106.8839,37.5325,0 -106.8836,37.5329,0 -106.8835,37.5334,0 -106.8833,37.5338,0 -106.8833,37.534,0 -106.8834,37.5343,0 -106.8836,37.5344,0 -106.8838,37.5347,0 -106.884,37.535,0 -106.8842,37.5353,0 -106.8844,37.5356,0 -106.8846,37.536,0 -106.8847,37.5363,0 -106.8847,37.5366,0 -106.8844,37.537,0 -106.8841,37.5372,0 -106.8837,37.5374,0 -106.8832,37.5377,0 -106.8829,37.538,0 -106.8826,37.5382,0 -106.8825,37.5386,0 -106.8826,37.5388,0 -106.8827,37.539,0 -106.8827,37.5393,0 -106.8827,37.5396,0 -106.8825,37.5401,0 -106.8825,37.5405,0 -106.8824,37.541,0 -106.8822,37.5414,0 -106.8821,37.5417,0 -106.8819,37.5419,0 -106.8815,37.5422,0 -106.8811,37.5426,0 -106.8809,37.5428,0 -106.8806,37.543,0 -106.8803,37.5432,0 -106.8799,37.5433,0 -106.8797,37.5435,0 -106.8794,37.5437,0 -106.8791,37.5439,0 -106.8789,37.5444,0 -106.8791,37.5444,0 -106.8794,37.5446,0 -106.8798,37.5449,0 -106.8801,37.5452,0 -106.8806,37.5457,0 -106.8808,37.546,0 -106.881,37.5464,0 -106.8811,37.5467,0 -106.8812,37.5472,0 -106.8814,37.5477,0 -106.8815,37.5479,0 -106.8815,37.5481,0 -106.8815,37.549,0 -106.8815,37.5494,0 -106.8813,37.5498,0 -106.8811,37.5504,0 -106.8809,37.5507,0 -106.8807,37.5511,0 -106.8805,37.5514,0 -106.8804,37.5517,0 -106.8803,37.5519,0 -106.88,37.5522,0 -106.8798,37.5524,0 -106.8795,37.5527,0 -106.8794,37.5529,0 -106.8793,37.5531,0 -106.8793,37.5532,0 -106.8794,37.5534,0 -106.8796,37.5536,0 -106.88,37.554,0 -106.8803,37.5542,0 -106.8805,37.5544,0 -106.8808,37.5557,0 -106.8809,37.5559,0 -106.8809,37.5561,0 -106.8809,37.5563,0 -106.881,37.5567,0 -106.881,37.5572,0 -106.8809,37.5579,0 -106.8809,37.5592,0 -106.8809,37.5601,0 -106.8811,37.5605,0 -106.8811,37.5606,0 -106.8812,37.5609,0 -106.8812,37.5612,0 -106.8814,37.5612,0 -106.8816,37.5612,0 -106.8818,37.5612,0 -106.8821,37.5613,0 -106.8826,37.5614,0 -106.8829,37.5616,0 -106.8832,37.5617,0 -106.8834,37.5618,0 -106.8836,37.5619,0 -106.8838,37.5618,0 -106.884,37.5619,0 -106.8842,37.562,0 -106.8844,37.5621,0 -106.8845,37.5623,0 -106.8849,37.5626,0 -106.8851,37.5629,0 -106.8853,37.563,0 -106.8854,37.563,0 -106.8856,37.563,0 -106.886,37.5631,0 -106.8862,37.5632,0 -106.8864,37.5634,0 -106.8868,37.5638,0 -106.8871,37.5641,0 -106.8873,37.5644,0 -106.8875,37.5645,0 -106.8877,37.5647,0 -106.8879,37.5648,0 -106.8885,37.5649,0 -106.889,37.5649,0 -106.8893,37.565,0 -106.8897,37.5651,0 -106.8901,37.5652,0 -106.8903,37.5653,0 -106.8908,37.5652,0 -106.891,37.5652,0 -106.8912,37.5653,0 -106.8915,37.5654,0 -106.8918,37.5656,0 -106.8921,37.5657,0 -106.8922,37.5658,0 -106.8923,37.5658,0 -106.8924,37.5657,0 -106.8926,37.5656,0 -106.8927,37.5655,0 -106.8928,37.5653,0 -106.8928,37.565,0 -106.8929,37.5647,0 -106.893,37.5645,0 -106.8934,37.5642,0 -106.8937,37.5641,0 -106.894,37.5641,0 -106.8941,37.5641,0 -106.8944,37.5641,0 -106.8951,37.5641,0 -106.8954,37.5641,0 -106.8961,37.5642,0 -106.8965,37.5641,0 -106.8973,37.5641,0 -106.8975,37.564,0 -106.8984,37.5638,0 -106.8993,37.5637,0 -106.8996,37.5638,0 -106.8999,37.5639,0 -106.9002,37.5641,0 -106.9008,37.5644,0 -106.9012,37.5646,0 -106.9015,37.5648,0 -106.9017,37.5649,0 -106.9018,37.5649,0 -106.9019,37.5649,0 -106.9021,37.5648,0 -106.9023,37.5648,0 -106.9024,37.5648,0 -106.9028,37.5648,0 -106.903,37.5649,0 -106.9032,37.5649,0 -106.9037,37.5649,0 -106.9042,37.5647,0 -106.9047,37.5646,0 -106.905,37.5644,0 -106.9052,37.5644,0 -106.9059,37.5643,0 -106.9065,37.5642,0 -106.9071,37.5642,0 -106.9074,37.5641,0 -106.9075,37.5641,0 -106.9076,37.564,0 -106.9077,37.564,0 -106.9079,37.5641,0 -106.9081,37.5641,0 -106.9082,37.5642,0 -106.9084,37.5642,0 -106.909,37.5641,0 -106.9095,37.5642,0 -106.9099,37.5643,0 -106.9103,37.5645,0 -106.9107,37.5646,0 -106.9112,37.5648,0 -106.9114,37.565,0 -106.9117,37.5653,0 -106.9123,37.5661,0 -106.9125,37.5666,0 -106.9128,37.567,0 -106.9131,37.5672,0 -106.9132,37.5673,0 -106.9134,37.5672,0 -106.9139,37.5672,0 -106.9142,37.567,0 -106.9144,37.567,0 -106.9146,37.567,0 -106.9149,37.5672,0 -106.9151,37.5672,0 -106.9153,37.5672,0 -106.9155,37.5673,0 -106.9158,37.5674,0 -106.9159,37.5676,0 -106.9162,37.5679,0 -106.9164,37.568,0 -106.9168,37.5682,0 -106.9171,37.5683,0 -106.9178,37.5685,0 -106.9182,37.5686,0 -106.9188,37.5689,0 -106.9192,37.5692,0 -106.9196,37.5694,0 -106.9199,37.5697,0 -106.9203,37.5698,0 -106.9208,37.5701,0 -106.9211,37.5702,0 -106.9215,37.5703,0 -106.9217,37.5703,0 -106.922,37.5701,0 -106.9226,37.5699,0 -106.923,37.5697,0 -106.9233,37.5696,0 -106.9237,37.5695,0 -106.924,37.5696,0 -106.9244,37.5697,0 -106.9248,37.5698,0 -106.9252,37.5699,0 -106.9254,37.5699,0 -106.9257,37.5698,0 -106.9261,37.5696,0 -106.9265,37.5695,0 -106.9269,37.5695,0 -106.9272,37.5696,0 -106.9275,37.5696,0 -106.9278,37.5696,0 -106.9281,37.5695,0 -106.9283,37.5695,0 -106.9287,37.5695,0 -106.9291,37.5696,0 -106.9295,37.5696,0 -106.9299,37.5696,0 -106.9305,37.5695,0 -106.931,37.5694,0 -106.9315,37.5694,0 -106.9319,37.5693,0 -106.9321,37.5692,0 -106.9325,37.5688,0 -106.9329,37.5685,0 -106.9333,37.5683,0 -106.9338,37.5681,0 -106.934,37.5681,0 -106.9345,37.568,0 -106.935,37.5679,0 -106.9354,37.568,0 -106.9359,37.5681,0 -106.936,37.5681,0 -106.9365,37.5682,0 -106.9369,37.5682,0 -106.9371,37.5681,0 -106.9375,37.5678,0 -106.9379,37.5675,0 -106.9382,37.5673,0 -106.9386,37.567,0 -106.939,37.5667,0 -106.9392,37.5666,0 -106.9395,37.5667,0 -106.9398,37.5668,0 -106.9402,37.567,0 -106.9407,37.5671,0 -106.941,37.5672,0 -106.9412,37.5673,0 -106.9417,37.5676,0 -106.942,37.5676,0 -106.9421,37.5676,0 -106.9424,37.5676,0 -106.9428,37.5675,0 -106.943,37.5675,0 -106.9435,37.5677,0 -106.9443,37.568,0 -106.9447,37.5683,0 -106.9456,37.5687,0 -106.9459,37.5689,0 -106.9462,37.569,0 -106.9466,37.5693,0 -106.9468,37.5694,0 -106.9471,37.5695,0 -106.9473,37.5696,0 -106.9476,37.5699,0 -106.948,37.5702,0 -106.9482,37.5703,0 -106.9482,37.5705,0 -106.9483,37.5706,0 -106.9483,37.5707,0 -106.9486,37.5708,0 -106.9491,37.5708,0 -106.9498,37.5705,0 -106.9502,37.5704,0 -106.9505,37.5704,0 -106.951,37.5703,0 -106.9513,37.5702,0 -106.9516,37.5702,0 -106.9519,37.5702,0 -106.9523,37.5702,0 -106.9526,37.5701,0 -106.953,37.57,0 -106.9534,37.5699,0 -106.9536,37.5699,0 -106.9541,37.5699,0 -106.9545,37.5699,0 -106.9548,37.5699,0 -106.9551,37.5698,0 -106.9556,37.5697,0 -106.956,37.5696,0 -106.9566,37.5694,0 -106.9571,37.5692,0 -106.9574,37.569,0 -106.9576,37.5688,0 -106.958,37.5686,0 -106.9582,37.5684,0 -106.9586,37.568,0 -106.9589,37.5678,0 -106.959,37.5676,0 -106.9593,37.5673,0 -106.9595,37.567,0 -106.9597,37.5669,0 -106.9601,37.5669,0 -106.9604,37.5668,0 -106.9606,37.5668,0 -106.9608,37.5668,0 -106.9609,37.5667,0 -106.9612,37.5664,0 -106.9613,37.5664,0 -106.9616,37.5663,0 -106.9618,37.5662,0 -106.9621,37.5661,0 -106.9625,37.5661,0 -106.9629,37.566,0 -106.9633,37.566,0 -106.9636,37.566,0 -106.9642,37.5659,0 -106.9648,37.5658,0 -106.9653,37.5658,0 -106.9661,37.5657,0 -106.9667,37.5656,0 -106.9674,37.5656,0 -106.968,37.5655,0 -106.9682,37.5654,0 -106.9686,37.5652,0 -106.9691,37.5652,0 -106.9694,37.5653,0 -106.9696,37.5653,0 -106.97,37.5655,0 -106.9702,37.5657,0 -106.9703,37.5658,0 -106.9705,37.5658,0 -106.9708,37.5657,0 -106.9711,37.5658,0 -106.9719,37.566,0 -106.9724,37.566,0 -106.973,37.566,0 -106.9735,37.5659,0 -106.9738,37.5658,0 -106.9741,37.5659,0 -106.9743,37.5659,0 -106.9746,37.566,0 -106.9752,37.5662,0 -106.9755,37.5663,0 -106.9757,37.5664,0 -106.9759,37.5666,0 -106.9759,37.5668,0 -106.976,37.567,0 -106.976,37.5675,0 -106.976,37.5678,0 -106.9761,37.5679,0 -106.9763,37.5682,0 -106.9766,37.5686,0 -106.9772,37.5688,0 -106.9776,37.5688,0 -106.978,37.5688,0 -106.9785,37.5689,0 -106.9788,37.5689,0 -106.9792,37.5693,0 -106.9797,37.5697,0 -106.9798,37.5699,0 -106.9801,37.5701,0 -106.9801,37.5703,0 -106.9801,37.5708,0 -106.9801,37.571,0 -106.9805,37.5711,0 -106.981,37.5713,0 -106.9814,37.5713,0 -106.982,37.5712,0 -106.9827,37.5712,0 -106.9834,37.5713,0 -106.9835,37.5713,0 -106.9839,37.5712,0 -106.9841,37.5712,0 -106.9845,37.5713,0 -106.9847,37.5712,0 -106.9852,37.571,0 -106.9853,37.5709,0 -106.9857,37.5709,0 -106.986,37.5709,0 -106.9866,37.5708,0 -106.9871,37.5708,0 -106.9877,37.571,0 -106.9881,37.5713,0 -106.9885,37.5713,0 -106.9886,37.5713,0 -106.9888,37.5714,0 -106.989,37.5715,0 -106.9894,37.5714,0 -106.9902,37.5711,0 -106.9904,37.571,0 -106.9908,37.5708,0 -106.9911,37.5707,0 -106.9916,37.5707,0 -106.9918,37.5707,0 -106.9919,37.5708,0 -106.9922,37.5709,0 -106.9925,37.5709,0 -106.9929,37.5709,0 -106.9931,37.571,0 -106.9932,37.5711,0 -106.9935,37.5715,0 -106.9936,37.5716,0 -106.9939,37.5717,0 -106.994,37.5718,0 -106.9942,37.5719,0 -106.9943,37.5719,0 -106.9946,37.5719,0 -106.9951,37.5718,0 -106.9955,37.5717,0 -106.9959,37.5717,0 -106.996,37.5715,0 -106.9961,37.5714,0 -106.9962,37.5712,0 -106.9966,37.571,0 -106.9971,37.5705,0 -106.9974,37.5701,0 -106.998,37.5697,0 -106.9982,37.5696,0 -106.9986,37.5695,0 -106.9992,37.5694,0 -106.9995,37.5694,0 -106.9998,37.5696,0 -107.0001,37.5697,0 -107.0004,37.5698,0 -107.0006,37.5699,0 -107.0008,37.5704,0 -107.0009,37.5708,0 -107.0011,37.5714,0 -107.0012,37.5719,0 -107.0013,37.5723,0 -107.0014,37.5725,0 -107.0015,37.5727,0 -107.0018,37.5728,0 -107.0023,37.5728,0 -107.0028,37.5729,0 -107.0033,37.573,0 -107.0039,37.573,0 -107.0042,37.5731,0 -107.0045,37.5733,0 -107.0048,37.5734,0 -107.0052,37.5734,0 -107.0056,37.5734,0 -107.006,37.5735,0 -107.0063,37.5736,0 -107.0065,37.5737,0 -107.0067,37.5736,0 -107.0069,37.5735,0 -107.0071,37.5735,0 -107.0074,37.5735,0 -107.0077,37.5736,0 -107.0081,37.5737,0 -107.0083,37.5735,0 -107.0084,37.5732,0 -107.0085,37.573,0 -107.0087,37.5728,0 -107.0089,37.5725,0 -107.0093,37.5722,0 -107.0096,37.572,0 -107.01,37.5719,0 -107.0105,37.5719,0 -107.0109,37.5719,0 -107.0112,37.572,0 -107.0115,37.572,0 -107.0118,37.5717,0 -107.0121,37.5713,0 -107.0123,37.5711,0 -107.0129,37.5708,0 -107.0132,37.5707,0 -107.0138,37.5705,0 -107.0145,37.5703,0 -107.0149,37.5702,0 -107.0149,37.57,0 -107.0146,37.5699,0 -107.014,37.5696,0 -107.0136,37.5693,0 -107.0135,37.5691,0 -107.0135,37.5688,0 -107.0136,37.5686,0 -107.0138,37.5683,0 -107.014,37.5681,0 -107.0143,37.5678,0 -107.0146,37.5675,0 -107.015,37.5671,0 -107.0152,37.5669,0 -107.0156,37.5665,0 -107.0159,37.5663,0 -107.0162,37.5661,0 -107.0166,37.5659,0 -107.0169,37.5656,0 -107.0171,37.5653,0 -107.0173,37.5651,0 -107.0175,37.5649,0 -107.0176,37.5647,0 -107.018,37.5646,0 -107.0182,37.5645,0 -107.0184,37.5642,0 -107.0186,37.5638,0 -107.0187,37.5634,0 -107.0187,37.5629,0 -107.0188,37.5628,0 -107.0191,37.5627,0 -107.0195,37.5627,0 -107.0199,37.5625,0 -107.0203,37.5624,0 -107.0206,37.5622,0 -107.0209,37.5621,0 -107.0211,37.562,0 -107.0215,37.562,0 -107.0221,37.562,0 -107.0224,37.562,0 -107.0229,37.5621,0 -107.0233,37.5622,0 -107.0238,37.5623,0 -107.0241,37.5624,0 -107.0243,37.5626,0 -107.0244,37.5628,0 -107.0248,37.5628,0 -107.025,37.5628,0 -107.0254,37.5628,0 -107.0259,37.5628,0 -107.0263,37.5629,0 -107.0266,37.5629,0 -107.0269,37.5628,0 -107.0272,37.5627,0 -107.0275,37.5627,0 -107.0279,37.5626,0 -107.0283,37.5625,0 -107.0286,37.5625,0 -107.0291,37.5624,0 -107.0295,37.5624,0 -107.0299,37.5623,0 -107.0303,37.5622,0 -107.0308,37.5621,0 -107.0313,37.562,0 -107.0317,37.5619,0 -107.0321,37.5618,0 -107.0326,37.5618,0 -107.0332,37.5618,0 -107.0335,37.5617,0 -107.034,37.5615,0 -107.0344,37.5614,0 -107.0347,37.5614,0 -107.0351,37.5613,0 -107.0354,37.5613,0 -107.0358,37.5613,0 -107.0362,37.5613,0 -107.0365,37.5614,0 -107.037,37.5615,0 -107.0375,37.5616,0 -107.0379,37.5618,0 -107.0384,37.5619,0 -107.039,37.5621,0 -107.0395,37.5622,0 -107.0401,37.5623,0 -107.0406,37.5624,0 -107.0408,37.5625,0 -107.0411,37.5625,0 -107.0414,37.5624,0 -107.0416,37.5623,0 -107.0418,37.5622,0 -107.042,37.562,0 -107.0423,37.5618,0 -107.0427,37.5615,0 -107.043,37.5613,0 -107.0434,37.5611,0 -107.0438,37.5609,0 -107.0443,37.5606,0 -107.0448,37.5604,0 -107.045,37.5603,0 -107.0453,37.5605,0 -107.0455,37.5606,0 -107.0457,37.5607,0 -107.046,37.5608,0 -107.0462,37.5609,0 -107.0464,37.5611,0 -107.0464,37.5612,0 -107.0464,37.5614,0 -107.0462,37.5616,0 -107.0461,37.5619,0 -107.0458,37.5624,0 -107.0456,37.563,0 -107.0456,37.5634,0 -107.0456,37.5637,0 -107.0456,37.5639,0 -107.0458,37.5644,0 -107.0458,37.5646,0 -107.0457,37.5649,0 -107.0457,37.5652,0 -107.0457,37.5654,0 -107.0459,37.5657,0 -107.0461,37.5659,0 -107.0465,37.5663,0 -107.0465,37.5666,0 -107.0465,37.5669,0 -107.0468,37.567,0 -107.0472,37.5672,0 -107.0474,37.5675,0 -107.0478,37.5682,0 -107.0482,37.5691,0 -107.0483,37.5694,0 -107.0484,37.5697,0 -107.0485,37.57,0 -107.0494,37.5701,0 -107.0504,37.57,0 -107.0514,37.5698,0 -107.0523,37.57,0 -107.0529,37.57,0 -107.0533,37.5701,0 -107.0536,37.5702,0 -107.054,37.5703,0 -107.0546,37.5706,0 -107.055,37.5707,0 -107.0556,37.5708,0 -107.0561,37.5706,0 -107.0565,37.5704,0 -107.0567,37.5704,0 -107.0572,37.5705,0 -107.0576,37.5707,0 -107.0582,37.5709,0 -107.0587,37.5711,0 -107.0592,37.5714,0 -107.0595,37.5715,0 -107.0602,37.5716,0 -107.0619,37.5717,0 -107.0628,37.5717,0 -107.0632,37.5718,0 -107.0633,37.5721,0 -107.0635,37.5723,0 -107.0637,37.5723,0 -107.0639,37.5722,0 -107.0643,37.572,0 -107.0649,37.5718,0 -107.0654,37.5715,0 -107.0662,37.5712,0 -107.0666,37.5711,0 -107.0669,37.5709,0 -107.0673,37.5707,0 -107.0676,37.5705,0 -107.0679,37.5704,0 -107.0681,37.5704,0 -107.0685,37.5704,0 -107.0689,37.5706,0 -107.0693,37.5707,0 -107.0696,37.5707,0 -107.0699,37.5707,0 -107.0703,37.5705,0 -107.0707,37.5702,0 -107.0712,37.5699,0 -107.0715,37.5697,0 -107.0718,37.5696,0 -107.072,37.5695,0 -107.0724,37.5694,0 -107.0727,37.5693,0 -107.0732,37.5692,0 -107.0736,37.5691,0 -107.074,37.5691,0 -107.0743,37.569,0 -107.0746,37.569,0 -107.075,37.5688,0 -107.0754,37.5687,0 -107.0759,37.5686,0 -107.0763,37.5686,0 -107.077,37.5688,0 -107.0777,37.5689,0 -107.0779,37.569,0 -107.0781,37.5691,0 -107.0787,37.5692,0 -107.079,37.5693,0 -107.0796,37.5695,0 -107.08,37.5697,0 -107.0803,37.5698,0 -107.0807,37.57,0 -107.0812,37.5701,0 -107.0818,37.5703,0 -107.0821,37.5705,0 -107.0826,37.5708,0 -107.0832,37.5712,0 -107.0836,37.5713,0 -107.0839,37.5714,0 -107.0843,37.5715,0 -107.0848,37.5716,0 -107.0856,37.5718,0 -107.086,37.5719,0 -107.0864,37.572,0 -107.0866,37.572,0 -107.0872,37.5721,0 -107.0875,37.5721,0 -107.0878,37.5723,0 -107.0882,37.5724,0 -107.0884,37.5725,0 -107.0887,37.5725,0 -107.0892,37.5725,0 -107.0896,37.5726,0 -107.0898,37.5726,0 -107.0901,37.5727,0 -107.0903,37.5727,0 -107.0906,37.5727,0 -107.0911,37.5729,0 -107.0914,37.5731,0 -107.0916,37.5732,0 -107.0919,37.5734,0 -107.0923,37.5735,0 -107.0926,37.5735,0 -107.0929,37.5737,0 -107.0931,37.5739,0 -107.0932,37.5742,0 -107.0933,37.5745,0 -107.0933,37.5746,0 -107.0935,37.5749,0 -107.0936,37.5751,0 -107.0938,37.5752,0 -107.0943,37.5757,0 -107.0943,37.5759,0 -107.0944,37.5762,0 -107.0943,37.5765,0 -107.0942,37.5769,0 -107.0941,37.5772,0 -107.0941,37.5776,0 -107.0941,37.5779,0 -107.0941,37.5781,0 -107.0942,37.5785,0 -107.0942,37.5788,0 -107.0943,37.5792,0 -107.0944,37.5795,0 -107.0944,37.58,0 -107.0944,37.5802,0 -107.0945,37.5806,0 -107.0943,37.5811,0 -107.0942,37.5815,0 -107.0942,37.5819,0 -107.0942,37.5822,0 -107.0943,37.5825,0 -107.0943,37.5827,0 -107.0943,37.5829,0 -107.0943,37.5832,0 -107.0941,37.5835,0 -107.094,37.5839,0 -107.094,37.5841,0 -107.0941,37.5845,0 -107.0943,37.5847,0 -107.0944,37.585,0 -107.0943,37.5853,0 -107.0941,37.5856,0 -107.0939,37.5859,0 -107.0937,37.5861,0 -107.0934,37.5865,0 -107.093,37.5868,0 -107.0928,37.587,0 -107.0926,37.5874,0 -107.0924,37.5877,0 -107.0923,37.588,0 -107.0922,37.5884,0 -107.0922,37.5888,0 -107.0921,37.5894,0 -107.0922,37.59,0 -107.0923,37.5905,0 -107.0923,37.591,0 -107.0921,37.5915,0 -107.0921,37.592,0 -107.0919,37.5925,0 -107.0918,37.593,0 -107.0916,37.5937,0 -107.0916,37.5941,0 -107.0917,37.5948,0 -107.0918,37.5953,0 -107.0919,37.5957,0 -107.0919,37.5959,0 -107.0922,37.5962,0 -107.0925,37.5963,0 -107.0932,37.5966,0 -107.0937,37.5967,0 -107.0941,37.5969,0 -107.0946,37.597,0 -107.0951,37.5972,0 -107.0957,37.5974,0 -107.0963,37.5975,0 -107.0967,37.5978,0 -107.0969,37.5981,0 -107.0973,37.5987,0 -107.0976,37.599,0 -107.0982,37.5994,0 -107.0983,37.5995,0 -107.0987,37.5994,0 -107.0991,37.5993,0 -107.0994,37.5993,0 -107.0998,37.5993,0 -107.1002,37.5993,0 -107.1008,37.5992,0 -107.1014,37.5992,0 -107.1018,37.5991,0 -107.1025,37.5991,0 -107.1029,37.5992,0 -107.1035,37.5991,0 -107.1041,37.5991,0 -107.1044,37.5993,0 -107.1046,37.5994,0 -107.1049,37.5996,0 -107.1053,37.5997,0 -107.1057,37.5997,0 -107.106,37.5998,0 -107.1063,37.5999,0 -107.1066,37.6001,0 -107.1066,37.6002,0 -107.1067,37.6006,0 -107.1068,37.6009,0 -107.1069,37.6012,0 -107.1067,37.6017,0 -107.1067,37.602,0 -107.1066,37.6025,0 -107.1066,37.6028,0 -107.1067,37.603,0 -107.1067,37.6033,0 -107.1069,37.6038,0 -107.1073,37.6044,0 -107.1076,37.605,0 -107.108,37.6056,0 -107.1084,37.6063,0 -107.1088,37.6069,0 -107.109,37.6071,0 -107.1095,37.6075,0 -107.1098,37.6076,0 -107.1101,37.6077,0 -107.1104,37.6078,0 -107.1108,37.608,0 -107.1112,37.6082,0 -107.1115,37.6083,0 -107.1116,37.6084,0 -107.1118,37.6084,0 -107.112,37.6083,0 -107.1121,37.6081,0 -107.1123,37.6079,0 -107.1124,37.6078,0 -107.1127,37.6077,0 -107.1131,37.6075,0 -107.1134,37.6074,0 -107.1137,37.6072,0 -107.1139,37.607,0 -107.1141,37.6068,0 -107.1142,37.6065,0 -107.1143,37.6063,0 -107.1145,37.606,0 -107.1147,37.6057,0 -107.115,37.6055,0 -107.1153,37.6052,0 -107.1155,37.6051,0 -107.1157,37.6048,0 -107.1159,37.6046,0 -107.1162,37.6044,0 -107.1168,37.6042,0 -107.1174,37.604,0 -107.1182,37.6039,0 -107.1186,37.6039,0 -107.1191,37.6038,0 -107.1198,37.6036,0 -107.1201,37.6036,0 -107.1209,37.6038,0 -107.1215,37.6042,0 -107.1221,37.6045,0 -107.1225,37.6046,0 -107.1231,37.6045,0 -107.1236,37.6045,0 -107.124,37.6044,0 -107.1243,37.6043,0 -107.1246,37.6041,0 -107.125,37.6041,0 -107.1252,37.604,0 -107.1257,37.6039,0 -107.126,37.6038,0 -107.1266,37.6035,0 -107.1271,37.6033,0 -107.1277,37.603,0 -107.128,37.6027,0 -107.1283,37.6026,0 -107.1285,37.6025,0 -107.1288,37.6025,0 -107.1292,37.6026,0 -107.1294,37.6027,0 -107.1298,37.6027,0 -107.1304,37.6028,0 -107.131,37.6029,0 -107.1319,37.6029,0 -107.1324,37.6029,0 -107.1332,37.6028,0 -107.1337,37.6027,0 -107.1341,37.6024,0 -107.1344,37.6022,0 -107.1345,37.6021,0 -107.1346,37.602,0 -107.1347,37.6018,0 -107.1349,37.6016,0 -107.135,37.6015,0 -107.1351,37.6013,0 -107.1353,37.6012,0 -107.1355,37.601,0 -107.1356,37.601,0 -107.1358,37.6009,0 -107.1361,37.6008,0 -107.1364,37.6007,0 -107.1365,37.6007,0 -107.1369,37.6007,0 -107.1372,37.6009,0 -107.1376,37.6011,0 -107.1381,37.6013,0 -107.1382,37.6014,0 -107.1386,37.6016,0 -107.1389,37.6019,0 -107.1393,37.6022,0 -107.1395,37.6025,0 -107.1395,37.603,0 -107.1396,37.6034,0 -107.1397,37.6037,0 -107.1399,37.604,0 -107.14,37.6043,0 -107.1401,37.6046,0 -107.1403,37.6052,0 -107.1404,37.6055,0 -107.1404,37.6056,0 -107.1404,37.6061,0 -107.1406,37.6068,0 -107.1408,37.6072,0 -107.1412,37.6078,0 -107.1416,37.6084,0 -107.142,37.6088,0 -107.1423,37.6092,0 -107.1424,37.6097,0 -107.1423,37.6102,0 -107.1422,37.6105,0 -107.1419,37.611,0 -107.1417,37.6114,0 -107.1415,37.6117,0 -107.1415,37.6119,0 -107.1414,37.6122,0 -107.1413,37.6126,0 -107.1415,37.6129,0 -107.1418,37.6133,0 -107.142,37.6136,0 -107.1424,37.6143,0 -107.1427,37.6152,0 -107.143,37.6159,0 -107.1433,37.6163,0 -107.1436,37.6168,0 -107.144,37.6176,0 -107.1441,37.618,0 -107.1441,37.6183,0 -107.1441,37.6184,0 -107.1439,37.6186,0 -107.1435,37.619,0 -107.1431,37.6195,0 -107.1429,37.6196,0 -107.1426,37.6197,0 -107.1425,37.6199,0 -107.1423,37.6201,0 -107.1421,37.6202,0 -107.1419,37.6203,0 -107.1417,37.6204,0 -107.1414,37.6206,0 -107.1411,37.621,0 -107.1408,37.6212,0 -107.1405,37.6214,0 -107.1403,37.6216,0 -107.1402,37.6222,0 -107.14,37.623,0 -107.14,37.6234,0 -107.14,37.6241,0 -107.1401,37.6244,0 -107.1402,37.6246,0 -107.1404,37.6248,0 -107.1407,37.6249,0 -107.1411,37.625,0 -107.1414,37.6252,0 -107.1417,37.6254,0 -107.1419,37.6255,0 -107.1421,37.6256,0 -107.1424,37.6258,0 -107.1425,37.626,0 -107.1427,37.6263,0 -107.1432,37.6266,0 -107.1438,37.627,0 -107.1445,37.6275,0 -107.1452,37.6281,0 -107.1455,37.6283,0 -107.1457,37.6286,0 -107.146,37.6291,0 -107.146,37.6294,0 -107.1461,37.6297,0 -107.1462,37.6305,0 -107.1462,37.6311,0 -107.1463,37.6314,0 -107.1465,37.6321,0 -107.1466,37.6325,0 -107.1467,37.6328,0 -107.1467,37.6331,0 -107.1468,37.6333,0 -107.147,37.6334,0 -107.1472,37.6336,0 -107.1475,37.6337,0 -107.1481,37.6338,0 -107.1487,37.634,0 -107.1491,37.6341,0 -107.1493,37.6343,0 -107.1495,37.6345,0 -107.1498,37.6349,0 -107.15,37.6353,0 -107.1502,37.6357,0 -107.1504,37.6359,0 -107.1507,37.6361,0 -107.151,37.6363,0 -107.1513,37.6365,0 -107.152,37.6368,0 -107.1523,37.637,0 -107.1528,37.637,0 -107.1531,37.637,0 -107.1536,37.6369,0 -107.1539,37.6368,0 -107.1545,37.6367,0 -107.1547,37.6366,0 -107.1551,37.6364,0 -107.1557,37.6362,0 -107.1563,37.636,0 -107.157,37.6357,0 -107.1575,37.6355,0 -107.1579,37.6353,0 -107.1583,37.6353,0 -107.1587,37.6352,0 -107.1594,37.6351,0 -107.1601,37.6347,0 -107.1605,37.6345,0 -107.161,37.6341,0 -107.1613,37.634,0 -107.1617,37.634,0 -107.162,37.634,0 -107.1622,37.634,0 -107.1623,37.6343,0 -107.1625,37.6346,0 -107.1627,37.6349,0 -107.163,37.6353,0 -107.1634,37.6359,0 -107.1635,37.6361,0 -107.1636,37.6362,0 -107.1637,37.6362,0 -107.164,37.6359,0 -107.1644,37.6357,0 -107.1647,37.6356,0 -107.165,37.6354,0 -107.1654,37.6353,0 -107.1656,37.6352,0 -107.1661,37.635,0 -107.1666,37.6348,0 -107.167,37.6345,0 -107.1676,37.6343,0 -107.1677,37.6341,0 -107.1684,37.6338,0 -107.1692,37.6335,0 -107.1698,37.6334,0 -107.1701,37.6333,0 -107.1707,37.6331,0 -107.171,37.6332,0 -107.1712,37.6332,0 -107.1715,37.633,0 -107.172,37.6329,0 -107.1727,37.6328,0 -107.1731,37.6326,0 -107.1735,37.6324,0 -107.174,37.6321,0 -107.1742,37.6319,0 -107.1743,37.6314,0 -107.1744,37.6311,0 -107.1744,37.6309,0 -107.1744,37.6307,0 -107.1745,37.6304,0 -107.1747,37.6301,0 -107.1751,37.6296,0 -107.1754,37.6294,0 -107.1757,37.6292,0 -107.176,37.6289,0 -107.1762,37.6287,0 -107.1763,37.6285,0 -107.1764,37.6281,0 -107.1765,37.628,0 -107.1765,37.6279,0 -107.1767,37.6279,0 -107.1768,37.6279,0 -107.177,37.6279,0 -107.1773,37.6281,0 -107.178,37.6285,0 -107.1785,37.6288,0 -107.179,37.6291,0 -107.1797,37.6294,0 -107.1801,37.6295,0 -107.1804,37.6295,0 -107.1809,37.6294,0 -107.1812,37.6293,0 -107.1817,37.6292,0 -107.1819,37.6291,0 -107.1822,37.629,0 -107.1826,37.629,0 -107.1835,37.6289,0 -107.1842,37.6288,0 -107.1846,37.6287,0 -107.1849,37.6285,0 -107.1851,37.6283,0 -107.1852,37.6281,0 -107.1854,37.6278,0 -107.1855,37.6276,0 -107.1857,37.6274,0 -107.186,37.6272,0 -107.1863,37.6271,0 -107.1866,37.6272,0 -107.1868,37.6272,0 -107.1869,37.6271,0 -107.1871,37.6271,0 -107.1875,37.6269,0 -107.1877,37.6267,0 -107.1881,37.6265,0 -107.1887,37.6263,0 -107.1892,37.6263,0 -107.1899,37.626,0 -107.1908,37.6258,0 -107.1912,37.6257,0 -107.1918,37.6257,0 -107.1924,37.6257,0 -107.1931,37.6256,0 -107.1941,37.6256,0 -107.1947,37.6255,0 -107.1956,37.6256,0 -107.1963,37.6256,0 -107.1972,37.6256,0 -107.1978,37.6257,0 -107.1983,37.6257,0 -107.1988,37.6257,0 -107.1991,37.6257,0 -107.1996,37.6254,0 -107.2,37.6252,0 -107.2003,37.6248,0 -107.2006,37.6243,0 -107.2012,37.6234,0 -107.2015,37.6229,0 -107.2016,37.6223,0 -107.2017,37.622,0 -107.2017,37.6215,0 -107.2017,37.6211,0 -107.2016,37.6208,0 -107.2012,37.6196,0 -107.201,37.6191,0 -107.2007,37.6184,0 -107.2004,37.6174,0 -107.2,37.6167,0 -107.199,37.6158,0 -107.1984,37.6151,0 -107.1981,37.6149,0 -107.1977,37.6147,0 -107.198,37.6147,0 -107.1983,37.6144,0 -107.1986,37.6141,0 -107.1992,37.6135,0 -107.1997,37.6127,0 -107.2,37.6122,0 -107.2002,37.6117,0 -107.2008,37.6111,0 -107.2011,37.6107,0 -107.2014,37.6105,0 -107.2019,37.6101,0 -107.2024,37.6097,0 -107.2026,37.6094,0 -107.2028,37.6091,0 -107.203,37.609,0 -107.2034,37.6087,0 -107.2037,37.6084,0 -107.204,37.6081,0 -107.2042,37.6079,0 -107.2045,37.6078,0 -107.2047,37.6078,0 -107.2051,37.608,0 -107.2053,37.608,0 -107.2059,37.6077,0 -107.2062,37.6076,0 -107.2064,37.6077,0 -107.2068,37.6078,0 -107.2069,37.6079,0 -107.2071,37.6078,0 -107.2072,37.6077,0 -107.2073,37.6076,0 -107.2073,37.6074,0 -107.2073,37.6072,0 -107.2075,37.6068,0 -107.2076,37.6065,0 -107.2078,37.606,0 -107.2079,37.6056,0 -107.208,37.6052,0 -107.2081,37.6049,0 -107.2082,37.6044,0 -107.2083,37.6042,0 -107.2083,37.6039,0 -107.2084,37.6039,0 -107.2085,37.6039,0 -107.2087,37.604,0 -107.209,37.6041,0 -107.2094,37.6042,0 -107.2099,37.6044,0 -107.2104,37.6046,0 -107.2106,37.6047,0 -107.2109,37.6046,0 -107.2112,37.6045,0 -107.2114,37.6044,0 -107.2118,37.6044,0 -107.2122,37.6044,0 -107.2125,37.6043,0 -107.2129,37.6043,0 -107.213,37.6043,0 -107.2133,37.6041,0 -107.2136,37.6039,0 -107.2141,37.6037,0 -107.2145,37.6034,0 -107.2148,37.6031,0 -107.215,37.6028,0 -107.2153,37.6022,0 -107.2156,37.6017,0 -107.2159,37.6014,0 -107.2162,37.6012,0 -107.2165,37.6009,0 -107.2168,37.6007,0 -107.2171,37.6006,0 -107.2174,37.6005,0 -107.2177,37.6004,0 -107.2182,37.6003,0 -107.2187,37.6002,0 -107.2197,37.6,0 -107.2204,37.5999,0 -107.2209,37.5997,0 -107.2212,37.5995,0 -107.2214,37.5993,0 -107.2214,37.5992,0 -107.2214,37.5987,0 -107.2214,37.5984,0 -107.2215,37.598,0 -107.2216,37.5975,0 -107.2217,37.5971,0 -107.2218,37.5968,0 -107.222,37.5963,0 -107.2221,37.596,0 -107.2222,37.5958,0 -107.2223,37.5957,0 -107.2225,37.5955,0 -107.2227,37.5953,0 -107.2228,37.5951,0 -107.2228,37.5949,0 -107.2229,37.5946,0 -107.2234,37.5945,0 -107.2238,37.5944,0 -107.2243,37.5943,0 -107.2247,37.5943,0 -107.2251,37.5944,0 -107.2256,37.5944,0 -107.2259,37.5945,0 -107.226,37.5946,0 -107.2263,37.5947,0 -107.2269,37.5949,0 -107.2274,37.5949,0 -107.2279,37.595,0 -107.2281,37.5951,0 -107.2286,37.5953,0 -107.2289,37.5954,0 -107.2293,37.5954,0 -107.2296,37.5954,0 -107.2299,37.5953,0 -107.2303,37.5952,0 -107.2305,37.5952,0 -107.2306,37.5951,0 -107.2308,37.5952,0 -107.2312,37.5955,0 -107.2315,37.5957,0 -107.2318,37.5959,0 -107.2321,37.5961,0 -107.2324,37.5962,0 -107.2327,37.5964,0 -107.2328,37.5966,0 -107.233,37.5968,0 -107.2332,37.5971,0 -107.2334,37.5973,0 -107.2336,37.5975,0 -107.2338,37.5976,0 -107.2343,37.5976,0 -107.2348,37.5976,0 -107.2349,37.5977,0 -107.2352,37.5977,0 -107.2355,37.5979,0 -107.2359,37.5982,0 -107.2363,37.5985,0 -107.2367,37.5988,0 -107.2368,37.5988,0 -107.2375,37.5994,0 -107.2378,37.5996,0 -107.2381,37.5998,0 -107.2383,37.6001,0 -107.2385,37.6003,0 -107.2387,37.6007,0 -107.2389,37.6009,0 -107.239,37.6011,0 -107.2391,37.6014,0 -107.2394,37.6017,0 -107.2396,37.6019,0 -107.2399,37.6021,0 -107.2401,37.6023,0 -107.2402,37.6024,0 -107.2404,37.6026,0 -107.2408,37.603,0 -107.241,37.6032,0 -107.2416,37.6037,0 -107.2421,37.6042,0 -107.2424,37.6044,0 -107.2426,37.6047,0 -107.243,37.6051,0 -107.2433,37.6053,0 -107.2437,37.6056,0 -107.244,37.6057,0 -107.2443,37.6059,0 -107.2445,37.6061,0 -107.2449,37.6062,0 -107.2451,37.6063,0 -107.2458,37.6064,0 -107.2461,37.6065,0 -107.2465,37.6066,0 -107.247,37.6068,0 -107.2474,37.607,0 -107.2477,37.6071,0 -107.2481,37.6074,0 -107.2485,37.6077,0 -107.2489,37.608,0 -107.2492,37.6083,0 -107.2496,37.6087,0 -107.2498,37.6091,0 -107.25,37.6093,0 -107.2504,37.6097,0 -107.2506,37.6099,0 -107.2509,37.6102,0 -107.251,37.6104,0 -107.2513,37.6106,0 -107.2513,37.6107,0 -107.2515,37.6109,0 -107.2516,37.6113,0 -107.2517,37.6117,0 -107.2517,37.612,0 -107.2517,37.6121,0 -107.2516,37.6123,0 -107.2515,37.6125,0 -107.2513,37.613,0 -107.2512,37.6133,0 -107.2513,37.6135,0 -107.2514,37.6137,0 -107.2516,37.6138,0 -107.2518,37.6138,0 -107.252,37.6138,0 -107.2522,37.6139,0 -107.2523,37.6138,0 -107.2526,37.6138,0 -107.2531,37.614,0 -107.2536,37.6141,0 -107.254,37.6144,0 -107.2542,37.6145,0 -107.2544,37.6147,0 -107.2545,37.6149,0 -107.2548,37.615,0 -107.2553,37.6156,0 -107.2557,37.6159,0 -107.2558,37.616,0 -107.2559,37.6161,0 -107.256,37.6163,0 -107.2562,37.6165,0 -107.2563,37.6167,0 -107.2564,37.6169,0 -107.2565,37.6171,0 -107.2565,37.6173,0 -107.2567,37.6174,0 -107.2568,37.6176,0 -107.257,37.6179,0 -107.2571,37.618,0 -107.2571,37.6182,0 -107.2572,37.6185,0 -107.2573,37.6187,0 -107.2575,37.6189,0 -107.2579,37.6192,0 -107.2581,37.6194,0 -107.2584,37.6197,0 -107.2586,37.6199,0 -107.2588,37.6201,0 -107.2591,37.6204,0 -107.2593,37.6207,0 -107.2595,37.621,0 -107.2595,37.6212,0 -107.2594,37.6214,0 -107.2593,37.6216,0 -107.2589,37.6217,0 -107.2587,37.6219,0 -107.2585,37.6221,0 -107.2582,37.6224,0 -107.2579,37.6227,0 -107.2577,37.6228,0 -107.2575,37.623,0 -107.2575,37.6232,0 -107.2574,37.6234,0 -107.2573,37.6238,0 -107.2571,37.6242,0 -107.2568,37.6246,0 -107.2567,37.6247,0 -107.2567,37.6249,0 -107.2566,37.6255,0 -107.2566,37.6257,0 -107.2565,37.6261,0 -107.2566,37.6263,0 -107.2566,37.6266,0 -107.2565,37.6269,0 -107.2565,37.6272,0 -107.2565,37.6274,0 -107.2564,37.6276,0 -107.2564,37.6277,0 -107.2565,37.6278,0 -107.2566,37.628,0 -107.2569,37.6282,0 -107.2573,37.6284,0 -107.2576,37.6285,0 -107.258,37.6287,0 -107.2584,37.6288,0 -107.2587,37.6289,0 -107.2589,37.6291,0 -107.2592,37.6291,0 -107.2594,37.6291,0 -107.2602,37.6289,0 -107.2611,37.6287,0 -107.2616,37.6288,0 -107.2619,37.6287,0 -107.2622,37.6287,0 -107.2624,37.6288,0 -107.2629,37.6289,0 -107.2635,37.6291,0 -107.2641,37.6294,0 -107.2644,37.6296,0 -107.2646,37.6297,0 -107.2648,37.6298,0 -107.2651,37.6299,0 -107.2653,37.6299,0 -107.2657,37.63,0 -107.266,37.6301,0 -107.2662,37.6302,0 -107.2663,37.6302,0 -107.2664,37.6303,0 -107.2666,37.6305,0 -107.2666,37.6306,0 -107.2665,37.6312,0 -107.2665,37.6316,0 -107.2665,37.6317,0 -107.2665,37.6321,0 -107.2666,37.6322,0 -107.267,37.6324,0 -107.2674,37.6327,0 -107.2675,37.633,0 -107.2678,37.6335,0 -107.2682,37.6338,0 -107.269,37.634,0 -107.2693,37.6342,0 -107.2696,37.6342,0 -107.2697,37.6346,0 -107.2699,37.6352,0 -107.2698,37.6358,0 -107.2698,37.6365,0 -107.2698,37.6367,0 -107.2698,37.6369,0 -107.2702,37.637,0 -107.2708,37.637,0 -107.2715,37.637,0 -107.2721,37.6372,0 -107.2726,37.6374,0 -107.273,37.6376,0 -107.2739,37.638,0 -107.2746,37.6384,0 -107.2752,37.6386,0 -107.276,37.639,0 -107.2767,37.6393,0 -107.2772,37.6396,0 -107.2777,37.6399,0 -107.2782,37.6403,0 -107.2785,37.6406,0 -107.2788,37.6409,0 -107.2789,37.6411,0 -107.2789,37.6412,0 -107.2788,37.6416,0 -107.2785,37.6419,0 -107.2784,37.642,0 -107.2783,37.6421,0 -107.2782,37.6424,0 -107.2781,37.6428,0 -107.278,37.6431,0 -107.2779,37.6435,0 -107.2778,37.6439,0 -107.2778,37.6444,0 -107.2778,37.645,0 -107.2777,37.6459,0 -107.2778,37.6462,0 -107.2779,37.6466,0 -107.2781,37.6468,0 -107.2782,37.6469,0 -107.2783,37.6474,0 -107.2789,37.6487,0 -107.2788,37.6492,0 -107.2788,37.6494,0 -107.2784,37.65,0 -107.2782,37.6504,0 -107.2778,37.6511,0 -107.2774,37.652,0 -107.277,37.6528,0 -107.2767,37.6531,0 -107.2763,37.6532,0 -107.276,37.6534,0 -107.276,37.6537,0 -107.2761,37.6541,0 -107.2761,37.6544,0 -107.2763,37.6547,0 -107.2764,37.6549,0 -107.2765,37.6553,0 -107.2766,37.6555,0 -107.2768,37.6557,0 -107.2772,37.6558,0 -107.2777,37.656,0 -107.2782,37.6564,0 -107.2785,37.6568,0 -107.2787,37.6571,0 -107.279,37.6577,0 -107.2792,37.6583,0 -107.2794,37.659,0 -107.2798,37.6597,0 -107.2801,37.66,0 -107.2803,37.6602,0 -107.2808,37.6606,0 -107.2812,37.6608,0 -107.2814,37.661,0 -107.2819,37.6615,0 -107.2824,37.6621,0 -107.2829,37.6627,0 -107.2832,37.6629,0 -107.2835,37.6632,0 -107.2838,37.6633,0 -107.284,37.6636,0 -107.2844,37.664,0 -107.2852,37.6647,0 -107.2856,37.6648,0 -107.2859,37.6649,0 -107.2863,37.6651,0 -107.2865,37.6653,0 -107.287,37.6656,0 -107.2874,37.6659,0 -107.2877,37.6661,0 -107.2879,37.6663,0 -107.2889,37.6671,0 -107.289,37.6672,0 -107.2892,37.6674,0 -107.2892,37.6676,0 -107.2893,37.668,0 -107.2894,37.6684,0 -107.2894,37.6686,0 -107.2894,37.6688,0 -107.2895,37.6692,0 -107.2896,37.6695,0 -107.2897,37.6697,0 -107.2899,37.6701,0 -107.29,37.6703,0 -107.2903,37.6705,0 -107.2904,37.6707,0 -107.2907,37.671,0 -107.2908,37.6712,0 -107.2908,37.6714,0 -107.2902,37.6713,0 -107.2891,37.6714,0 -107.2887,37.6715,0 -107.2884,37.6718,0 -107.2882,37.6719,0 -107.288,37.6721,0 -107.2877,37.6722,0 -107.2875,37.6723,0 -107.2873,37.6724,0 -107.2867,37.673,0 -107.2866,37.673,0 -107.2865,37.6731,0 -107.2859,37.6731,0 -107.2856,37.6731,0 -107.2855,37.6731,0 -107.285,37.6731,0 -107.2848,37.673,0 -107.2847,37.673,0 -107.2845,37.673,0 -107.2842,37.673,0 -107.2839,37.6729,0 -107.2836,37.6729,0 -107.2832,37.6729,0 -107.2826,37.673,0 -107.2813,37.6735,0 -107.2807,37.6736,0 -107.2803,37.6738,0 -107.2798,37.6741,0 -107.2795,37.6744,0 -107.2791,37.675,0 -107.2789,37.6752,0 -107.2788,37.6753,0 -107.2787,37.6755,0 -107.2784,37.6758,0 -107.2782,37.6759,0 -107.2778,37.6763,0 -107.2768,37.6772,0 -107.2762,37.6776,0 -107.2759,37.6779,0 -107.2754,37.6784,0 -107.275,37.6785,0 -107.2747,37.6787,0 -107.2744,37.6788,0 -107.274,37.6789,0 -107.2737,37.6791,0 -107.2733,37.6793,0 -107.273,37.6796,0 -107.2728,37.6798,0 -107.2727,37.68,0 -107.2728,37.6804,0 -107.2731,37.6806,0 -107.2732,37.6808,0 -107.2734,37.6812,0 -107.2736,37.6816,0 -107.2737,37.6818,0 -107.2738,37.682,0 -107.2738,37.6824,0 -107.2738,37.6826,0 -107.2737,37.683,0 -107.2736,37.6835,0 -107.2733,37.684,0 -107.2733,37.6842,0 -107.2731,37.6846,0 -107.273,37.6847,0 -107.2729,37.6848,0 -107.2727,37.6851,0 -107.2726,37.6853,0 -107.2726,37.6854,0 -107.2728,37.6856,0 -107.273,37.6858,0 -107.2732,37.686,0 -107.2733,37.6863,0 -107.2733,37.6865,0 -107.2734,37.6868,0 -107.2733,37.6873,0 -107.2732,37.6876,0 -107.273,37.6879,0 -107.2727,37.6883,0 -107.2723,37.6887,0 -107.2719,37.689,0 -107.271,37.6898,0 -107.2706,37.69,0 -107.2703,37.6906,0 -107.2702,37.6912,0 -107.2701,37.6915,0 -107.2699,37.6919,0 -107.2696,37.6923,0 -107.2694,37.6927,0 -107.269,37.6939,0 -107.2688,37.6944,0 -107.2688,37.6946,0 -107.2688,37.6948,0 -107.2687,37.6957,0 -107.2687,37.6958,0 -107.2688,37.6959,0 -107.2688,37.696,0 -107.269,37.696,0 -107.2692,37.696,0 -107.2698,37.6958,0 -107.2704,37.6957,0 -107.272,37.6952,0 -107.273,37.6947,0 -107.2736,37.6944,0 -107.2762,37.6941,0 -107.2767,37.694,0 -107.277,37.6939,0 -107.2778,37.6938,0 -107.2786,37.6938,0 -107.2797,37.6935,0 -107.281,37.6931,0 -107.2812,37.693,0 -107.2813,37.693,0 -107.2815,37.6929,0 -107.2816,37.6928,0 -107.2817,37.6927,0 -107.2821,37.692,0 -107.2821,37.6918,0 -107.2822,37.6917,0 -107.2823,37.6915,0 -107.2827,37.691,0 -107.283,37.691,0 -107.2835,37.6908,0 -107.2837,37.6907,0 -107.2841,37.6908,0 -107.2848,37.691,0 -107.2851,37.691,0 -107.2857,37.691,0 -107.2862,37.6911,0 -107.2867,37.691,0 -107.287,37.691,0 -107.2879,37.6905,0 -107.2888,37.6897,0 -107.289,37.6895,0 -107.2898,37.6888,0 -107.2899,37.6887,0 -107.29,37.6886,0 -107.2902,37.6884,0 -107.2904,37.6883,0 -107.2908,37.6879,0 -107.2911,37.6876,0 -107.2912,37.6875,0 -107.2912,37.6873,0 -107.2913,37.6871,0 -107.2913,37.687,0 -107.2913,37.6869,0 -107.2913,37.6866,0 -107.2913,37.6865,0 -107.2913,37.6863,0 -107.2914,37.6861,0 -107.2914,37.686,0 -107.2915,37.6859,0 -107.2919,37.6853,0 -107.292,37.6852,0 -107.292,37.6851,0 -107.292,37.6848,0 -107.292,37.6847,0 -107.2921,37.6846,0 -107.2921,37.6845,0 -107.2922,37.6844,0 -107.2922,37.6842,0 -107.2925,37.6839,0 -107.2928,37.6836,0 -107.293,37.6835,0 -107.2935,37.6833,0 -107.2937,37.6832,0 -107.2939,37.6832,0 -107.2941,37.6831,0 -107.2943,37.6831,0 -107.2944,37.6831,0 -107.2946,37.6829,0 -107.2952,37.6826,0 -107.2963,37.682,0 -107.2972,37.6816,0 -107.2975,37.6815,0 -107.2983,37.6812,0 -107.2988,37.681,0 -107.299,37.681,0 -107.2996,37.6808,0 -107.3001,37.6807,0 -107.3004,37.6806,0 -107.3006,37.6805,0 -107.3011,37.6805,0 -107.3016,37.6805,0 -107.3022,37.6804,0 -107.3027,37.6802,0 -107.303,37.68,0 -107.3033,37.6798,0 -107.3035,37.6796,0 -107.3037,37.6795,0 -107.3039,37.6794,0 -107.3042,37.6792,0 -107.3049,37.6786,0 -107.3052,37.6784,0 -107.3056,37.678,0 -107.3061,37.6776,0 -107.3065,37.6774,0 -107.3067,37.6774,0 -107.3068,37.6774,0 -107.3076,37.6778,0 -107.3086,37.6786,0 -107.3092,37.679,0 -107.31,37.6795,0 -107.3107,37.6799,0 -107.311,37.68,0 -107.3119,37.6802,0 -107.3123,37.6803,0 -107.3128,37.6803,0 -107.3131,37.6803,0 -107.3136,37.6803,0 -107.3141,37.6803,0 -107.3144,37.6803,0 -107.3147,37.6803,0 -107.315,37.6803,0 -107.3154,37.6804,0 -107.3157,37.6804,0 -107.3159,37.6805,0 -107.3161,37.6805,0 -107.3162,37.6805,0 -107.3165,37.6806,0 -107.3166,37.6807,0 -107.3172,37.6809,0 -107.3176,37.681,0 -107.3182,37.681,0 -107.3187,37.6811,0 -107.3191,37.6812,0 -107.3196,37.6814,0 -107.3201,37.6817,0 -107.3204,37.6819,0 -107.3207,37.6821,0 -107.3211,37.6825,0 -107.3214,37.6828,0 -107.3217,37.683,0 -107.322,37.6833,0 -107.3224,37.6834,0 -107.323,37.6836,0 -107.3232,37.6836,0 -107.3237,37.6836,0 -107.3241,37.6836,0 -107.3248,37.6835,0 -107.3253,37.6834,0 -107.3255,37.6834,0 -107.3262,37.6831,0 -107.3266,37.6829,0 -107.3268,37.6828,0 -107.3275,37.6826,0 -107.3284,37.6823,0 -107.3291,37.6822,0 -107.33,37.6819,0 -107.3303,37.6818,0 -107.3305,37.6817,0 -107.3307,37.6815,0 -107.3309,37.6814,0 -107.3317,37.6808,0 -107.3319,37.6806,0 -107.3322,37.6805,0 -107.3325,37.6803,0 -107.3329,37.6803,0 -107.3333,37.6802,0 -107.3335,37.6801,0 -107.3338,37.6801,0 -107.3341,37.6802,0 -107.3343,37.6801,0 -107.3346,37.6801,0 -107.3349,37.68,0 -107.3355,37.6799,0 -107.3356,37.6799,0 -107.3358,37.6799,0 -107.3363,37.6801,0 -107.3365,37.6802,0 -107.3367,37.6802,0 -107.337,37.6803,0 -107.3373,37.6803,0 -107.3376,37.6804,0 -107.3387,37.6804,0 -107.3394,37.6803,0 -107.34,37.6802,0 -107.3406,37.68,0 -107.3411,37.6799,0 -107.3414,37.6796,0 -107.3418,37.6793,0 -107.3421,37.679,0 -107.3425,37.6788,0 -107.3431,37.6787,0 -107.3436,37.6787,0 -107.3444,37.6788,0 -107.3449,37.6788,0 -107.3453,37.6789,0 -107.3456,37.679,0 -107.3458,37.6792,0 -107.346,37.6794,0 -107.3462,37.6795,0 -107.3463,37.6796,0 -107.3465,37.6797,0 -107.347,37.6799,0 -107.3474,37.6801,0 -107.3476,37.6801,0 -107.3478,37.6802,0 -107.3481,37.6802,0 -107.3489,37.6804,0 -107.3492,37.6805,0 -107.3496,37.6806,0 -107.3508,37.6809,0 -107.3511,37.681,0 -107.3513,37.6811,0 -107.3516,37.6811,0 -107.3518,37.6812,0 -107.3529,37.6814,0 -107.3535,37.6815,0 -107.3543,37.6816,0 -107.3559,37.6818,0 -107.3567,37.6819,0 -107.3571,37.6819,0 -107.359,37.6822,0 -107.3592,37.6822,0 -107.3594,37.6823,0 -107.3597,37.6824,0 -107.3599,37.6825,0 -107.3603,37.6827,0 -107.3608,37.6828,0 -107.361,37.6829,0 -107.3612,37.6829,0 -107.3615,37.6829,0 -107.3617,37.6829,0 -107.3619,37.683,0 -107.3628,37.6834,0 -107.3637,37.6838,0 -107.3646,37.6842,0 -107.3654,37.6845,0 -107.3656,37.6845,0 -107.3661,37.6846,0 -107.3663,37.6847,0 -107.3666,37.6847,0 -107.3669,37.6848,0 -107.3671,37.6849,0 -107.3674,37.6849,0 -107.3677,37.6849,0 -107.368,37.6848,0 -107.3683,37.6847,0 -107.3686,37.6845,0 -107.3689,37.6845,0 -107.3693,37.6846,0 -107.3695,37.6848,0 -107.3696,37.6849,0 -107.3698,37.6851,0 -107.3699,37.6852,0 -107.3702,37.6854,0 -107.3706,37.6856,0 -107.3717,37.6859,0 -107.372,37.686,0 -107.3722,37.6861,0 -107.3723,37.6862,0 -107.3726,37.6863,0 -107.373,37.6864,0 -107.3732,37.6865,0 -107.3748,37.6876,0 -107.3749,37.6877,0 -107.375,37.6877,0 -107.3751,37.6876,0 -107.3756,37.6873,0 -107.3759,37.6872,0 -107.3763,37.6869,0 -107.3765,37.6867,0 -107.377,37.6865,0 -107.3778,37.6861,0 -107.3787,37.6856,0 -107.3793,37.6852,0 -107.3796,37.6849,0 -107.3799,37.6848,0 -107.3806,37.6845,0 -107.3811,37.6843,0 -107.382,37.6837,0 -107.3826,37.6834,0 -107.3831,37.6829,0 -107.3838,37.6824,0 -107.3842,37.6821,0 -107.3849,37.6818,0 -107.3855,37.6815,0 -107.386,37.6813,0 -107.3863,37.6811,0 -107.3864,37.6809,0 -107.3865,37.6807,0 -107.3867,37.6805,0 -107.3869,37.6803,0 -107.3873,37.6801,0 -107.3877,37.6801,0 -107.3883,37.6801,0 -107.3885,37.6801,0 -107.3889,37.68,0 -107.3894,37.6798,0 -107.39,37.6797,0 -107.3904,37.6796,0 -107.3911,37.6797,0 -107.3917,37.6797,0 -107.3921,37.6797,0 -107.3923,37.6797,0 -107.3924,37.6797,0 -107.3926,37.6795,0 -107.3927,37.6793,0 -107.393,37.6792,0 -107.3932,37.6791,0 -107.3935,37.6789,0 -107.3936,37.6787,0 -107.3936,37.6785,0 -107.3937,37.6777,0 -107.3937,37.6772,0 -107.3937,37.6768,0 -107.3936,37.6763,0 -107.3936,37.6759,0 -107.3934,37.6755,0 -107.3934,37.6751,0 -107.3935,37.6747,0 -107.3936,37.6741,0 -107.3936,37.6735,0 -107.3938,37.6729,0 -107.3939,37.6724,0 -107.3939,37.6721,0 -107.3938,37.6719,0 -107.3937,37.6716,0 -107.3936,37.6714,0 -107.3935,37.6712,0 -107.3931,37.671,0 -107.393,37.6708,0 -107.3929,37.6706,0 -107.3927,37.6702,0 -107.3927,37.6699,0 -107.3928,37.6696,0 -107.3928,37.6694,0 -107.3928,37.6691,0 -107.3928,37.6688,0 -107.3929,37.6686,0 -107.393,37.6682,0 -107.3929,37.668,0 -107.3928,37.6677,0 -107.3928,37.6673,0 -107.393,37.6671,0 -107.3931,37.6669,0 -107.3932,37.6666,0 -107.3933,37.6665,0 -107.3938,37.6661,0 -107.3942,37.6658,0 -107.3945,37.6655,0 -107.3947,37.6651,0 -107.3947,37.6645,0 -107.3947,37.6642,0 -107.3946,37.6638,0 -107.3944,37.6635,0 -107.3943,37.6633,0 -107.3943,37.6632,0 -107.3945,37.663,0 -107.3947,37.6629,0 -107.3949,37.6626,0 -107.3952,37.6623,0 -107.3954,37.6619,0 -107.3959,37.6613,0 -107.3962,37.6611,0 -107.3966,37.6608,0 -107.397,37.6603,0 -107.3972,37.66,0 -107.3973,37.6598,0 -107.3974,37.6595,0 -107.3975,37.6587,0 -107.3976,37.6582,0 -107.3976,37.6576,0 -107.3978,37.6574,0 -107.398,37.657,0 -107.3982,37.6567,0 -107.3984,37.6565,0 -107.3985,37.6563,0 -107.3985,37.656,0 -107.3984,37.6556,0 -107.3983,37.6552,0 -107.3981,37.6549,0 -107.398,37.6545,0 -107.3979,37.6541,0 -107.3977,37.6536,0 -107.3976,37.6534,0 -107.3975,37.6533,0 -107.3976,37.6531,0 -107.3977,37.6531,0 -107.398,37.653,0 -107.3983,37.6528,0 -107.3989,37.6524,0 -107.3995,37.6521,0 -107.3998,37.6519,0 -107.4001,37.6517,0 -107.4011,37.6513,0 -107.4015,37.6511,0 -107.4019,37.6511,0 -107.4024,37.651,0 -107.4028,37.651,0 -107.4033,37.6509,0 -107.4038,37.6508,0 -107.4045,37.6505,0 -107.405,37.6504,0 -107.4055,37.6501,0 -107.4059,37.6499,0 -107.4062,37.6497,0 -107.4064,37.6497,0 -107.4065,37.6496,0 -107.4068,37.6496,0 -107.4072,37.6496,0 -107.4073,37.6496,0 -107.4075,37.6496,0 -107.4087,37.6496,0 -107.4091,37.6496,0 -107.4096,37.6499,0 -107.4103,37.6501,0 -107.4107,37.6503,0 -107.411,37.6503,0 -107.4112,37.6503,0 -107.4116,37.6502,0 -107.413,37.6502,0 -107.414,37.6502,0 -107.4147,37.6502,0 -107.4156,37.6502,0 -107.4161,37.6501,0 -107.4166,37.65,0 -107.4168,37.6499,0 -107.4175,37.6494,0 -107.4177,37.6493,0 -107.4179,37.6493,0 -107.4181,37.6494,0 -107.4183,37.6496,0 -107.4184,37.6498,0 -107.4187,37.6499,0 -107.4191,37.65,0 -107.4195,37.65,0 -107.4199,37.6499,0 -107.4205,37.6498,0 -107.4209,37.6499,0 -107.4214,37.6498,0 -107.4222,37.6499,0 -107.4227,37.65,0 -107.4232,37.6501,0 -107.4237,37.6503,0 -107.4238,37.6503,0 -107.4239,37.6502,0 -107.4238,37.6499,0 -107.4237,37.6497,0 -107.4237,37.6494,0 -107.4238,37.6492,0 -107.4238,37.6489,0 -107.4238,37.6485,0 -107.4238,37.6482,0 -107.4239,37.6479,0 -107.4241,37.6476,0 -107.4243,37.6472,0 -107.4246,37.6468,0 -107.4249,37.6466,0 -107.425,37.6463,0 -107.4253,37.6459,0 -107.4254,37.6456,0 -107.4257,37.6453,0 -107.4262,37.6447,0 -107.4268,37.644,0 -107.4271,37.6438,0 -107.4274,37.6436,0 -107.4277,37.6434,0 -107.4281,37.6432,0 -107.4285,37.6431,0 -107.4287,37.6429,0 -107.4289,37.6428,0 -107.4289,37.6426,0 -107.4289,37.6424,0 -107.4288,37.6421,0 -107.4288,37.642,0 -107.4289,37.6418,0 -107.429,37.6417,0 -107.4292,37.6413,0 -107.4296,37.6411,0 -107.4302,37.6405,0 -107.4305,37.6404,0 -107.4309,37.6403,0 -107.4312,37.6402,0 -107.4317,37.6402,0 -107.432,37.6401,0 -107.4323,37.64,0 -107.4327,37.6399,0 -107.4328,37.6395,0 -107.4329,37.6393,0 -107.4331,37.6391,0 -107.4336,37.6387,0 -107.4339,37.6385,0 -107.4348,37.6381,0 -107.4351,37.6381,0 -107.4354,37.6382,0 -107.4357,37.6383,0 -107.436,37.6383,0 -107.4362,37.6381,0 -107.4365,37.6379,0 -107.4367,37.6378,0 -107.437,37.6378,0 -107.4375,37.6379,0 -107.4381,37.6381,0 -107.4385,37.6381,0 -107.4389,37.6381,0 -107.4394,37.638,0 -107.4399,37.6379,0 -107.4404,37.6378,0 -107.4411,37.6377,0 -107.4413,37.6376,0 -107.4414,37.6374,0 -107.4415,37.6372,0 -107.4416,37.6371,0 -107.4415,37.6368,0 -107.4412,37.6364,0 -107.441,37.6361,0 -107.4407,37.6358,0 -107.4406,37.6356,0 -107.4405,37.6353,0 -107.4405,37.6351,0 -107.4403,37.6348,0 -107.4402,37.6346,0 -107.4402,37.6345,0 -107.4404,37.6344,0 -107.4407,37.6344,0 -107.441,37.6342,0 -107.4414,37.6341,0 -107.4416,37.6339,0 -107.4417,37.6336,0 -107.4418,37.6334,0 -107.4418,37.633,0 -107.4418,37.6328,0 -107.4418,37.6325,0 -107.4419,37.6324,0 -107.4422,37.6324,0 -107.4426,37.6324,0 -107.4429,37.6324,0 -107.4435,37.6327,0 -107.444,37.6328,0 -107.4444,37.6328,0 -107.4449,37.6329,0 -107.4451,37.6328,0 -107.4455,37.6328,0 -107.4457,37.6328,0 -107.446,37.6328,0 -107.4462,37.6328,0 -107.4464,37.6329,0 -107.4466,37.633,0 -107.4468,37.6331,0 -107.4471,37.6331,0 -107.4474,37.633,0 -107.4478,37.633,0 -107.4481,37.6332,0 -107.4484,37.6333,0 -107.4487,37.6334,0 -107.449,37.6334,0 -107.4493,37.6333,0 -107.4496,37.6332,0 -107.4498,37.6332,0 -107.4501,37.6333,0 -107.4504,37.6334,0 -107.4512,37.6335,0 -107.4515,37.6335,0 -107.4519,37.6337,0 -107.4523,37.6338,0 -107.4527,37.6339,0 -107.4531,37.634,0 -107.4535,37.6341,0 -107.454,37.6342,0 -107.4542,37.6342,0 -107.4543,37.6341,0 -107.4544,37.6339,0 -107.4545,37.6337,0 -107.4547,37.6333,0 -107.4548,37.6331,0 -107.4549,37.6329,0 -107.4552,37.6326,0 -107.4553,37.6324,0 -107.4553,37.6322,0 -107.4553,37.6319,0 -107.4554,37.6317,0 -107.4555,37.6316,0 -107.4559,37.6313,0 -107.456,37.6312,0 -107.456,37.631,0 -107.4558,37.6308,0 -107.4554,37.6306,0 -107.455,37.6303,0 -107.455,37.6302,0 -107.455,37.63,0 -107.4552,37.6299,0 -107.4554,37.6298,0 -107.4557,37.6298,0 -107.456,37.6299,0 -107.4562,37.6299,0 -107.4564,37.6298,0 -107.4565,37.6296,0 -107.4566,37.6294,0 -107.4569,37.6293,0 -107.4575,37.6293,0 -107.4582,37.6294,0 -107.4587,37.6295,0 -107.4592,37.6295,0 -107.4595,37.6295,0 -107.4599,37.6296,0 -107.4603,37.6295,0 -107.4606,37.6295,0 -107.461,37.6294,0 -107.4614,37.6294,0 -107.4617,37.6294,0 -107.4622,37.6296,0 -107.4628,37.6298,0 -107.4635,37.6301,0 -107.4639,37.6301,0 -107.4651,37.6309,0 -107.4655,37.6312,0 -107.4658,37.6314,0 -107.4663,37.6316,0 -107.467,37.632,0 -107.4675,37.6321,0 -107.4679,37.6322,0 -107.4683,37.6323,0 -107.4688,37.6326,0 -107.4693,37.6329,0 -107.4695,37.6331,0 -107.47,37.6337,0 -107.4705,37.6342,0 -107.4709,37.6346,0 -107.4711,37.6348,0 -107.4714,37.6353,0 -107.4717,37.6357,0 -107.4719,37.6359,0 -107.4722,37.6361,0 -107.4726,37.6363,0 -107.4729,37.6364,0 -107.4733,37.6364,0 -107.4738,37.6365,0 -107.4743,37.6365,0 -107.4745,37.6366,0 -107.4747,37.6368,0 -107.4757,37.6376,0 -107.4762,37.6381,0 -107.4765,37.6384,0 -107.4768,37.6386,0 -107.477,37.6387,0 -107.4773,37.6388,0 -107.4775,37.6388,0 -107.4778,37.6389,0 -107.4781,37.6392,0 -107.4783,37.6394,0 -107.4789,37.6397,0 -107.4792,37.6398,0 -107.4794,37.64,0 -107.4796,37.6401,0 -107.4798,37.6404,0 -107.4798,37.6408,0 -107.4799,37.641,0 -107.4801,37.6413,0 -107.4805,37.6417,0 -107.4808,37.6418,0 -107.4812,37.6421,0 -107.4818,37.6426,0 -107.4821,37.643,0 -107.4824,37.6432,0 -107.4828,37.6434,0 -107.4832,37.6436,0 -107.4837,37.644,0 -107.4841,37.6443,0 -107.4845,37.6446,0 -107.4847,37.6449,0 -107.4849,37.6453,0 -107.4851,37.6456,0 -107.4854,37.646,0 -107.4858,37.6464,0 -107.4862,37.6468,0 -107.4865,37.6471,0 -107.4867,37.6473,0 -107.4868,37.6476,0 -107.4869,37.6479,0 -107.4872,37.6483,0 -107.4875,37.6487,0 -107.4881,37.6492,0 -107.4885,37.6497,0 -107.489,37.65,0 -107.4895,37.6505,0 -107.4898,37.6507,0 -107.4904,37.651,0 -107.4911,37.6513,0 -107.4916,37.6514,0 -107.4918,37.6516,0 -107.492,37.6517,0 -107.4921,37.652,0 -107.4922,37.6523,0 -107.4922,37.6527,0 -107.4921,37.6529,0 -107.4918,37.6531,0 -107.4916,37.6533,0 -107.4915,37.6535,0 -107.4914,37.6538,0 -107.4913,37.6541,0 -107.4912,37.6543,0 -107.491,37.6546,0 -107.4909,37.6548,0 -107.4908,37.655,0 -107.4908,37.6553,0 -107.4906,37.6556,0 -107.4904,37.656,0 -107.4902,37.6563,0 -107.4901,37.6567,0 -107.49,37.6569,0 -107.49,37.6573,0 -107.4899,37.6577,0 -107.4898,37.6581,0 -107.4896,37.6584,0 -107.4894,37.6587,0 -107.4893,37.659,0 -107.4895,37.6593,0 -107.49,37.6597,0 -107.4904,37.66,0 -107.4909,37.6603,0 -107.4915,37.6606,0 -107.4918,37.6609,0 -107.492,37.6613,0 -107.4923,37.6616,0 -107.4927,37.6619,0 -107.4931,37.6622,0 -107.4935,37.6628,0 -107.4937,37.6632,0 -107.494,37.6638,0 -107.4941,37.6641,0 -107.4942,37.6645,0 -107.4944,37.6649,0 -107.4945,37.6652,0 -107.4946,37.6656,0 -107.4947,37.6659,0 -107.4949,37.6663,0 -107.4951,37.6665,0 -107.4953,37.6668,0 -107.4954,37.6671,0 -107.4955,37.6673,0 -107.4956,37.6675,0 -107.4959,37.6677,0 -107.4963,37.6678,0 -107.497,37.6683,0 -107.4974,37.6686,0 -107.4977,37.669,0 -107.498,37.6695,0 -107.4981,37.67,0 -107.4982,37.6705,0 -107.4983,37.671,0 -107.4984,37.6714,0 -107.4984,37.6718,0 -107.4984,37.6722,0 -107.4983,37.6726,0 -107.4982,37.6733,0 -107.4981,37.6744,0 -107.4982,37.6746,0 -107.4982,37.6749,0 -107.4981,37.6753,0 -107.4982,37.6755,0 -107.4985,37.6757,0 -107.499,37.6758,0 -107.4998,37.6761,0 -107.5004,37.6763,0 -107.5007,37.6765,0 -107.501,37.6768,0 -107.5012,37.6771,0 -107.5014,37.6772,0 -107.5017,37.6774,0 -107.502,37.6775,0 -107.5021,37.6777,0 -107.502,37.6778,0 -107.5019,37.678,0 -107.5017,37.6783,0 -107.5014,37.6786,0 -107.501,37.6791,0 -107.5006,37.6799,0 -107.5005,37.6802,0 -107.5004,37.6805,0 -107.5003,37.6807,0 -107.5003,37.6809,0 -107.5005,37.6811,0 -107.5006,37.6813,0 -107.501,37.6815,0 -107.5013,37.6819,0 -107.5015,37.6823,0 -107.5019,37.6832,0 -107.502,37.6836,0 -107.502,37.6839,0 -107.5019,37.6843,0 -107.5019,37.6845,0 -107.5017,37.6851,0 -107.5017,37.6853,0 -107.5018,37.6854,0 -107.5021,37.6855,0 -107.5023,37.6857,0 -107.5025,37.6858,0 -107.5028,37.6861,0 -107.5029,37.6864,0 -107.503,37.6868,0 -107.5031,37.6871,0 -107.5031,37.6873,0 -107.5029,37.6876,0 -107.5028,37.6878,0 -107.5028,37.6881,0 -107.5028,37.6885,0 -107.5027,37.6889,0 -107.5025,37.6893,0 -107.5023,37.6899,0 -107.5022,37.6904,0 -107.5022,37.6908,0 -107.5023,37.691,0 -107.5029,37.6915,0 -107.5036,37.6918,0 -107.5038,37.6919,0 -107.504,37.6921,0 -107.504,37.6924,0 -107.5039,37.6927,0 -107.5039,37.693,0 -107.504,37.6933,0 -107.5052,37.6937,0 -107.506,37.6941,0 -107.5065,37.6942,0 -107.5069,37.6943,0 -107.5073,37.6943,0 -107.5075,37.6944,0 -107.5076,37.6945,0 -107.5078,37.6946,0 -107.508,37.695,0 -107.5083,37.6951,0 -107.5084,37.6952,0 -107.5086,37.6953,0 -107.5086,37.6954,0 -107.5088,37.6955,0 -107.5087,37.6957,0 -107.5084,37.696,0 -107.5082,37.6962,0 -107.5081,37.6964,0 -107.5082,37.6966,0 -107.5085,37.6969,0 -107.5087,37.6971,0 -107.5092,37.6973,0 -107.5103,37.6979,0 -107.5107,37.6981,0 -107.511,37.6983,0 -107.5113,37.6984,0 -107.5117,37.6989,0 -107.5123,37.699,0 -107.5127,37.6992,0 -107.5131,37.6994,0 -107.5136,37.6996,0 -107.5139,37.6998,0 -107.5145,37.7001,0 -107.5146,37.7002,0 -107.5148,37.7004,0 -107.5153,37.7005,0 -107.5159,37.7006,0 -107.5164,37.7006,0 -107.5169,37.7005,0 -107.5173,37.7006,0 -107.5182,37.7012,0 -107.519,37.7017,0 -107.5194,37.7021,0 -107.5198,37.7025,0 -107.52,37.7028,0 -107.5202,37.7029,0 -107.5202,37.7034,0 -107.5202,37.7048,0 -107.5206,37.7055,0 -107.521,37.7061,0 -107.5214,37.7063,0 -107.522,37.7064,0 -107.5227,37.7067,0 -107.5234,37.7069,0 -107.524,37.7069,0 -107.5244,37.7069,0 -107.525,37.7069,0 -107.5256,37.7068,0 -107.5275,37.7065,0 -107.5287,37.7063,0 -107.5294,37.7063,0 -107.5297,37.7063,0 -107.5298,37.7063,0 -107.5299,37.7062,0 -107.5302,37.706,0 -107.5304,37.7058,0 -107.5307,37.7056,0 -107.5313,37.7054,0 -107.5315,37.7054,0 -107.5318,37.7054,0 -107.5322,37.7055,0 -107.5325,37.7056,0 -107.5329,37.7058,0 -107.5332,37.706,0 -107.5341,37.7066,0 -107.5348,37.7069,0 -107.535,37.7071,0 -107.5354,37.7074,0 -107.5359,37.7077,0 -107.5368,37.7081,0 -107.5372,37.7083,0 -107.5373,37.7084,0 -107.5373,37.7085,0 -107.5373,37.7086,0 -107.5371,37.7089,0 -107.5368,37.7092,0 -107.5367,37.7095,0 -107.5366,37.7097,0 -107.5366,37.7098,0 -107.5367,37.71,0 -107.5368,37.7102,0 -107.5368,37.7103,0 -107.5368,37.7104,0 -107.5368,37.7105,0 -107.5365,37.7106,0 -107.5362,37.7108,0 -107.5359,37.7109,0 -107.5357,37.7111,0 -107.5354,37.7115,0 -107.5351,37.712,0 -107.5348,37.7123,0 -107.5348,37.7125,0 -107.5348,37.7127,0 -107.5349,37.713,0 -107.5349,37.7133,0 -107.5349,37.7135,0 -107.535,37.7138,0 -107.5348,37.7141,0 -107.5346,37.7143,0 -107.5342,37.7146,0 -107.5339,37.7148,0 -107.5338,37.7149,0 -107.5339,37.7149,0 -107.5339,37.715,0 -107.5342,37.7152,0 -107.5345,37.7154,0 -107.535,37.7157,0 -107.5352,37.7159,0 -107.5354,37.7162,0 -107.5355,37.7165,0 -107.5356,37.7169,0 -107.5357,37.7171,0 -107.5358,37.7174,0 -107.5358,37.7177,0 -107.536,37.7183,0 -107.5362,37.7187,0 -107.5363,37.7191,0 -107.5363,37.7196,0 -107.5363,37.72,0 -107.5362,37.7204,0 -107.5362,37.7207,0 -107.5362,37.7211,0 -107.5361,37.7215,0 -107.5361,37.7219,0 -107.5363,37.7221,0 -107.5365,37.7225,0 -107.5366,37.7227,0 -107.5367,37.7229,0 -107.5368,37.7231,0 -107.5369,37.7234,0 -107.537,37.7237,0 -107.5372,37.724,0 -107.5374,37.7241,0 -107.5375,37.7241,0 -107.5384,37.7241,0 -107.5397,37.7241,0 -107.5401,37.7241,0 -107.5404,37.7242,0 -107.5407,37.7243,0 -107.5409,37.7244,0 -107.5412,37.7244,0 -107.5416,37.7244,0 -107.5421,37.7244,0 -107.5424,37.7245,0 -107.5425,37.7246,0 -107.5425,37.7247,0 -107.5425,37.7248,0 -107.5424,37.725,0 -107.5423,37.7252,0 -107.5423,37.7254,0 -107.5423,37.7257,0 -107.5423,37.7259,0 -107.5424,37.7261,0 -107.5424,37.7264,0 -107.5425,37.7268,0 -107.5425,37.7271,0 -107.5426,37.7274,0 -107.5427,37.7275,0 -107.5429,37.7277,0 -107.5431,37.7279,0 -107.5433,37.7282,0 -107.5434,37.7287,0 -107.5435,37.7291,0 -107.5436,37.7296,0 -107.5435,37.7298,0 -107.5434,37.7299,0 -107.5432,37.7302,0 -107.5428,37.7306,0 -107.5425,37.7308,0 -107.5421,37.7315,0 -107.5421,37.7321,0 -107.542,37.7325,0 -107.543,37.7335,0 -107.5434,37.7339,0 -107.5442,37.7346,0 -107.5446,37.7348,0 -107.545,37.735,0 -107.5453,37.7351,0 -107.5457,37.7353,0 -107.546,37.7354,0 -107.5467,37.7356,0 -107.5472,37.7357,0 -107.5474,37.7358,0 -107.5479,37.736,0 -107.5483,37.7362,0 -107.5484,37.7364,0 -107.5485,37.7365,0 -107.5485,37.7366,0 -107.5485,37.7368,0 -107.5485,37.737,0 -107.5488,37.7383,0 -107.5493,37.7394,0 -107.5494,37.7397,0 -107.5496,37.7401,0 -107.5497,37.7403,0 -107.55,37.7407,0 -107.5501,37.7411,0 -107.5504,37.7415,0 -107.5508,37.7418,0 -107.5512,37.7421,0 -107.5516,37.7425,0 -107.5518,37.7426,0 -107.5519,37.7427,0 -107.552,37.7429,0 -107.5521,37.7433,0 -107.5525,37.7447,0 -107.5527,37.7464,0 -107.5527,37.7467,0 -107.5529,37.7474,0 -107.553,37.7479,0 -107.5529,37.7484,0 -107.5529,37.7487,0 -107.5533,37.7494,0 -107.5537,37.7501,0 -107.5541,37.7505,0 -107.5542,37.7507,0 -107.5545,37.7516,0 -107.5547,37.7522,0 -107.555,37.7534,0 -107.5548,37.7541,0 -107.5543,37.7548,0 -107.5545,37.755,0 -107.5549,37.7554,0 -107.5552,37.756,0 -107.5557,37.7566,0 -107.5565,37.7573,0 -107.5567,37.7576,0 -107.5567,37.7582,0 -107.5568,37.7584,0 -107.557,37.7593,0 -107.557,37.76,0 -107.5572,37.7602,0 -107.5578,37.7609,0 -107.5584,37.7616,0 -107.5588,37.7618,0 -107.5589,37.7621,0 -107.559,37.7623,0 -107.559,37.7626,0 -107.5591,37.7629,0 -107.5592,37.7633,0 -107.5591,37.7636,0 -107.5592,37.7643,0 -107.5594,37.7653,0 -107.5592,37.7658,0 -107.559,37.7661,0 -107.5583,37.7668,0 -107.5578,37.7673,0 -107.5574,37.7676,0 -107.557,37.7678,0 -107.5566,37.7681,0 -107.5567,37.7684,0 -107.5568,37.7687,0 -107.5568,37.7689,0 -107.5571,37.7692,0 -107.5572,37.7695,0 -107.5574,37.7699,0 -107.5576,37.7703,0 -107.5576,37.7704,0 -107.5578,37.7707,0 -107.5577,37.7714,0 -107.5575,37.7719,0 -107.5573,37.7723,0 -107.5571,37.7728,0 -107.5571,37.773,0 -107.5571,37.7733,0 -107.5568,37.7734,0 -107.5565,37.7734,0 -107.5561,37.7735,0 -107.5558,37.7737,0 -107.5557,37.7739,0 -107.5556,37.7742,0 -107.5556,37.7745,0 -107.5557,37.7749,0 -107.5558,37.7752,0 -107.5559,37.7757,0 -107.5559,37.7761,0 -107.5559,37.7764,0 -107.5558,37.7767,0 -107.5556,37.777,0 -107.5554,37.7772,0 -107.5553,37.7774,0 -107.5552,37.7776,0 -107.5552,37.7777,0 -107.5551,37.7781,0 -107.555,37.7784,0 -107.5548,37.7786,0 -107.5545,37.7789,0 -107.5543,37.7791,0 -107.5542,37.7795,0 -107.5542,37.7799,0 -107.5543,37.7802,0 -107.5544,37.7804,0 -107.5547,37.7809,0 -107.5548,37.7812,0 -107.5547,37.7813,0 -107.5544,37.7815,0 -107.554,37.7817,0 -107.5536,37.7819,0 -107.5533,37.7821,0 -107.5532,37.7823,0 -107.5532,37.7825,0 -107.5533,37.7827,0 -107.5535,37.783,0 -107.5541,37.7835,0 -107.5544,37.7836,0 -107.5547,37.7837,0 -107.5549,37.7839,0 -107.5548,37.7841,0 -107.5548,37.7844,0 -107.5548,37.7847,0 -107.5549,37.785,0 -107.555,37.7855,0 -107.5552,37.7859,0 -107.5554,37.7863,0 -107.5555,37.7867,0 -107.5553,37.7869,0 -107.5551,37.7872,0 -107.5549,37.7875,0 -107.555,37.7882,0 -107.5548,37.7886,0 -107.5548,37.7889,0 -107.5548,37.7891,0 -107.5548,37.7894,0 -107.5548,37.7896,0 -107.5546,37.7897,0 -107.5544,37.7897,0 -107.5539,37.7898,0 -107.5536,37.79,0 -107.5533,37.7902,0 -107.553,37.7904,0 -107.5528,37.7907,0 -107.5526,37.7909,0 -107.5526,37.791,0 -107.5526,37.7912,0 -107.5525,37.7915,0 -107.5523,37.7917,0 -107.5519,37.792,0 -107.5517,37.7921,0 -107.5512,37.7924,0 -107.5509,37.7926,0 -107.5506,37.7927,0 -107.5505,37.7929,0 -107.5505,37.793,0 -107.5505,37.7933,0 -107.5504,37.7935,0 -107.5503,37.7937,0 -107.5502,37.794,0 -107.5502,37.7942,0 -107.5502,37.7946,0 -107.5501,37.795,0 -107.5499,37.7952,0 -107.549,37.7958,0 -107.5486,37.796,0 -107.5484,37.7962,0 -107.5482,37.7963,0 -107.5481,37.7967,0 -107.548,37.7971,0 -107.5477,37.7974,0 -107.5475,37.7976,0 -107.5471,37.7979,0 -107.5467,37.7983,0 -107.5463,37.7984,0 -107.5459,37.7987,0 -107.5457,37.7989,0 -107.5457,37.799,0 -107.5456,37.7993,0 -107.5457,37.7995,0 -107.5456,37.7997,0 -107.5453,37.7998,0 -107.545,37.7999,0 -107.5446,37.8,0 -107.5442,37.8001,0 -107.5438,37.8001,0 -107.5433,37.8002,0 -107.5427,37.8002,0 -107.5417,37.8002,0 -107.5412,37.8002,0 -107.5407,37.8002,0 -107.5402,37.8003,0 -107.5397,37.8004,0 -107.5393,37.8005,0 -107.539,37.8006,0 -107.5386,37.801,0 -107.5382,37.8014,0 -107.5379,37.8017,0 -107.5377,37.8017,0 -107.5375,37.8018,0 -107.5372,37.8019,0 -107.537,37.8021,0 -107.5369,37.8022,0 -107.5368,37.8022,0 -107.5364,37.8022,0 -107.5361,37.8022,0 -107.5356,37.8022,0 -107.5348,37.8023,0 -107.5344,37.8024,0 -107.5341,37.8025,0 -107.5338,37.8026,0 -107.5335,37.8028,0 -107.5333,37.8029,0 -107.533,37.8029,0 -107.5325,37.8028,0 -107.532,37.8024,0 -107.5311,37.8018,0 -107.5305,37.8015,0 -107.5301,37.8013,0 -107.53,37.8012,0 -107.5298,37.8012,0 -107.5297,37.8013,0 -107.5298,37.8016,0 -107.5299,37.8018,0 -107.5301,37.802,0 -107.5302,37.8022,0 -107.5302,37.8025,0 -107.5302,37.8029,0 -107.5304,37.8031,0 -107.5308,37.8035,0 -107.5311,37.8037,0 -107.5313,37.8037,0 -107.5314,37.8039,0 -107.5315,37.8044,0 -107.5316,37.8047,0 -107.5316,37.8049,0 -107.5314,37.8051,0 -107.5311,37.8053,0 -107.5309,37.8055,0 -107.5307,37.8058,0 -107.5304,37.806,0 -107.5303,37.8063,0 -107.5302,37.8067,0 -107.5301,37.8071,0 -107.5301,37.8074,0 -107.5298,37.8077,0 -107.5295,37.808,0 -107.5293,37.8082,0 -107.5291,37.8083,0 -107.5288,37.8084,0 -107.5286,37.8085,0 -107.5285,37.8087,0 -107.5283,37.809,0 -107.5281,37.8093,0 -107.528,37.8094,0 -107.5277,37.8095,0 -107.5272,37.8096,0 -107.5268,37.8096,0 -107.5266,37.8097,0 -107.5265,37.8098,0 -107.5266,37.8099,0 -107.5267,37.8101,0 -107.5268,37.8104,0 -107.5268,37.8107,0 -107.5268,37.8109,0 -107.5269,37.8114,0 -107.5268,37.8116,0 -107.5267,37.8118,0 -107.5264,37.8121,0 -107.5262,37.8124,0 -107.5261,37.8126,0 -107.5259,37.8133,0 -107.5256,37.8136,0 -107.5252,37.8138,0 -107.5248,37.814,0 -107.5245,37.814,0 -107.5236,37.8143,0 -107.5232,37.8145,0 -107.5227,37.8146,0 -107.5222,37.8147,0 -107.5216,37.815,0 -107.5211,37.8152,0 -107.5207,37.8154,0 -107.5205,37.8155,0 -107.5202,37.8155,0 -107.5198,37.8154,0 -107.5193,37.8154,0 -107.5189,37.8155,0 -107.5185,37.8156,0 -107.5183,37.8157,0 -107.5186,37.8161,0 -107.5188,37.8164,0 -107.5188,37.8168,0 -107.5188,37.8171,0 -107.5186,37.8172,0 -107.5185,37.8174,0 -107.5185,37.8175,0 -107.5187,37.8177,0 -107.5191,37.8179,0 -107.5195,37.818,0 -107.5198,37.8181,0 -107.5201,37.8182,0 -107.5204,37.8183,0 -107.5207,37.8186,0 -107.5209,37.8188,0 -107.521,37.819,0 -107.5211,37.8193,0 -107.5212,37.8196,0 -107.5212,37.8199,0 -107.5213,37.8204,0 -107.5214,37.8206,0 -107.5214,37.8209,0 -107.5215,37.821,0 -107.5217,37.8212,0 -107.5218,37.8213,0 -107.5219,37.8216,0 -107.5221,37.8218,0 -107.5224,37.8219,0 -107.5227,37.822,0 -107.5229,37.8222,0 -107.5231,37.8223,0 -107.5231,37.8226,0 -107.5231,37.8228,0 -107.523,37.823,0 -107.5229,37.8232,0 -107.5225,37.8235,0 -107.522,37.8236,0 -107.5217,37.8238,0 -107.5214,37.8239,0 -107.5211,37.8242,0 -107.5207,37.8244,0 -107.5204,37.8246,0 -107.5203,37.8247,0 -107.5198,37.8249,0 -107.5192,37.8252,0 -107.5186,37.8254,0 -107.5182,37.8257,0 -107.5179,37.8258,0 -107.5174,37.8261,0 -107.517,37.8263,0 -107.5168,37.8265,0 -107.5169,37.8267,0 -107.5169,37.8269,0 -107.5168,37.8272,0 -107.5169,37.8275,0 -107.5169,37.8277,0 -107.5171,37.8279,0 -107.5171,37.8281,0 -107.5172,37.8282,0 -107.5172,37.8284,0 -107.5172,37.8288,0 -107.5173,37.8289,0 -107.5173,37.8291,0 -107.5173,37.8292,0 -107.5173,37.8294,0 -107.5171,37.8295,0 -107.5169,37.8296,0 -107.5168,37.8296,0 -107.5167,37.8299,0 -107.5166,37.8301,0 -107.5165,37.8305,0 -107.5165,37.8309,0 -107.5165,37.8313,0 -107.5164,37.8315,0 -107.5163,37.8316,0 -107.5162,37.8318,0 -107.5162,37.8319,0 -107.5164,37.8323,0 -107.5165,37.8327,0 -107.5165,37.8329,0 -107.5168,37.8331,0 -107.5168,37.8332,0 -107.5168,37.8338,0 -107.5165,37.8342,0 -107.5162,37.8344,0 -107.5161,37.8347,0 -107.5156,37.8352,0 -107.5152,37.8355,0 -107.515,37.8357,0 -107.5143,37.8363,0 -107.5137,37.8369,0 -107.5134,37.8371,0 -107.5133,37.8371,0 -107.5132,37.8372,0 -107.513,37.8373,0 -107.5127,37.8374,0 -107.5125,37.8374,0 -107.5122,37.8375,0 -107.5121,37.8375,0 -107.5118,37.8377,0 -107.5117,37.8378,0 -107.5115,37.8379,0 -107.5113,37.838,0 -107.5112,37.8382,0 -107.511,37.8385,0 -107.511,37.8386,0 -107.5109,37.8388,0 -107.5107,37.839,0 -107.5106,37.8392,0 -107.5104,37.8394,0 -107.5102,37.8396,0 -107.5101,37.8396,0 -107.51,37.8397,0 -107.5098,37.8399,0 -107.5096,37.84,0 -107.5094,37.8401,0 -107.5091,37.8402,0 -107.5088,37.8403,0 -107.5086,37.8404,0 -107.5083,37.8405,0 -107.508,37.8406,0 -107.5078,37.8407,0 -107.5074,37.8408,0 -107.507,37.8409,0 -107.5067,37.841,0 -107.5064,37.841,0 -107.506,37.8412,0 -107.5055,37.8411,0 -107.505,37.841,0 -107.504,37.8409,0 -107.503,37.8408,0 -107.5017,37.8406,0 -107.5008,37.8404,0 -107.5001,37.8401,0 -107.4997,37.8399,0 -107.4999,37.8404,0 -107.5,37.8408,0 -107.5002,37.8417,0 -107.5005,37.8427,0 -107.5004,37.843,0 -107.5004,37.8436,0 -107.5003,37.8437,0 -107.5001,37.8439,0 -107.5,37.8441,0 -107.4999,37.8443,0 -107.4998,37.8444,0 -107.4998,37.8447,0 -107.4998,37.8448,0 -107.4997,37.845,0 -107.4995,37.8452,0 -107.4993,37.8452,0 -107.4991,37.8452,0 -107.4989,37.8452,0 -107.4987,37.8453,0 -107.4983,37.8455,0 -107.4979,37.8458,0 -107.4975,37.8461,0 -107.4973,37.8464,0 -107.497,37.8468,0 -107.4968,37.847,0 -107.4966,37.8472,0 -107.4965,37.8475,0 -107.4963,37.8477,0 -107.4963,37.848,0 -107.4962,37.8482,0 -107.496,37.8485,0 -107.4959,37.8487,0 -107.4957,37.8489,0 -107.4955,37.8491,0 -107.4953,37.8493,0 -107.4951,37.8494,0 -107.4949,37.8496,0 -107.4947,37.8497,0 -107.4945,37.8498,0 -107.4942,37.8498,0 -107.494,37.8499,0 -107.4938,37.8499,0 -107.4934,37.85,0 -107.4932,37.8499,0 -107.4929,37.8497,0 -107.4927,37.8495,0 -107.4923,37.8491,0 -107.492,37.8488,0 -107.4916,37.8484,0 -107.4911,37.8482,0 -107.4905,37.8478,0 -107.49,37.8474,0 -107.4896,37.8473,0 -107.4894,37.8473,0 -107.4893,37.8472,0 -107.4891,37.847,0 -107.489,37.8468,0 -107.4886,37.8466,0 -107.4881,37.8462,0 -107.4878,37.846,0 -107.4874,37.8459,0 -107.4871,37.8458,0 -107.4869,37.8457,0 -107.4867,37.8457,0 -107.4864,37.8457,0 -107.4862,37.8457,0 -107.4858,37.8458,0 -107.4854,37.8457,0 -107.485,37.8456,0 -107.4849,37.8456,0 -107.4848,37.8455,0 -107.4847,37.8454,0 -107.4845,37.8453,0 -107.4844,37.8453,0 -107.4843,37.8452,0 -107.4839,37.8453,0 -107.4835,37.8454,0 -107.4832,37.8455,0 -107.4829,37.8457,0 -107.4824,37.8459,0 -107.4818,37.846,0 -107.4815,37.846,0 -107.4813,37.846,0 -107.4811,37.846,0 -107.4808,37.846,0 -107.4802,37.8459,0 -107.4799,37.8458,0 -107.4797,37.8457,0 -107.4795,37.8457,0 -107.4793,37.8456,0 -107.4791,37.8456,0 -107.479,37.8455,0 -107.4788,37.8454,0 -107.4786,37.8453,0 -107.4784,37.8452,0 -107.4782,37.8451,0 -107.478,37.8451,0 -107.4778,37.8451,0 -107.4777,37.8452,0 -107.4776,37.8452,0 -107.4773,37.8454,0 -107.4772,37.8455,0 -107.4771,37.8457,0 -107.4769,37.8458,0 -107.4767,37.846,0 -107.4765,37.8462,0 -107.4763,37.8464,0 -107.4759,37.8466,0 -107.4758,37.8468,0 -107.4756,37.8471,0 -107.4755,37.8472,0 -107.4753,37.8473,0 -107.4752,37.8473,0 -107.4752,37.8472,0 -107.4751,37.8468,0 -107.4749,37.8465,0 -107.4747,37.8461,0 -107.4743,37.8459,0 -107.474,37.8458,0 -107.4738,37.8461,0 -107.4733,37.8465,0 -107.4728,37.8466,0 -107.4718,37.8467,0 -107.4712,37.8471,0 -107.4708,37.8475,0 -107.4706,37.8475,0 -107.4698,37.847,0 -107.469,37.8466,0 -107.4687,37.8465,0 -107.4682,37.8462,0 -107.4677,37.8461,0 -107.4674,37.8461,0 -107.4672,37.8462,0 -107.467,37.8463,0 -107.4667,37.8467,0 -107.4667,37.8469,0 -107.4667,37.8474,0 -107.4667,37.8477,0 -107.4666,37.848,0 -107.4665,37.8482,0 -107.4663,37.8486,0 -107.4663,37.8489,0 -107.4663,37.8491,0 -107.4663,37.8495,0 -107.4664,37.85,0 -107.4664,37.8502,0 -107.4664,37.8505,0 -107.4663,37.8507,0 -107.4661,37.8511,0 -107.4659,37.8513,0 -107.4658,37.8517,0 -107.4655,37.8524,0 -107.4654,37.8527,0 -107.4651,37.8531,0 -107.4648,37.8536,0 -107.4646,37.8542,0 -107.4644,37.8546,0 -107.4643,37.8549,0 -107.4642,37.8553,0 -107.4641,37.8558,0 -107.464,37.8561,0 -107.4639,37.8567,0 -107.464,37.857,0 -107.4641,37.8572,0 -107.4646,37.8578,0 -107.4648,37.858,0 -107.4649,37.8581,0 -107.4651,37.8583,0 -107.4652,37.8584,0 -107.4653,37.8585,0 -107.4653,37.8586,0 -107.4654,37.8587,0 -107.4653,37.8588,0 -107.4652,37.8587,0 -107.465,37.8586,0 -107.4649,37.8584,0 -107.4647,37.8583,0 -107.4644,37.8581,0 -107.4641,37.8579,0 -107.4639,37.8578,0 -107.4636,37.8576,0 -107.4633,37.8575,0 -107.463,37.8574,0 -107.4627,37.8573,0 -107.4625,37.8573,0 -107.4621,37.8572,0 -107.4616,37.8571,0 -107.4612,37.8569,0 -107.4608,37.8567,0 -107.4604,37.8565,0 -107.4602,37.8565,0 -107.4601,37.8565,0 -107.4598,37.8565,0 -107.4595,37.8566,0 -107.4593,37.8566,0 -107.4589,37.8564,0 -107.4586,37.8561,0 -107.4584,37.856,0 -107.4582,37.8558,0 -107.4581,37.8556,0 -107.4577,37.8551,0 -107.4575,37.8549,0 -107.4571,37.8544,0 -107.457,37.8541,0 -107.4569,37.8537,0 -107.457,37.8533,0 -107.4569,37.8528,0 -107.4566,37.8525,0 -107.4564,37.8523,0 -107.456,37.852,0 -107.4557,37.8519,0 -107.4555,37.8519,0 -107.4554,37.8518,0 -107.4552,37.8517,0 -107.455,37.8516,0 -107.455,37.8512,0 -107.4549,37.8508,0 -107.455,37.8507,0 -107.4547,37.8506,0 -107.4543,37.8505,0 -107.454,37.8503,0 -107.4538,37.8502,0 -107.4536,37.8501,0 -107.4534,37.85,0 -107.4532,37.8498,0 -107.453,37.8498,0 -107.4528,37.8497,0 -107.4527,37.8496,0 -107.4525,37.8496,0 -107.4523,37.8495,0 -107.4522,37.8495,0 -107.4522,37.8494,0 -107.4521,37.8493,0 -107.4521,37.8492,0 -107.4521,37.849,0 -107.4521,37.8488,0 -107.452,37.8486,0 -107.452,37.8484,0 -107.4519,37.8479,0 -107.4518,37.8477,0 -107.4518,37.8475,0 -107.4517,37.8474,0 -107.4516,37.8473,0 -107.4514,37.8471,0 -107.451,37.8472,0 -107.4504,37.8472,0 -107.45,37.8475,0 -107.4497,37.8477,0 -107.4495,37.8477,0 -107.4493,37.8477,0 -107.449,37.8477,0 -107.4486,37.8479,0 -107.4484,37.8481,0 -107.4481,37.8483,0 -107.4479,37.8486,0 -107.4477,37.8488,0 -107.4476,37.8489,0 -107.4474,37.849,0 -107.4473,37.8491,0 -107.4468,37.849,0 -107.4461,37.8488,0 -107.4459,37.8488,0 -107.4455,37.8488,0 -107.4454,37.8487,0 -107.4453,37.8486,0 -107.4453,37.8485,0 -107.4452,37.8483,0 -107.4452,37.8482,0 -107.4453,37.8479,0 -107.4454,37.8477,0 -107.4454,37.8476,0 -107.4454,37.8475,0 -107.4454,37.8474,0 -107.4453,37.8472,0 -107.4451,37.847,0 -107.4451,37.8469,0 -107.4452,37.8467,0 -107.4452,37.8465,0 -107.4452,37.8463,0 -107.4452,37.8462,0 -107.4453,37.846,0 -107.4453,37.8459,0 -107.4454,37.8457,0 -107.4455,37.8456,0 -107.4455,37.8454,0 -107.4455,37.8448,0 -107.4455,37.8446,0 -107.4456,37.8444,0 -107.4457,37.8441,0 -107.4458,37.844,0 -107.4457,37.8439,0 -107.4456,37.8438,0 -107.4454,37.8438,0 -107.4453,37.8439,0 -107.4452,37.844,0 -107.4451,37.844,0 -107.4449,37.8441,0 -107.4446,37.8443,0 -107.4443,37.8444,0 -107.4441,37.8446,0 -107.4438,37.8448,0 -107.4437,37.845,0 -107.4434,37.8453,0 -107.4431,37.8456,0 -107.4428,37.846,0 -107.4426,37.8461,0 -107.4424,37.846,0 -107.4422,37.8458,0 -107.4416,37.8454,0 -107.4414,37.8452,0 -107.4412,37.8449,0 -107.4406,37.8448,0 -107.4399,37.8447,0 -107.4392,37.8447,0 -107.439,37.8449,0 -107.4388,37.845,0 -107.4385,37.8454,0 -107.4383,37.8456,0 -107.4381,37.8458,0 -107.4381,37.8459,0 -107.4379,37.846,0 -107.4377,37.8461,0 -107.4376,37.8461,0 -107.4374,37.846,0 -107.4371,37.846,0 -107.4369,37.846,0 -107.4366,37.846,0 -107.4363,37.846,0 -107.4362,37.846,0 -107.4361,37.8461,0 -107.436,37.8463,0 -107.4359,37.8466,0 -107.4357,37.847,0 -107.4355,37.8472,0 -107.4352,37.8473,0 -107.4347,37.8476,0 -107.4343,37.8478,0 -107.4338,37.8481,0 -107.4336,37.8482,0 -107.4334,37.8484,0 -107.4331,37.8485,0 -107.4329,37.8486,0 -107.4326,37.8488,0 -107.4325,37.8489,0 -107.4324,37.8491,0 -107.4322,37.8494,0 -107.4321,37.8498,0 -107.432,37.8501,0 -107.4319,37.8505,0 -107.4319,37.8507,0 -107.4319,37.8509,0 -107.4319,37.851,0 -107.4319,37.8513,0 -107.432,37.8515,0 -107.432,37.8517,0 -107.4321,37.8519,0 -107.4321,37.8521,0 -107.432,37.8522,0 -107.432,37.8523,0 -107.4319,37.8524,0 -107.4317,37.8526,0 -107.4311,37.8527,0 -107.4305,37.8528,0 -107.4302,37.8529,0 -107.4301,37.853,0 -107.43,37.8531,0 -107.4299,37.8532,0 -107.4299,37.8535,0 -107.4299,37.8538,0 -107.4299,37.8541,0 -107.4298,37.8544,0 -107.4297,37.8546,0 -107.4296,37.8547,0 -107.4293,37.855,0 -107.429,37.8552,0 -107.4285,37.8555,0 -107.4281,37.8557,0 -107.4278,37.856,0 -107.4275,37.8563,0 -107.4272,37.8566,0 -107.4272,37.8567,0 -107.4271,37.8568,0 -107.427,37.8568,0 -107.4269,37.857,0 -107.4269,37.8573,0 -107.4268,37.8575,0 -107.4264,37.8578,0 -107.4258,37.8584,0 -107.4254,37.8589,0 -107.4253,37.859,0 -107.4251,37.8592,0 -107.4247,37.8592,0 -107.4246,37.8592,0 -107.4244,37.8593,0 -107.4242,37.8592,0 -107.4241,37.8592,0 -107.4239,37.8591,0 -107.4235,37.859,0 -107.4233,37.8589,0 -107.423,37.8587,0 -107.4228,37.8587,0 -107.4225,37.8587,0 -107.4222,37.8587,0 -107.422,37.8586,0 -107.4216,37.8586,0 -107.4212,37.8585,0 -107.4188,37.8585,0 -107.4186,37.8585,0 -107.4184,37.8584,0 -107.4183,37.8584,0 -107.4182,37.8585,0 -107.418,37.8585,0 -107.4178,37.8584,0 -107.4177,37.8584,0 -107.4175,37.8584,0 -107.4174,37.8583,0 -107.4173,37.8582,0 -107.4173,37.858,0 -107.4172,37.858,0 -107.4171,37.8579,0 -107.417,37.8579,0 -107.4168,37.8578,0 -107.4167,37.8578,0 -107.4166,37.8577,0 -107.4165,37.8576,0 -107.4164,37.8575,0 -107.4163,37.8574,0 -107.4161,37.8572,0 -107.4159,37.857,0 -107.4155,37.8568,0 -107.4151,37.8567,0 -107.4146,37.8565,0 -107.4143,37.8565,0 -107.414,37.8564,0 -107.4135,37.8564,0 -107.413,37.8563,0 -107.4123,37.8563,0 -107.4116,37.8562,0 -107.4109,37.8563,0 -107.4102,37.8563,0 -107.4097,37.8563,0 -107.4092,37.8563,0 -107.4087,37.8564,0 -107.4084,37.8564,0 -107.4079,37.8566,0 -107.4075,37.8567,0 -107.4072,37.8568,0 -107.4066,37.8568,0 -107.4062,37.8568,0 -107.4056,37.8568,0 -107.4051,37.8568,0 -107.4046,37.8569,0 -107.4039,37.8571,0 -107.4036,37.8572,0 -107.4034,37.8573,0 -107.4032,37.8573,0 -107.4031,37.8574,0 -107.4028,37.8574,0 -107.4025,37.8574,0 -107.4021,37.8574,0 -107.402,37.8574,0 -107.4014,37.8575,0 -107.4009,37.8575,0 -107.4002,37.8575,0 -107.3998,37.8574,0 -107.3992,37.8572,0 -107.3988,37.8571,0 -107.3984,37.8569,0 -107.398,37.8568,0 -107.3977,37.8566,0 -107.3974,37.8566,0 -107.3971,37.8564,0 -107.3966,37.8564,0 -107.3964,37.8564,0 -107.3961,37.8563,0 -107.3956,37.8561,0 -107.3955,37.856,0 -107.395,37.8559,0 -107.3944,37.8558,0 -107.3937,37.8557,0 -107.3932,37.8556,0 -107.3928,37.8556,0 -107.3922,37.8556,0 -107.3917,37.8556,0 -107.3912,37.8556,0 -107.3907,37.8555,0 -107.3902,37.8555,0 -107.3899,37.8555,0 -107.3895,37.8553,0 -107.3892,37.8553,0 -107.3889,37.8552,0 -107.3886,37.8554,0 -107.3884,37.8556,0 -107.3882,37.8559,0 -107.3881,37.8561,0 -107.3879,37.8562,0 -107.3877,37.8563,0 -107.3874,37.8563,0 -107.3873,37.8562,0 -107.3871,37.8563,0 -107.3866,37.8564,0 -107.386,37.8566,0 -107.3858,37.8568,0 -107.3849,37.8575,0 -107.3847,37.8579,0 -107.3843,37.8583,0 -107.3836,37.8589,0 -107.3832,37.8592,0 -107.3831,37.8595,0 -107.3829,37.8597,0 -107.3825,37.8599,0 -107.3823,37.8601,0 -107.3822,37.8603,0 -107.382,37.8603,0 -107.3815,37.8605,0 -107.3813,37.8605,0 -107.3812,37.8606,0 -107.3811,37.8606,0 -107.3808,37.8607,0 -107.3807,37.8607,0 -107.3806,37.8606,0 -107.3805,37.8606,0 -107.3804,37.8605,0 -107.3803,37.8604,0 -107.3802,37.8602,0 -107.3801,37.86,0 -107.3799,37.8596,0 -107.3798,37.8594,0 -107.3795,37.8593,0 -107.3793,37.8591,0 -107.3792,37.859,0 -107.3791,37.8588,0 -107.3789,37.8587,0 -107.3787,37.8585,0 -107.3785,37.8583,0 -107.3783,37.8583,0 -107.3781,37.8582,0 -107.3779,37.8582,0 -107.3776,37.8581,0 -107.3774,37.8579,0 -107.3771,37.8576,0 -107.3768,37.8573,0 -107.3766,37.857,0 -107.3763,37.8567,0 -107.3762,37.8566,0 -107.376,37.8564,0 -107.3757,37.8561,0 -107.3755,37.856,0 -107.3754,37.8559,0 -107.3751,37.8558,0 -107.3747,37.8558,0 -107.3745,37.8558,0 -107.3743,37.8558,0 -107.3741,37.8559,0 -107.3738,37.856,0 -107.3734,37.8562,0 -107.3731,37.8563,0 -107.3725,37.8564,0 -107.372,37.8564,0 -107.3712,37.8562,0 -107.3707,37.8561,0 -107.3702,37.8561,0 -107.3694,37.856,0 -107.3688,37.856,0 -107.3687,37.8561,0 -107.3683,37.8563,0 -107.3679,37.8566,0 -107.3677,37.8568,0 -107.3674,37.857,0 -107.367,37.857,0 -107.3667,37.8569,0 -107.3663,37.8568,0 -107.3659,37.8568,0 -107.3654,37.8569,0 -107.365,37.8572,0 -107.3647,37.8572,0 -107.3643,37.8573,0 -107.3639,37.8573,0 -107.3635,37.8575,0 -107.3633,37.8576,0 -107.3629,37.8579,0 -107.3626,37.8581,0 -107.3624,37.8584,0 -107.362,37.8587,0 -107.3618,37.8588,0 -107.3612,37.8591,0 -107.361,37.8592,0 -107.3609,37.8593,0 -107.3606,37.8593,0 -107.3605,37.8592,0 -107.3602,37.8592,0 -107.3595,37.859,0 -107.3588,37.8589,0 -107.358,37.8589,0 -107.3576,37.8589,0 -107.3572,37.8587,0 -107.357,37.8586,0 -107.3567,37.8585,0 -107.3564,37.8584,0 -107.3559,37.8584,0 -107.3556,37.8584,0 -107.3555,37.8583,0 -107.3553,37.858,0 -107.3549,37.8578,0 -107.3546,37.8577,0 -107.3544,37.8576,0 -107.3542,37.8574,0 -107.3539,37.8572,0 -107.3536,37.8571,0 -107.353,37.8569,0 -107.3526,37.857,0 -107.3521,37.857,0 -107.3518,37.8572,0 -107.3514,37.8572,0 -107.351,37.8571,0 -107.3504,37.8568,0 -107.3498,37.8566,0 -107.3494,37.8565,0 -107.3486,37.8569,0 -107.3481,37.8571,0 -107.3479,37.8572,0 -107.3477,37.8573,0 -107.3475,37.8575,0 -107.3475,37.8577,0 -107.3474,37.8577,0 -107.3473,37.8579,0 -107.3473,37.8581,0 -107.3474,37.8582,0 -107.3474,37.8587,0 -107.3473,37.859,0 -107.3469,37.8597,0 -107.3468,37.8603,0 -107.3465,37.861,0 -107.3465,37.8613,0 -107.3464,37.8617,0 -107.3464,37.8619,0 -107.3465,37.8624,0 -107.3465,37.8628,0 -107.3465,37.863,0 -107.3462,37.8632,0 -107.3459,37.8635,0 -107.3456,37.864,0 -107.3455,37.8646,0 -107.3453,37.8652,0 -107.3452,37.8654,0 -107.3449,37.8655,0 -107.3444,37.8657,0 -107.3443,37.866,0 -107.3441,37.8663,0 -107.3436,37.8666,0 -107.3432,37.8668,0 -107.3429,37.867,0 -107.3428,37.8672,0 -107.3428,37.8673,0 -107.3425,37.8676,0 -107.3424,37.8678,0 -107.3421,37.868,0 -107.342,37.868,0 -107.3417,37.8683,0 -107.3411,37.8688,0 -107.3409,37.869,0 -107.3407,37.8692,0 -107.3406,37.8694,0 -107.3405,37.8695,0 -107.3407,37.8698,0 -107.3409,37.87,0 -107.3409,37.8701,0 -107.3409,37.8703,0 -107.3409,37.8706,0 -107.3408,37.8707,0 -107.3406,37.8709,0 -107.3403,37.8711,0 -107.3402,37.8713,0 -107.3401,37.8715,0 -107.3397,37.8716,0 -107.3392,37.8716,0 -107.3385,37.8718,0 -107.3381,37.872,0 -107.3379,37.8722,0 -107.3378,37.8724,0 -107.3377,37.8728,0 -107.3377,37.8729,0 -107.3377,37.873,0 -107.3376,37.8732,0 -107.3373,37.8734,0 -107.337,37.8736,0 -107.3369,37.8738,0 -107.3369,37.874,0 -107.3368,37.8743,0 -107.3368,37.8744,0 -107.3367,37.8747,0 -107.3364,37.8749,0 -107.3362,37.875,0 -107.336,37.8751,0 -107.336,37.8752,0 -107.3359,37.8756,0 -107.3357,37.8759,0 -107.3354,37.8761,0 -107.3351,37.8763,0 -107.3347,37.8763,0 -107.3345,37.8764,0 -107.334,37.8766,0 -107.3337,37.8767,0 -107.3333,37.8769,0 -107.3329,37.8771,0 -107.3326,37.8773,0 -107.332,37.8776,0 -107.3316,37.8778,0 -107.3314,37.878,0 -107.3309,37.8783,0 -107.3306,37.8786,0 -107.3302,37.8789,0 -107.3297,37.879,0 -107.3294,37.8792,0 -107.3291,37.8793,0 -107.3287,37.8793,0 -107.3283,37.8795,0 -107.3279,37.8796,0 -107.3276,37.8798,0 -107.3273,37.88,0 -107.3271,37.8802,0 -107.3268,37.8805,0 -107.3266,37.8809,0 -107.3265,37.8811,0 -107.3265,37.8814,0 -107.3266,37.8819,0 -107.3265,37.8822,0 -107.3264,37.8823,0 -107.3262,37.8825,0 -107.3258,37.8825,0 -107.3256,37.8826,0 -107.3252,37.8828,0 -107.3249,37.883,0 -107.3246,37.8833,0 -107.3241,37.8837,0 -107.3237,37.8842,0 -107.3232,37.8847,0 -107.3227,37.8851,0 -107.3223,37.8854,0 -107.3218,37.8856,0 -107.3213,37.8857,0 -107.3207,37.886,0 -107.3205,37.8861,0 -107.3202,37.8863,0 -107.32,37.8866,0 -107.3198,37.8869,0 -107.3196,37.8872,0 -107.3195,37.8875,0 -107.3194,37.8877,0 -107.3192,37.888,0 -107.319,37.8883,0 -107.3188,37.8887,0 -107.3187,37.8889,0 -107.3182,37.89,0 -107.3181,37.8902,0 -107.3179,37.8903,0 -107.3175,37.8905,0 -107.3172,37.8906,0 -107.3169,37.8909,0 -107.3167,37.8911,0 -107.3165,37.8913,0 -107.3161,37.8918,0 -107.3158,37.892,0 -107.3156,37.8921,0 -107.3155,37.8921,0 -107.3153,37.892,0 -107.3152,37.8919,0 -107.315,37.8919,0 -107.3148,37.8918,0 -107.3144,37.8918,0 -107.314,37.8918,0 -107.3137,37.8918,0 -107.3133,37.8918,0 -107.3126,37.8919,0 -107.3125,37.8919,0 -107.3124,37.8918,0 -107.3123,37.8918,0 -107.3121,37.8916,0 -107.3117,37.8914,0 -107.3113,37.8912,0 -107.3109,37.8911,0 -107.3107,37.8911,0 -107.3101,37.8912,0 -107.3095,37.8913,0 -107.3089,37.8915,0 -107.3086,37.8916,0 -107.3082,37.8922,0 -107.3079,37.8926,0 -107.3074,37.8934,0 -107.3073,37.8936,0 -107.3071,37.894,0 -107.3069,37.8942,0 -107.3067,37.8943,0 -107.3065,37.8944,0 -107.3063,37.8945,0 -107.3063,37.8946,0 -107.3063,37.895,0 -107.3064,37.8952,0 -107.3064,37.8953,0 -107.3062,37.8954,0 -107.3061,37.8956,0 -107.3058,37.8956,0 -107.3051,37.8957,0 -107.3043,37.896,0 -107.3038,37.8962,0 -107.3034,37.8966,0 -107.3029,37.8971,0 -107.3029,37.8976,0 -107.3029,37.898,0 -107.3028,37.8981,0 -107.3024,37.8982,0 -107.3021,37.8983,0 -107.3011,37.8985,0 -107.3006,37.8987,0 -107.3004,37.8989,0 -107.3003,37.8992,0 -107.3002,37.8994,0 -107.3002,37.8998,0 -107.3001,37.9,0 -107.2999,37.9004,0 -107.2997,37.9008,0 -107.2995,37.9012,0 -107.2994,37.9016,0 -107.2993,37.9019,0 -107.2995,37.9022,0 -107.2994,37.9023,0 -107.299,37.9026,0 -107.2986,37.9027,0 -107.2988,37.9033,0 -107.2989,37.9036,0 -107.299,37.9039,0 -107.2992,37.9043,0 -107.2992,37.9047,0 -107.2992,37.9051,0 -107.2992,37.9053,0 -107.2987,37.9056,0 -107.2982,37.9059,0 -107.2978,37.9063,0 -107.2975,37.9066,0 -107.2965,37.907,0 -107.296,37.9072,0 -107.2954,37.9074,0 -107.295,37.9076,0 -107.2942,37.9077,0 -107.2936,37.9079,0 -107.2936,37.9083,0 -107.2935,37.9085,0 -107.2935,37.9088,0 -107.2934,37.9092,0 -107.2933,37.9095,0 -107.2931,37.9098,0 -107.2927,37.9104,0 -107.2925,37.9109,0 -107.2923,37.9118,0 -107.2923,37.9122,0 -107.2922,37.9124,0 -107.2918,37.9126,0 -107.2909,37.9131,0 -107.2905,37.9139,0 -107.2902,37.9146,0 -107.2899,37.915,0 -107.2894,37.9156,0 -107.2891,37.9158,0 -107.2888,37.9159,0 -107.2884,37.916,0 -107.2882,37.9161,0 -107.2875,37.9164,0 -107.287,37.9166,0 -107.2868,37.9168,0 -107.2861,37.9171,0 -107.2857,37.9174,0 -107.2855,37.9178,0 -107.2852,37.9183,0 -107.2848,37.9189,0 -107.2847,37.9194,0 -107.2846,37.9201,0 -107.2845,37.9206,0 -107.2845,37.921,0 -107.2846,37.9217,0 -107.284,37.9221,0 -107.2837,37.9223,0 -107.2833,37.9224,0 -107.283,37.9225,0 -107.2825,37.9228,0 -107.2823,37.9229,0 -107.2808,37.9243,0 -107.2804,37.9248,0 -107.2802,37.9251,0 -107.28,37.9255,0 -107.28,37.9256,0 -107.28,37.9258,0 -107.28,37.9261,0 -107.28,37.9265,0 -107.28,37.9267,0 -107.2799,37.9269,0 -107.2795,37.9273,0 -107.2789,37.9279,0 -107.2786,37.9283,0 -107.2784,37.9288,0 -107.2783,37.9292,0 -107.2782,37.9296,0 -107.2782,37.9299,0 -107.2781,37.9301,0 -107.2778,37.9303,0 -107.2775,37.9303,0 -107.2771,37.9305,0 -107.2763,37.9305,0 -107.2757,37.9306,0 -107.2753,37.9307,0 -107.2749,37.9308,0 -107.2743,37.9311,0 -107.2739,37.9313,0 -107.2733,37.9318,0 -107.2731,37.9319,0 -107.2729,37.932,0 -107.2727,37.9322,0 -107.2725,37.9324,0 -107.2723,37.9326,0 -107.2721,37.9327,0 -107.2719,37.9329,0 -107.2716,37.9332,0 -107.2715,37.9333,0 -107.2713,37.9341,0 -107.2711,37.9344,0 -107.2708,37.9348,0 -107.2707,37.9352,0 -107.2704,37.9356,0 -107.2701,37.9361,0 -107.2698,37.9365,0 -107.2695,37.9369,0 -107.2692,37.9372,0 -107.2689,37.9374,0 -107.2687,37.9375,0 -107.2681,37.9377,0 -107.2679,37.9378,0 -107.2678,37.9379,0 -107.2676,37.9379,0 -107.2674,37.938,0 -107.2673,37.938,0 -107.267,37.938,0 -107.2667,37.938,0 -107.2663,37.938,0 -107.266,37.938,0 -107.2652,37.9377,0 -107.2645,37.9376,0 -107.2638,37.9373,0 -107.2627,37.9367,0 -107.2608,37.9358,0 -107.2601,37.9353,0 -107.2593,37.9347,0 -107.2587,37.9341,0 -107.2579,37.933,0 -107.2572,37.9322,0 -107.2566,37.9316,0 -107.256,37.931,0 -107.255,37.9304,0 -107.2539,37.9296,0 -107.2532,37.9293,0 -107.2526,37.9291,0 -107.2515,37.9289,0 -107.2499,37.9287,0 -107.2489,37.9285,0 -107.2481,37.9284,0 -107.2469,37.9284,0 -107.2463,37.9284,0 -107.246,37.9284,0 -107.2458,37.9285,0 -107.2442,37.9284,0 -107.2428,37.9282,0 -107.2415,37.9282,0 -107.2399,37.928,0 -107.2386,37.9279,0 -107.2377,37.928,0 -107.2364,37.928,0 -107.2352,37.9283,0 -107.2341,37.9286,0 -107.2334,37.9287,0 -107.2323,37.9286,0 -107.2316,37.9285,0 -107.2311,37.9282,0 -107.2306,37.9279,0 -107.2303,37.9278,0 -107.2299,37.9275,0 -107.2296,37.9274,0 -107.2293,37.9271,0 -107.2289,37.9269,0 -107.2285,37.9267,0 -107.2279,37.9265,0 -107.2274,37.9263,0 -107.2267,37.9261,0 -107.2261,37.926,0 -107.2257,37.926,0 -107.2254,37.926,0 -107.2251,37.926,0 -107.2248,37.9261,0 -107.2245,37.9263,0 -107.2234,37.9272,0 -107.2233,37.9275,0 -107.223,37.928,0 -107.2224,37.9282,0 -107.2202,37.9285,0 -107.2197,37.9285,0 -107.2189,37.9285,0 -107.2174,37.9285,0 -107.2164,37.9285,0 -107.2142,37.9285,0 -107.2122,37.9287,0 -107.2116,37.9287,0 -107.2104,37.9287,0 -107.2095,37.9288,0 -107.2083,37.9288,0 -107.2068,37.9289,0 -107.2056,37.9291,0 -107.2041,37.9295,0 -107.2018,37.9298,0 -107.2011,37.9302,0 -107.201,37.9303,0 -107.2008,37.9304,0 -107.2007,37.9305,0 -107.2006,37.9306,0 -107.2005,37.9307,0 -107.2003,37.9308,0 -107.2002,37.9309,0 -107.2001,37.931,0 -107.2,37.9311,0 -107.1999,37.9312,0 -107.1998,37.9314,0 -107.1997,37.9315,0 -107.1996,37.9316,0 -107.1995,37.9317,0 -107.1994,37.9318,0 -107.1993,37.9319,0 -107.1992,37.9321,0 -107.1992,37.9322,0 -107.1991,37.9323,0 -107.1991,37.9325,0 -107.199,37.9326,0 -107.199,37.9327,0 -107.1989,37.9329,0 -107.1989,37.933,0 -107.1988,37.9331,0 -107.1988,37.9333,0 -107.1988,37.9334,0 -107.1988,37.9336,0 -107.1988,37.9337,0 -107.1987,37.9338,0 -107.1987,37.934,0 -107.1987,37.9341,0 -107.1986,37.9342,0 -107.1983,37.9347,0 -107.1981,37.9348,0 -107.1978,37.935,0 -107.1972,37.9352,0 -107.1964,37.9354,0 -107.1955,37.9356,0 -107.1947,37.9358,0 -107.1939,37.936,0 -107.1931,37.9362,0 -107.1923,37.9363,0 -107.1913,37.9364,0 -107.1905,37.9366,0 -107.1887,37.9367,0 -107.1876,37.9367,0 -107.1863,37.9367,0 -107.1849,37.9365,0 -107.1842,37.9364,0 -107.1835,37.9361,0 -107.183,37.9358,0 -107.1825,37.9356,0 -107.182,37.9356,0 -107.1812,37.9356,0 -107.1808,37.9356,0 -107.1805,37.9357,0 -107.1799,37.9358,0 -107.1793,37.9361,0 -107.1773,37.9366,0 -107.1766,37.9367,0 -107.1748,37.9364,0 -107.1729,37.9364,0 -107.1708,37.9366,0 -107.1701,37.937,0 -107.1692,37.9373,0 -107.1688,37.9374,0 -107.1682,37.9376,0 -107.1676,37.9378,0 -107.1673,37.9381,0 -107.1667,37.9386,0 -107.1657,37.939,0 -107.1643,37.9392,0 -107.1626,37.9393,0 -107.1622,37.9393,0 -107.1615,37.9392,0 -107.1611,37.9391,0 -107.1605,37.939,0 -107.1599,37.939,0 -107.1595,37.9391,0 -107.1591,37.9392,0 -107.1588,37.9394,0 -107.1583,37.9397,0 -107.1576,37.9398,0 -107.1569,37.9399,0 -107.1561,37.9401,0 -107.1555,37.9402,0 -107.1547,37.9402,0 -107.1541,37.9401,0 -107.1533,37.94,0 -107.1524,37.9399,0 -107.1513,37.9399,0 -107.1504,37.94,0 -107.1497,37.94,0 -107.149,37.94,0 -107.1484,37.94,0 -107.1479,37.9401,0 -107.1474,37.9401,0 -107.1468,37.94,0 -107.1466,37.9399,0 -107.1458,37.9397,0 -107.1454,37.9396,0 -107.1452,37.9396,0 -107.1442,37.9393,0 -107.1436,37.9392,0 -107.1428,37.9392,0 -107.1417,37.9393,0 -107.1416,37.9392,0 -107.1413,37.9391,0 -107.1407,37.9387,0 -107.1402,37.9385,0 -107.1394,37.9384,0 -107.1387,37.9383,0 -107.1382,37.9383,0 -107.1373,37.9381,0 -107.1363,37.9379,0 -107.1353,37.9375,0 -107.1346,37.9372,0 -107.1339,37.937,0 -107.1336,37.9369,0 -107.133,37.9368,0 -107.1325,37.9369,0 -107.1317,37.9371,0 -107.131,37.9374,0 -107.1305,37.9377,0 -107.1277,37.9392,0 -107.1265,37.9398,0 -107.1254,37.9403,0 -107.1248,37.9407,0 -107.124,37.941,0 -107.1233,37.9411,0 -107.1226,37.9412,0 -107.1219,37.9413,0 -107.1214,37.9415,0 -107.1208,37.9417,0 -107.1204,37.942,0 -107.12,37.9422,0 -107.1197,37.9424,0 -107.119,37.9424,0 -107.1186,37.9426,0 -107.1184,37.9426,0 -107.1183,37.9426,0 -107.1181,37.9426,0 -107.118,37.9424,0 -107.118,37.9423,0 -107.1178,37.942,0 -107.1177,37.9418,0 -107.1175,37.9417,0 -107.1174,37.9416,0 -107.1172,37.9415,0 -107.1171,37.9415,0 -107.1169,37.9415,0 -107.1157,37.9417,0 -107.1138,37.9422,0 -107.1114,37.9428,0 -107.1102,37.9433,0 -107.1092,37.9437,0 -107.1089,37.9439,0 -107.1087,37.9443,0 -107.1085,37.9449,0 -107.1085,37.945,0 -107.1083,37.9452,0 -107.1081,37.9455,0 -107.1077,37.946,0 -107.1075,37.9462,0 -107.1073,37.9464,0 -107.1067,37.9469,0 -107.1063,37.9473,0 -107.106,37.9477,0 -107.1057,37.9481,0 -107.1055,37.9486,0 -107.1052,37.9494,0 -107.105,37.9498,0 -107.1048,37.9502,0 -107.1047,37.9504,0 -107.1045,37.9506,0 -107.1045,37.9511,0 -107.1045,37.952,0 -107.1045,37.9526,0 -107.1045,37.9528,0 -107.1042,37.9532,0 -107.1035,37.9539,0 -107.1031,37.9542,0 -107.103,37.9544,0 -107.103,37.9549,0 -107.103,37.9552,0 -107.103,37.9554,0 -107.1029,37.9554,0 -107.1028,37.9554,0 -107.1026,37.9553,0 -107.1024,37.9551,0 -107.1022,37.9547,0 -107.1019,37.9544,0 -107.1015,37.9539,0 -107.1014,37.9536,0 -107.1013,37.9529,0 -107.1012,37.9527,0 -107.1011,37.9525,0 -107.1008,37.9523,0 -107.1005,37.952,0 -107.1,37.9517,0 -107.0994,37.9515,0 -107.0988,37.9514,0 -107.0984,37.9513,0 -107.0981,37.951,0 -107.0976,37.9508,0 -107.097,37.9505,0 -107.0962,37.9501,0 -107.0958,37.95,0 -107.0954,37.9499,0 -107.0951,37.9498,0 -107.0945,37.9495,0 -107.0931,37.9492,0 -107.0924,37.9492,0 -107.0915,37.9492,0 -107.0912,37.9493,0 -107.0905,37.9496,0 -107.0901,37.9496,0 -107.0895,37.9499,0 -107.0889,37.9502,0 -107.0885,37.9507,0 -107.0882,37.9511,0 -107.0879,37.9517,0 -107.0875,37.9519,0 -107.0871,37.9523,0 -107.0866,37.9527,0 -107.0862,37.953,0 -107.0857,37.9532,0 -107.0853,37.9533,0 -107.0848,37.9534,0 -107.0846,37.9536,0 -107.0843,37.9537,0 -107.084,37.9537,0 -107.0836,37.9537,0 -107.0831,37.9537,0 -107.0823,37.9537,0 -107.0818,37.9537,0 -107.0804,37.9538,0 -107.0801,37.9538,0 -107.0799,37.9537,0 -107.0797,37.9537,0 -107.0795,37.9537,0 -107.0792,37.9538,0 -107.0788,37.9539,0 -107.0782,37.9539,0 -107.078,37.9539,0 -107.0778,37.954,0 -107.0777,37.9541,0 -107.0774,37.9541,0 -107.0768,37.954,0 -107.0762,37.9539,0 -107.0758,37.9538,0 -107.0751,37.9537,0 -107.075,37.9538,0 -107.0748,37.9539,0 -107.0747,37.9539,0 -107.0743,37.954,0 -107.0739,37.9541,0 -107.073,37.9546,0 -107.0726,37.9548,0 -107.0719,37.9555,0 -107.0713,37.956,0 -107.0707,37.9566,0 -107.0703,37.9569,0 -107.0701,37.9572,0 -107.0699,37.9576,0 -107.0698,37.9578,0 -107.0692,37.9584,0 -107.0689,37.959,0 -107.0685,37.9594,0 -107.0682,37.9598,0 -107.068,37.9601,0 -107.0679,37.9603,0 -107.0679,37.9605,0 -107.0679,37.9607,0 -107.0678,37.9609,0 -107.0677,37.9615,0 -107.0676,37.9614,0 -107.0673,37.9611,0 -107.067,37.9608,0 -107.0667,37.9605,0 -107.0662,37.9602,0 -107.0659,37.9601,0 -107.0655,37.9599,0 -107.0648,37.9597,0 -107.0641,37.9595,0 -107.0636,37.9595,0 -107.0627,37.9594,0 -107.0622,37.9595,0 -107.0616,37.9596,0 -107.0612,37.9596,0 -107.0607,37.9596,0 -107.0607,37.9595,0 -107.0606,37.9593,0 -107.0603,37.9586,0 -107.06,37.9581,0 -107.0596,37.9574,0 -107.0595,37.9569,0 -107.0594,37.9562,0 -107.0593,37.956,0 -107.059,37.9553,0 -107.0588,37.955,0 -107.0586,37.9546,0 -107.0583,37.9543,0 -107.0579,37.9539,0 -107.0576,37.9536,0 -107.0569,37.9531,0 -107.0566,37.9528,0 -107.0566,37.9527,0 -107.0561,37.9522,0 -107.0558,37.9518,0 -107.0556,37.9513,0 -107.0552,37.9511,0 -107.055,37.9509,0 -107.0548,37.9509,0 -107.0545,37.9509,0 -107.0542,37.951,0 -107.0538,37.951,0 -107.0534,37.9511,0 -107.053,37.9512,0 -107.0526,37.9513,0 -107.0523,37.9515,0 -107.0515,37.9519,0 -107.0509,37.9522,0 -107.0508,37.9522,0 -107.0506,37.9522,0 -107.0503,37.9522,0 -107.0499,37.9521,0 -107.0496,37.952,0 -107.0494,37.9518,0 -107.0492,37.9516,0 -107.0487,37.9514,0 -107.0483,37.9512,0 -107.0478,37.951,0 -107.0473,37.9507,0 -107.0467,37.9504,0 -107.0458,37.9499,0 -107.0452,37.9495,0 -107.0444,37.949,0 -107.0432,37.9486,0 -107.0422,37.9485,0 -107.0414,37.9485,0 -107.0401,37.9486,0 -107.0384,37.9486,0 -107.037,37.9487,0 -107.0365,37.9488,0 -107.0359,37.949,0 -107.0353,37.9492,0 -107.035,37.9493,0 -107.0347,37.9493,0 -107.0342,37.9493,0 -107.0337,37.9493,0 -107.0332,37.9493,0 -107.0328,37.9494,0 -107.0325,37.9496,0 -107.0322,37.9497,0 -107.0319,37.9502,0 -107.0317,37.9507,0 -107.0313,37.9515,0 -107.0312,37.9519,0 -107.0312,37.9522,0 -107.0312,37.9524,0 -107.0312,37.9525,0 -107.031,37.9525,0 -107.0305,37.9527,0 -107.03,37.9529,0 -107.0292,37.9532,0 -107.0283,37.9535,0 -107.0281,37.9537,0 -107.0279,37.9538,0 -107.0275,37.954,0 -107.0271,37.9543,0 -107.027,37.9545,0 -107.0268,37.9545,0 -107.0267,37.9545,0 -107.0264,37.9544,0 -107.0258,37.9544,0 -107.0255,37.9544,0 -107.0249,37.9544,0 -107.0246,37.9542,0 -107.0243,37.954,0 -107.024,37.9538,0 -107.0233,37.9536,0 -107.0225,37.9532,0 -107.0219,37.953,0 -107.0214,37.9529,0 -107.0212,37.9527,0 -107.021,37.9525,0 -107.0207,37.9522,0 -107.0203,37.952,0 -107.0198,37.9516,0 -107.0196,37.9515,0 -107.0194,37.9513,0 -107.019,37.9508,0 -107.0184,37.9502,0 -107.0177,37.9499,0 -107.0175,37.9494,0 -107.0171,37.9488,0 -107.0168,37.9485,0 -107.0165,37.9484,0 -107.0159,37.9486,0 -107.0156,37.9486,0 -107.0153,37.9485,0 -107.015,37.9484,0 -107.0144,37.9481,0 -107.0143,37.948,0 -107.014,37.9479,0 -107.0136,37.9476,0 -107.0134,37.9475,0 -107.0131,37.9474,0 -107.0126,37.9474,0 -107.0122,37.9473,0 -107.0119,37.9473,0 -107.0117,37.9472,0 -107.0115,37.947,0 -107.0111,37.9468,0 -107.0107,37.9468,0 -107.0104,37.9469,0 -107.0102,37.947,0 -107.01,37.9469,0 -107.0097,37.9467,0 -107.0092,37.9465,0 -107.009,37.9465,0 -107.0088,37.9466,0 -107.0084,37.9468,0 -107.008,37.9469,0 -107.0076,37.9471,0 -107.0074,37.9473,0 -107.0073,37.9475,0 -107.0072,37.9476,0 -107.0072,37.9479,0 -107.007,37.9481,0 -107.0069,37.9483,0 -107.0068,37.9486,0 -107.0067,37.9488,0 -107.0066,37.9491,0 -107.0066,37.9499,0 -107.0066,37.9508,0 -107.0067,37.9515,0 -107.0068,37.952,0 -107.0069,37.9525,0 -107.0069,37.9529,0 -107.0068,37.9533,0 -107.0066,37.9537,0 -107.0065,37.954,0 -107.0064,37.9546,0 -107.0062,37.9553,0 -107.006,37.9559,0 -107.0057,37.9563,0 -107.0053,37.9566,0 -107.0052,37.9567,0 -107.0049,37.9568,0 -107.0047,37.9569,0 -107.0045,37.9569,0 -107.0043,37.9568,0 -107.0041,37.9568,0 -107.0037,37.9567,0 -107.0034,37.9565,0 -107.0025,37.9559,0 -107.0024,37.9558,0 -107.002,37.9557,0 -107.0017,37.9556,0 -107.0016,37.9556,0 -107.0014,37.9556,0 -107.0012,37.9557,0 -107.001,37.9558,0 -107.0006,37.956,0 -107.0003,37.9562,0 -107.0,37.9564,0 -106.9998,37.9565,0 -106.9995,37.9567,0 -106.9993,37.9568,0 -106.9992,37.9569,0 -106.9991,37.957,0 -106.9988,37.9572,0 -106.9986,37.9575,0 -106.9985,37.9578,0 -106.9983,37.958,0 -106.9983,37.9581,0 -106.9984,37.9584,0 -106.9981,37.9584,0 -106.9979,37.9584,0 -106.9977,37.9584,0 -106.9975,37.9585,0 -106.9972,37.9586,0 -106.9971,37.9589,0 -106.997,37.9592,0 -106.9969,37.9594,0 -106.9965,37.9603,0 -106.9964,37.9605,0 -106.9962,37.9606,0 -106.9959,37.9606,0 -106.9952,37.9607,0 -106.9949,37.9608,0 -106.9947,37.9609,0 -106.9945,37.961,0 -106.9944,37.9611,0 -106.9942,37.9611,0 -106.9941,37.9612,0 -106.994,37.9612,0 -106.9939,37.9613,0 -106.9937,37.9613,0 -106.9936,37.9613,0 -106.9934,37.9613,0 -106.9931,37.9611,0 -106.9927,37.961,0 -106.9921,37.9605,0 -106.992,37.9605,0 -106.9918,37.9605,0 -106.9916,37.9605,0 -106.9909,37.9606,0 -106.9907,37.9606,0 -106.9905,37.9606,0 -106.9903,37.9606,0 -106.9901,37.9607,0 -106.9899,37.9608,0 -106.9896,37.961,0 -106.9893,37.9612,0 -106.9892,37.9612,0 -106.989,37.9613,0 -106.9886,37.9616,0 -106.9884,37.9618,0 -106.9883,37.962,0 -106.9882,37.9621,0 -106.988,37.9623,0 -106.9879,37.9625,0 -106.9878,37.9626,0 -106.9877,37.9627,0 -106.9876,37.9628,0 -106.9874,37.9629,0 -106.9872,37.9629,0 -106.987,37.9631,0 -106.9869,37.9633,0 -106.987,37.9638,0 -106.9869,37.9641,0 -106.987,37.9647,0 -106.9871,37.9653,0 -106.9871,37.966,0 -106.9871,37.9663,0 -106.9871,37.9665,0 -106.9871,37.9668,0 -106.9871,37.9672,0 -106.9871,37.9674,0 -106.9871,37.9677,0 -106.9872,37.968,0 -106.9872,37.9683,0 -106.9873,37.9685,0 -106.9874,37.9688,0 -106.9874,37.969,0 -106.9874,37.9691,0 -106.9872,37.9694,0 -106.9869,37.9693,0 -106.9866,37.9693,0 -106.9862,37.9692,0 -106.9856,37.9691,0 -106.9852,37.969,0 -106.9846,37.9689,0 -106.9835,37.9691,0 -106.9832,37.9692,0 -106.983,37.9692,0 -106.9828,37.9693,0 -106.9826,37.9693,0 -106.9824,37.9692,0 -106.9822,37.9692,0 -106.9818,37.9691,0 -106.9816,37.969,0 -106.9813,37.969,0 -106.9811,37.9689,0 -106.9805,37.969,0 -106.9798,37.9691,0 -106.9791,37.969,0 -106.9782,37.9691,0 -106.9779,37.9691,0 -106.9773,37.969,0 -106.9771,37.9691,0 -106.9769,37.9693,0 -106.9765,37.9696,0 -106.9762,37.9698,0 -106.9757,37.9701,0 -106.9753,37.9705,0 -106.9748,37.9707,0 -106.9745,37.9709,0 -106.9739,37.9712,0 -106.9729,37.9716,0 -106.9726,37.9716,0 -106.9723,37.9717,0 -106.972,37.9718,0 -106.9717,37.9719,0 -106.9715,37.9719,0 -106.9713,37.972,0 -106.9711,37.9721,0 -106.9708,37.9722,0 -106.9705,37.9724,0 -106.9703,37.9725,0 -106.9701,37.9725,0 -106.9699,37.9726,0 -106.9698,37.9727,0 -106.9696,37.9727,0 -106.9691,37.973,0 -106.9689,37.9733,0 -106.9687,37.9737,0 -106.96868543741293,37.973743687761214,0 -106.9660883447012,37.973788344701205,0 -106.966,37.9737,0 -106.9659,37.9736,0 -106.9658,37.9736,0 -106.9656,37.9736,0 -106.9654,37.9735,0 -106.9653,37.9735,0 -106.9652,37.9735,0 -106.9651,37.9735,0 -106.9647,37.9732,0 -106.9644,37.973,0 -106.964,37.9727,0 -106.9635,37.9726,0 -106.9631,37.9726,0 -106.9627,37.9726,0 -106.9624,37.9727,0 -106.962,37.9727,0 -106.9616,37.9727,0 -106.9615,37.9726,0 -106.9608,37.9725,0 -106.9612,37.9723,0 -106.9613,37.9721,0 -106.9615,37.972,0 -106.9619,37.9715,0 -106.9622,37.9709,0 -106.9624,37.9704,0 -106.9624,37.9701,0 -106.9623,37.9699,0 -106.9621,37.9695,0 -106.9619,37.9692,0 -106.9618,37.969,0 -106.9617,37.9687,0 -106.9617,37.9685,0 -106.9617,37.9683,0 -106.9618,37.9682,0 -106.9619,37.968,0 -106.9618,37.9679,0 -106.9616,37.9678,0 -106.9613,37.9678,0 -106.9609,37.9678,0 -106.9601,37.9676,0 -106.9595,37.9676,0 -106.9591,37.9675,0 -106.9588,37.9674,0 -106.9582,37.9671,0 -106.9578,37.9669,0 -106.9575,37.9667,0 -106.9567,37.966,0 -106.956,37.9655,0 -106.9549,37.9649,0 -106.9545,37.9645,0 -106.9544,37.9645,0 -106.9543,37.9642,0 -106.9542,37.964,0 -106.9539,37.9637,0 -106.9536,37.9634,0 -106.9531,37.963,0 -106.9527,37.9627,0 -106.9525,37.9625,0 -106.9522,37.9622,0 -106.952,37.962,0 -106.952,37.9619,0 -106.9519,37.9617,0 -106.9518,37.9615,0 -106.9517,37.9613,0 -106.9517,37.961,0 -106.9518,37.9608,0 -106.9519,37.9601,0 -106.952,37.9597,0 -106.9522,37.9592,0 -106.9523,37.9586,0 -106.9521,37.9582,0 -106.9521,37.9578,0 -106.952,37.9575,0 -106.952,37.9573,0 -106.9518,37.9571,0 -106.9515,37.9571,0 -106.9513,37.9571,0 -106.9509,37.957,0 -106.9507,37.9569,0 -106.9506,37.9567,0 -106.9504,37.9566,0 -106.9502,37.9566,0 -106.95,37.9566,0 -106.9492,37.9566,0 -106.9487,37.9564,0 -106.9485,37.9563,0 -106.9481,37.9562,0 -106.948,37.956,0 -106.9479,37.9557,0 -106.9477,37.9556,0 -106.9478,37.9554,0 -106.9477,37.9553,0 -106.9474,37.9551,0 -106.9474,37.955,0 -106.9473,37.9547,0 -106.9472,37.9547,0 -106.9471,37.9547,0 -106.947,37.9546,0 -106.9469,37.9545,0 -106.9467,37.9544,0 -106.9465,37.9542,0 -106.9463,37.954,0 -106.9461,37.9538,0 -106.946,37.9537,0 -106.9459,37.9535,0 -106.9457,37.9534,0 -106.9456,37.9533,0 -106.9455,37.9532,0 -106.9454,37.9531,0 -106.9453,37.9529,0 -106.9451,37.9527,0 -106.945,37.9524,0 -106.9449,37.9523,0 -106.9447,37.9525,0 -106.9444,37.9527,0 -106.9439,37.9529,0 -106.9433,37.9531,0 -106.9425,37.9536,0 -106.942,37.9539,0 -106.9418,37.954,0 -106.9416,37.9542,0 -106.9414,37.9544,0 -106.9414,37.9545,0 -106.9413,37.9546,0 -106.9411,37.9547,0 -106.9409,37.9547,0 -106.9406,37.9547,0 -106.9403,37.9548,0 -106.94,37.9551,0 -106.9396,37.9552,0 -106.9394,37.9553,0 -106.9393,37.9554,0 -106.9391,37.9555,0 -106.9389,37.9556,0 -106.9386,37.9557,0 -106.9384,37.9558,0 -106.9383,37.956,0 -106.9382,37.9561,0 -106.938,37.9561,0 -106.9375,37.9562,0 -106.9372,37.9562,0 -106.9372,37.9564,0 -106.9371,37.9566,0 -106.937,37.9568,0 -106.9369,37.9569,0 -106.9369,37.9571,0 -106.9368,37.9572,0 -106.9366,37.9575,0 -106.9363,37.9578,0 -106.936,37.9581,0 -106.9357,37.9584,0 -106.9355,37.9587,0 -106.9354,37.959,0 -106.9352,37.9592,0 -106.9351,37.9594,0 -106.9351,37.9596,0 -106.935,37.9598,0 -106.935,37.96,0 -106.9349,37.9602,0 -106.9349,37.9604,0 -106.935,37.9605,0 -106.935,37.9606,0 -106.9349,37.9608,0 -106.9348,37.9609,0 -106.9346,37.9609,0 -106.9343,37.9609,0 -106.9339,37.961,0 -106.9332,37.9611,0 -106.9329,37.9611,0 -106.9326,37.9612,0 -106.9324,37.9614,0 -106.9322,37.9615,0 -106.9319,37.9618,0 -106.9317,37.962,0 -106.9316,37.9622,0 -106.9314,37.9623,0 -106.9309,37.9624,0 -106.9307,37.9625,0 -106.9305,37.9627,0 -106.9303,37.9629,0 -106.9299,37.9632,0 -106.9298,37.9633,0 -106.9295,37.9635,0 -106.9291,37.9636,0 -106.9289,37.9638,0 -106.9286,37.964,0 -106.9284,37.9641,0 -106.9282,37.9642,0 -106.928,37.9643,0 -106.9279,37.9643,0 -106.9278,37.9642,0 -106.9277,37.9641,0 -106.9274,37.9642,0 -106.9272,37.9642,0 -106.9269,37.9643,0 -106.9267,37.9644,0 -106.9265,37.9644,0 -106.9263,37.9644,0 -106.9261,37.9644,0 -106.9258,37.9644,0 -106.9255,37.9645,0 -106.9249,37.9646,0 -106.9247,37.9646,0 -106.9244,37.9646,0 -106.9242,37.9646,0 -106.9241,37.9646,0 -106.9239,37.9646,0 -106.9237,37.9647,0 -106.9235,37.9649,0 -106.9232,37.9652,0 -106.9229,37.9655,0 -106.9225,37.9658,0 -106.9221,37.966,0 -106.9217,37.9663,0 -106.9214,37.9665,0 -106.9212,37.9666,0 -106.921,37.9668,0 -106.9207,37.9669,0 -106.9205,37.9671,0 -106.9203,37.9672,0 -106.9202,37.9673,0 -106.9203,37.9674,0 -106.9201,37.9674,0 -106.92,37.9674,0 -106.9196,37.9673,0 -106.9193,37.9672,0 -106.919,37.967,0 -106.9186,37.967,0 -106.9183,37.9669,0 -106.9181,37.9667,0 -106.9176,37.9665,0 -106.9172,37.9664,0 -106.9168,37.9663,0 -106.9167,37.9662,0 -106.9163,37.9662,0 -106.916,37.9662,0 -106.9156,37.9661,0 -106.9152,37.9661,0 -106.9147,37.9661,0 -106.9142,37.9662,0 -106.9137,37.9662,0 -106.9132,37.9663,0 -106.9129,37.9663,0 -106.9128,37.9663,0 -106.9125,37.9663,0 -106.9122,37.9663,0 -106.9119,37.9663,0 -106.9116,37.9663,0 -106.9114,37.9662,0 -106.9111,37.9661,0 -106.9109,37.9659,0 -106.9107,37.9658,0 -106.9106,37.9657,0 -106.9105,37.9656,0 -106.9104,37.9654,0 -106.9103,37.9652,0 -106.9102,37.965,0 -106.9101,37.9648,0 -106.91,37.9647,0 -106.9099,37.9645,0 -106.9097,37.9643,0 -106.9093,37.964,0 -106.9088,37.9637,0 -106.9086,37.9635,0 -106.9084,37.9634,0 -106.9082,37.9633,0 -106.9079,37.9633,0 -106.9073,37.9633,0 -106.907,37.9633,0 -106.9067,37.9633,0 -106.9064,37.9634,0 -106.9061,37.9635,0 -106.906,37.9635,0 -106.9057,37.9637,0 -106.9054,37.9638,0 -106.9051,37.9638,0 -106.905,37.9639,0 -106.9047,37.964,0 -106.9046,37.9641,0 -106.9044,37.9642,0 -106.9042,37.9644,0 -106.9041,37.9646,0 -106.9039,37.9648,0 -106.9034,37.9651,0 -106.9032,37.9652,0 -106.9028,37.9653,0 -106.9026,37.9654,0 -106.9024,37.9656,0 -106.902,37.9657,0 -106.9016,37.9658,0 -106.901,37.966,0 -106.9004,37.9662,0 -106.9002,37.9663,0 -106.8999,37.9665,0 -106.8995,37.9666,0 -106.8993,37.9668,0 -106.8992,37.9669,0 -106.899,37.967,0 -106.8988,37.9672,0 -106.8986,37.9673,0 -106.8985,37.9674,0 -106.8983,37.9675,0 -106.8981,37.9675,0 -106.8979,37.9676,0 -106.8978,37.9677,0 -106.8977,37.9678,0 -106.8976,37.9679,0 -106.8975,37.968,0 -106.8974,37.968,0 -106.8973,37.9679,0 -106.8972,37.9678,0 -106.8969,37.9678,0 -106.8967,37.9679,0 -106.8965,37.9678,0 -106.8962,37.9677,0 -106.896,37.9676,0 -106.8957,37.9675,0 -106.8954,37.9674,0 -106.8951,37.9673,0 -106.8948,37.9672,0 -106.8944,37.9669,0 -106.894,37.9667,0 -106.8938,37.9664,0 -106.8935,37.966,0 -106.8932,37.9656,0 -106.893,37.9654,0 -106.8927,37.9652,0 -106.8922,37.9649,0 -106.8919,37.9648,0 -106.8914,37.9645,0 -106.8911,37.9642,0 -106.8906,37.9639,0 -106.8905,37.9637,0 -106.8904,37.9635,0 -106.8902,37.9633,0 -106.89,37.9632,0 -106.8898,37.9631,0 -106.8897,37.963,0 -106.8895,37.9628,0 -106.8894,37.9626,0 -106.8891,37.9623,0 -106.889,37.962,0 -106.8888,37.9618,0 -106.8886,37.9616,0 -106.8884,37.9615,0 -106.8881,37.9614,0 -106.8879,37.9613,0 -106.8874,37.9613,0 -106.8869,37.9612,0 -106.8862,37.9613,0 -106.8857,37.9613,0 -106.885,37.9613,0 -106.8842,37.9613,0 -106.8836,37.9613,0 -106.8833,37.9613,0 -106.883,37.9613,0 -106.8827,37.9613,0 -106.8825,37.9612,0 -106.8823,37.9612,0 -106.8821,37.9611,0 -106.8814,37.961,0 -106.8806,37.9608,0 -106.8799,37.9605,0 -106.8794,37.96,0 -106.879,37.9596,0 -106.8787,37.959,0 -106.8784,37.9586,0 -106.8782,37.9583,0 -106.8779,37.958,0 -106.8779,37.9576,0 -106.8779,37.9572,0 -106.878,37.957,0 -106.8781,37.9568,0 -106.8782,37.9566,0 -106.8782,37.9564,0 -106.8783,37.9563,0 -106.8783,37.9561,0 -106.8784,37.956,0 -106.8784,37.9558,0 -106.8786,37.9554,0 -106.879,37.9551,0 -106.879,37.9548,0 -106.8791,37.9546,0 -106.8791,37.9544,0 -106.8792,37.9542,0 -106.8792,37.954,0 -106.8792,37.9538,0 -106.8792,37.9536,0 -106.8791,37.9534,0 -106.8791,37.9532,0 -106.8791,37.953,0 -106.8792,37.9527,0 -106.8792,37.9525,0 -106.8792,37.9521,0 -106.8792,37.9517,0 -106.8792,37.9513,0 -106.8792,37.951,0 -106.8794,37.9506,0 -106.8794,37.9504,0 -106.8795,37.9502,0 -106.8795,37.95,0 -106.8796,37.9498,0 -106.8795,37.9495,0 -106.8791,37.9493,0 -106.8788,37.9492,0 -106.878,37.9489,0 -106.8777,37.9489,0 -106.8775,37.9488,0 -106.8772,37.9486,0 -106.8771,37.9485,0 -106.877,37.9483,0 -106.8769,37.9481,0 -106.8769,37.9478,0 -106.8767,37.9476,0 -106.8766,37.9473,0 -106.8765,37.9471,0 -106.8763,37.9469,0 -106.8762,37.9467,0 -106.8761,37.9465,0 -106.876,37.9463,0 -106.876,37.9461,0 -106.8758,37.946,0 -106.8755,37.9457,0 -106.8753,37.9454,0 -106.8751,37.9452,0 -106.8748,37.945,0 -106.8743,37.9449,0 -106.8739,37.9448,0 -106.8737,37.9447,0 -106.8735,37.9445,0 -106.8735,37.9444,0 -106.8735,37.9442,0 -106.8733,37.9438,0 -106.8732,37.9435,0 -106.8726,37.9429,0 -106.8723,37.9425,0 -106.872,37.9422,0 -106.8719,37.9419,0 -106.8717,37.9418,0 -106.8715,37.9417,0 -106.8714,37.9414,0 -106.8712,37.941,0 -106.8711,37.9404,0 -106.8709,37.9401,0 -106.8703,37.9395,0 -106.8692,37.9388,0 -106.8687,37.9384,0 -106.8683,37.9383,0 -106.8678,37.938,0 -106.8673,37.9376,0 -106.867,37.9373,0 -106.8665,37.9368,0 -106.8663,37.9365,0 -106.8664,37.9363,0 -106.8665,37.9358,0 -106.8667,37.9351,0 -106.8667,37.9348,0 -106.8665,37.9343,0 -106.8663,37.9341,0 -106.8654,37.9336,0 -106.865,37.933,0 -106.8648,37.9326,0 -106.8647,37.9321,0 -106.8646,37.9318,0 -106.8644,37.9315,0 -106.864,37.931,0 -106.8637,37.9308,0 -106.8632,37.9305,0 -106.8623,37.9302,0 -106.8611,37.9299,0 -106.8601,37.9298,0 -106.8598,37.9298,0 -106.8597,37.9298,0 -106.8596,37.9298,0 -106.8594,37.9296,0 -106.8594,37.9295,0 -106.8594,37.9292,0 -106.8594,37.9287,0 -106.8592,37.9282,0 -106.859,37.9279,0 -106.8587,37.9275,0 -106.8583,37.9271,0 -106.858,37.9269,0 -106.8576,37.9268,0 -106.8574,37.9267,0 -106.8573,37.9265,0 -106.857,37.926,0 -106.8566,37.9254,0 -106.8565,37.9253,0 -106.8563,37.9251,0 -106.8559,37.9248,0 -106.8557,37.9246,0 -106.8547,37.9243,0 -106.8543,37.9242,0 -106.8536,37.9242,0 -106.8527,37.9242,0 -106.8517,37.924,0 -106.8516,37.924,0 -106.8513,37.924,0 -106.8512,37.9239,0 -106.8509,37.9236,0 -106.8504,37.9231,0 -106.85,37.9229,0 -106.8494,37.9224,0 -106.8487,37.9219,0 -106.8466,37.9207,0 -106.8461,37.9205,0 -106.8455,37.9204,0 -106.8454,37.9203,0 -106.8451,37.9198,0 -106.8448,37.9194,0 -106.8445,37.9191,0 -106.8443,37.9189,0 -106.8439,37.9187,0 -106.8425,37.9183,0 -106.8422,37.9182,0 -106.8419,37.9181,0 -106.8415,37.9179,0 -106.8411,37.9177,0 -106.8408,37.9174,0 -106.8405,37.9172,0 -106.8402,37.9171,0 -106.8399,37.917,0 -106.8397,37.917,0 -106.8394,37.917,0 -106.8388,37.9171,0 -106.8383,37.9172,0 -106.837,37.9175,0 -106.8364,37.9177,0 -106.8355,37.9178,0 -106.8347,37.918,0 -106.8343,37.918,0 -106.8341,37.9181,0 -106.8338,37.9181,0 -106.8331,37.9182,0 -106.8328,37.9182,0 -106.8324,37.9182,0 -106.8319,37.918,0 -106.8315,37.9178,0 -106.8313,37.9177,0 -106.8312,37.9176,0 -106.8311,37.9175,0 -106.8309,37.9175,0 -106.8304,37.9174,0 -106.8301,37.9172,0 -106.8299,37.9171,0 -106.8296,37.9169,0 -106.8292,37.9169,0 -106.8287,37.9168,0 -106.8283,37.9168,0 -106.8275,37.9169,0 -106.8266,37.9171,0 -106.8261,37.9172,0 -106.8258,37.9173,0 -106.8253,37.9175,0 -106.8251,37.9177,0 -106.825,37.9177,0 -106.8249,37.9178,0 -106.8248,37.9178,0 -106.8247,37.9177,0 -106.8245,37.9176,0 -106.8243,37.9175,0 -106.8241,37.9173,0 -106.8238,37.9172,0 -106.8232,37.9171,0 -106.8226,37.917,0 -106.8206,37.9164,0 -106.8199,37.916,0 -106.8196,37.916,0 -106.8193,37.9159,0 -106.8191,37.9159,0 -106.8188,37.9158,0 -106.8183,37.9156,0 -106.818,37.9154,0 -106.8177,37.9152,0 -106.8171,37.9147,0 -106.8168,37.9147,0 -106.8166,37.9146,0 -106.8164,37.9146,0 -106.8162,37.9145,0 -106.8159,37.9144,0 -106.8155,37.9143,0 -106.8151,37.9143,0 -106.8149,37.9143,0 -106.8144,37.9144,0 -106.8142,37.9144,0 -106.814,37.9146,0 -106.8134,37.9148,0 -106.813,37.9147,0 -106.8128,37.9146,0 -106.8123,37.9145,0 -106.8118,37.9145,0 -106.8111,37.9144,0 -106.8098,37.9144,0 -106.8092,37.9144,0 -106.8088,37.9144,0 -106.8085,37.9146,0 -106.8083,37.9148,0 -106.8081,37.915,0 -106.8076,37.9154,0 -106.8076,37.9155,0 -106.8073,37.9155,0 -106.8071,37.9156,0 -106.8068,37.9155,0 -106.8061,37.9154,0 -106.8057,37.9154,0 -106.8053,37.9154,0 -106.8049,37.9153,0 -106.8044,37.915,0 -106.8041,37.9149,0 -106.8033,37.9149,0 -106.8027,37.9149,0 -106.8019,37.9148,0 -106.801,37.9147,0 -106.8004,37.9147,0 -106.7996,37.9146,0 -106.7992,37.9146,0 -106.7987,37.9145,0 -106.7983,37.9143,0 -106.7976,37.9139,0 -106.7974,37.9136,0 -106.7973,37.9132,0 -106.7971,37.9128,0 -106.797,37.9124,0 -106.7968,37.9118,0 -106.7966,37.9116,0 -106.7963,37.9114,0 -106.7959,37.9112,0 -106.7956,37.9111,0 -106.7945,37.9106,0 -106.794,37.9103,0 -106.7933,37.91,0 -106.7931,37.9097,0 -106.7927,37.9093,0 -106.7926,37.909,0 -106.7925,37.9087,0 -106.7923,37.9086,0 -106.7909,37.9077,0 -106.7903,37.9073,0 -106.79,37.9067,0 -106.7899,37.9064,0 -106.7896,37.9062,0 -106.7893,37.9059,0 -106.7885,37.9053,0 -106.788,37.9048,0 -106.7874,37.904,0 -106.7865,37.9035,0 -106.7861,37.9031,0 -106.7856,37.9025,0 -106.7853,37.902,0 -106.785,37.9015,0 -106.7848,37.9013,0 -106.7842,37.9009,0 -106.7836,37.9005,0 -106.7833,37.9004,0 -106.7828,37.9003,0 -106.7822,37.9001,0 -106.7819,37.8999,0 -106.7812,37.8998,0 -106.7811,37.8996,0 -106.7808,37.8995,0 -106.7807,37.8993,0 -106.7805,37.8988,0 -106.7804,37.8983,0 -106.78,37.8971,0 -106.7797,37.8956,0 -106.7791,37.8937,0 -106.7784,37.8921,0 -106.7779,37.8918,0 -106.7775,37.8913,0 -106.7766,37.8905,0 -106.7749,37.8897,0 -106.7745,37.8896,0 -106.774,37.8895,0 -106.7739,37.8895,0 -106.7737,37.8894,0 -106.7735,37.8894,0 -106.7731,37.889,0 -106.7724,37.8884,0 -106.771,37.8876,0 -106.7701,37.8871,0 -106.7697,37.8869,0 -106.7696,37.8869,0 -106.7689,37.8865,0 -106.7667,37.8851,0 -106.7653,37.884,0 -106.7635,37.8832,0 -106.7624,37.8827,0 -106.7587,37.8817,0 -106.755,37.8807,0 -106.7539,37.8806,0 -106.753,37.8807,0 -106.7515,37.8811,0 -106.7504,37.8814,0 -106.7498,37.8816,0 -106.7492,37.8823,0 -106.7476,37.8836,0 -106.7471,37.8839,0 -106.7453,37.8848,0 -106.7438,37.8856,0 -106.7434,37.8858,0 -106.743,37.886,0 -106.7425,37.8862,0 -106.7416,37.8865,0 -106.7408,37.8867,0 -106.7398,37.8871,0 -106.7389,37.8874,0 -106.7381,37.8877,0 -106.7378,37.8879,0 -106.7375,37.888,0 -106.7372,37.8881,0 -106.737,37.8881,0 -106.7367,37.8882,0 -106.7366,37.8882,0 -106.7364,37.8881,0 -106.7363,37.888,0 -106.7362,37.8878,0 -106.7361,37.8874,0 -106.7358,37.8869,0 -106.7356,37.8866,0 -106.7352,37.8859,0 -106.7345,37.8853,0 -106.7342,37.8848,0 -106.7337,37.8841,0 -106.7335,37.8838,0 -106.7332,37.8836,0 -106.7327,37.8832,0 -106.7323,37.883,0 -106.7319,37.8827,0 -106.7317,37.8826,0 -106.7312,37.8822,0 -106.731,37.8821,0 -106.7307,37.8818,0 -106.7301,37.8812,0 -106.7296,37.8806,0 -106.7291,37.8801,0 -106.7288,37.8798,0 -106.7287,37.8796,0 -106.7285,37.8794,0 -106.7283,37.879,0 -106.7279,37.8784,0 -106.7278,37.8782,0 -106.7277,37.878,0 -106.7276,37.878,0 -106.7274,37.8778,0 -106.7269,37.8775,0 -106.7264,37.8772,0 -106.726,37.877,0 -106.7256,37.8768,0 -106.725,37.8766,0 -106.7246,37.8764,0 -106.7242,37.8762,0 -106.7236,37.8758,0 -106.723,37.8754,0 -106.7225,37.875,0 -106.7222,37.8748,0 -106.7218,37.8744,0 -106.7212,37.8741,0 -106.7206,37.8737,0 -106.7201,37.8734,0 -106.7196,37.8732,0 -106.7195,37.8731,0 -106.7188,37.8728,0 -106.7179,37.8725,0 -106.7174,37.8724,0 -106.7169,37.8723,0 -106.7166,37.8722,0 -106.7161,37.8721,0 -106.7155,37.8721,0 -106.7151,37.8721,0 -106.7146,37.8721,0 -106.7141,37.8721,0 -106.7136,37.8721,0 -106.713,37.8722,0 -106.7125,37.8723,0 -106.7118,37.8724,0 -106.7115,37.8725,0 -106.7112,37.8726,0 -106.7105,37.8729,0 -106.7104,37.8729,0 -106.7098,37.8732,0 -106.7077,37.8741,0 -106.7071,37.8744,0 -106.7058,37.875,0 -106.7049,37.8753,0 -106.7035,37.8757,0 -106.7022,37.8759,0 -106.7002,37.8761,0 -106.6978,37.8759,0 -106.6959,37.8751,0 -106.695,37.8745,0 -106.6933,37.8731,0 -106.6926,37.8727,0 -106.6923,37.8724,0 -106.6917,37.8718,0 -106.6912,37.8713,0 -106.6901,37.8707,0 -106.6897,37.87,0 -106.6896,37.8687,0 -106.6894,37.868,0 -106.6888,37.8673,0 -106.6879,37.8667,0 -106.6866,37.8662,0 -106.6851,37.8654,0 -106.6848,37.8653,0 -106.6845,37.8652,0 -106.6843,37.8651,0 -106.6841,37.865,0 -106.6839,37.865,0 -106.6835,37.8649,0 -106.6834,37.8649,0 -106.6832,37.8648,0 -106.6829,37.8648,0 -106.6826,37.8649,0 -106.6824,37.8649,0 -106.6822,37.865,0 -106.6821,37.865,0 -106.6819,37.865,0 -106.6818,37.865,0 -106.6817,37.865,0 -106.6816,37.8649,0 -106.6815,37.8647,0 -106.6814,37.8646,0 -106.6813,37.8642,0 -106.6812,37.8641,0 -106.6808,37.8634,0 -106.6806,37.8632,0 -106.6805,37.863,0 -106.6804,37.8626,0 -106.6804,37.8625,0 -106.6803,37.8622,0 -106.6803,37.8616,0 -106.6803,37.861,0 -106.6802,37.8605,0 -106.6802,37.8602,0 -106.6802,37.8601,0 -106.6802,37.86,0 -106.6803,37.8598,0 -106.6804,37.8596,0 -106.6804,37.8594,0 -106.6804,37.8593,0 -106.6807,37.8566,0 -106.6808,37.8554,0 -106.6807,37.8545,0 -106.6805,37.8539,0 -106.6799,37.8539,0 -106.6766,37.854,0 -106.6756,37.8542,0 -106.6748,37.8546,0 -106.674,37.855,0 -106.6731,37.8557,0 -106.6711,37.857,0 -106.6705,37.8575,0 -106.6705,37.8589,0 -106.6701,37.8607,0 -106.6692,37.8623,0 -106.6685,37.8637,0 -106.6681,37.8643,0 -106.667,37.8656,0 -106.6651,37.8674,0 -106.6623,37.8701,0 -106.6618,37.871,0 -106.6612,37.872,0 -106.6605,37.8727,0 -106.6603,37.8734,0 -106.6596,37.8748,0 -106.6591,37.8754,0 -106.6583,37.8762,0 -106.6575,37.877,0 -106.6566,37.8775,0 -106.6559,37.8779,0 -106.6552,37.8783,0 -106.655,37.8785,0 -106.6544,37.8788,0 -106.6543,37.8794,0 -106.6541,37.8805,0 -106.6532,37.8829,0 -106.6531,37.8831,0 -106.6531,37.8833,0 -106.6532,37.8839,0 -106.6532,37.8844,0 -106.6533,37.8849,0 -106.6533,37.8854,0 -106.6534,37.886,0 -106.6534,37.8863,0 -106.6535,37.8867,0 -106.6536,37.8869,0 -106.6536,37.8871,0 -106.6536,37.8872,0 -106.6536,37.8873,0 -106.6535,37.888,0 -106.6535,37.8882,0 -106.6536,37.8886,0 -106.6537,37.889,0 -106.6537,37.8891,0 -106.6537,37.8895,0 -106.6536,37.89,0 -106.6535,37.8904,0 -106.6535,37.8907,0 -106.6532,37.8914,0 -106.6531,37.8918,0 -106.6531,37.892,0 -106.653,37.8921,0 -106.652,37.8926,0 -106.6516,37.8929,0 -106.6511,37.8933,0 -106.6507,37.8935,0 -106.6497,37.8938,0 -106.6492,37.8944,0 -106.649,37.8948,0 -106.6483,37.8953,0 -106.6481,37.8958,0 -106.648,37.8963,0 -106.648,37.8971,0 -106.648,37.8977,0 -106.6479,37.8983,0 -106.6473,37.8993,0 -106.6467,37.9,0 -106.6461,37.9003,0 -106.6456,37.9005,0 -106.6449,37.9007,0 -106.6441,37.9009,0 -106.6436,37.9011,0 -106.6432,37.9014,0 -106.6426,37.9017,0 -106.642,37.9019,0 -106.6417,37.902,0 -106.6409,37.9021,0 -106.6402,37.9023,0 -106.639,37.9028,0 -106.6367,37.9034,0 -106.636,37.9038,0 -106.6355,37.9039,0 -106.6355,37.9034,0 -106.6354,37.9027,0 -106.635,37.9008,0 -106.6349,37.9002,0 -106.6346,37.8997,0 -106.6342,37.899,0 -106.6341,37.8984,0 -106.634,37.8978,0 -106.6338,37.8971,0 -106.6335,37.8966,0 -106.6331,37.8962,0 -106.6327,37.8955,0 -106.6324,37.8949,0 -106.632,37.8942,0 -106.6315,37.8933,0 -106.6314,37.8926,0 -106.6313,37.8923,0 -106.6316,37.8915,0 -106.6319,37.8911,0 -106.6322,37.8908,0 -106.6323,37.8906,0 -106.6322,37.8902,0 -106.6319,37.8893,0 -106.6316,37.8886,0 -106.6316,37.8874,0 -106.6313,37.8858,0 -106.6311,37.8849,0 -106.6307,37.8841,0 -106.6308,37.8836,0 -106.6304,37.8829,0 -106.6297,37.8822,0 -106.6282,37.881,0 -106.6279,37.8807,0 -106.6276,37.8805,0 -106.6272,37.8802,0 -106.6267,37.88,0 -106.6259,37.8797,0 -106.6258,37.8792,0 -106.6256,37.8784,0 -106.6253,37.8778,0 -106.6235,37.8764,0 -106.6229,37.8759,0 -106.6219,37.8755,0 -106.6212,37.8752,0 -106.6202,37.875,0 -106.6195,37.8751,0 -106.6193,37.8751,0 -106.6188,37.875,0 -106.6185,37.8748,0 -106.6183,37.8746,0 -106.6179,37.8742,0 -106.6179,37.874,0 -106.6178,37.874,0 -106.6172,37.8739,0 -106.6167,37.8738,0 -106.6161,37.8734,0 -106.6156,37.8729,0 -106.6144,37.8718,0 -106.6132,37.8712,0 -106.6121,37.8709,0 -106.611,37.8708,0 -106.6094,37.8708,0 -106.6089,37.8701,0 -106.6083,37.8689,0 -106.6077,37.8676,0 -106.6074,37.8668,0 -106.6061,37.8662,0 -106.6051,37.8661,0 -106.603,37.8657,0 -106.6027,37.8654,0 -106.6026,37.8653,0 -106.6024,37.8649,0 -106.6023,37.8644,0 -106.6018,37.8635,0 -106.6014,37.8631,0 -106.6007,37.8631,0 -106.5993,37.8629,0 -106.5984,37.8629,0 -106.5978,37.863,0 -106.5976,37.8627,0 -106.5973,37.8625,0 -106.5965,37.8616,0 -106.5953,37.8608,0 -106.5951,37.8607,0 -106.5943,37.8599,0 -106.5939,37.8595,0 -106.594,37.8594,0 -106.594,37.859,0 -106.5939,37.8585,0 -106.5939,37.8578,0 -106.5938,37.857,0 -106.5937,37.8567,0 -106.5936,37.8561,0 -106.5936,37.8555,0 -106.5936,37.8552,0 -106.5936,37.855,0 -106.5938,37.855,0 -106.5942,37.855,0 -106.595,37.855,0 -106.5951,37.8548,0 -106.595,37.8545,0 -106.5949,37.8541,0 -106.5946,37.8534,0 -106.5945,37.8527,0 -106.5945,37.8525,0 -106.5943,37.8524,0 -106.5942,37.8523,0 -106.5941,37.8521,0 -106.5941,37.8519,0 -106.5941,37.8518,0 -106.594,37.8517,0 -106.5938,37.8515,0 -106.5931,37.851,0 -106.5924,37.8504,0 -106.5915,37.8498,0 -106.5913,37.8497,0 -106.591,37.8495,0 -106.5904,37.849,0 -106.5896,37.8484,0 -106.5893,37.8481,0 -106.5887,37.8481,0 -106.5881,37.8477,0 -106.5876,37.8474,0 -106.5868,37.847,0 -106.5866,37.8468,0 -106.5859,37.8467,0 -106.5854,37.8466,0 -106.5842,37.8461,0 -106.5836,37.8455,0 -106.5833,37.8452,0 -106.5827,37.8447,0 -106.5822,37.8439,0 -106.5816,37.843,0 -106.5815,37.8427,0 -106.5813,37.8421,0 -106.5812,37.8414,0 -106.5813,37.8409,0 -106.5814,37.8406,0 -106.5815,37.8403,0 -106.5815,37.84,0 -106.5813,37.8396,0 -106.5812,37.8394,0 -106.581,37.8389,0 -106.5809,37.8381,0 -106.5808,37.8378,0 -106.5806,37.8378,0 -106.5803,37.8377,0 -106.5799,37.8374,0 -106.5794,37.837,0 -106.5791,37.8366,0 -106.5782,37.8359,0 -106.5777,37.8363,0 -106.5774,37.8364,0 -106.5772,37.8365,0 -106.5768,37.8368,0 -106.5755,37.8376,0 -106.5757,37.8378,0 -106.5764,37.8384,0 -106.5766,37.8388,0 -106.5768,37.8397,0 -106.5767,37.8401,0 -106.5765,37.8403,0 -106.5761,37.8405,0 -106.5757,37.841,0 -106.5758,37.8411,0 -106.576,37.8414,0 -106.576,37.8416,0 -106.5758,37.8419,0 -106.5754,37.8421,0 -106.5745,37.8425,0 -106.5736,37.8427,0 -106.5732,37.8423,0 -106.573,37.8422,0 -106.5724,37.8421,0 -106.572,37.8422,0 -106.5717,37.8425,0 -106.5714,37.843,0 -106.5712,37.843,0 -106.5711,37.8427,0 -106.5709,37.8421,0 -106.5707,37.8416,0 -106.5703,37.8412,0 -106.5696,37.8408,0 -106.5688,37.8406,0 -106.5682,37.8404,0 -106.568,37.8404,0 -106.5676,37.8404,0 -106.5671,37.8405,0 -106.5668,37.8406,0 -106.5659,37.841,0 -106.5654,37.8413,0 -106.5647,37.8417,0 -106.5638,37.842,0 -106.5636,37.8422,0 -106.5635,37.8424,0 -106.5622,37.8428,0 -106.5619,37.8431,0 -106.562,37.8436,0 -106.5622,37.844,0 -106.5623,37.8442,0 -106.5625,37.8444,0 -106.5628,37.8449,0 -106.563,37.8455,0 -106.563,37.8462,0 -106.5631,37.847,0 -106.5631,37.8477,0 -106.5633,37.8483,0 -106.5633,37.8485,0 -106.5631,37.8487,0 -106.5627,37.849,0 -106.5626,37.8491,0 -106.5621,37.8493,0 -106.5613,37.8495,0 -106.5611,37.8501,0 -106.5608,37.8506,0 -106.5603,37.851,0 -106.5601,37.8508,0 -106.5596,37.8509,0 -106.5585,37.8513,0 -106.5582,37.8515,0 -106.5582,37.8518,0 -106.558,37.852,0 -106.5574,37.8523,0 -106.5571,37.8524,0 -106.5564,37.8524,0 -106.5562,37.8524,0 -106.5559,37.8523,0 -106.5556,37.8524,0 -106.5551,37.8525,0 -106.5545,37.8527,0 -106.5539,37.8528,0 -106.5533,37.8529,0 -106.5522,37.8532,0 -106.5517,37.8534,0 -106.5514,37.8534,0 -106.5508,37.8534,0 -106.5502,37.8534,0 -106.5492,37.8533,0 -106.5482,37.8533,0 -106.5472,37.853,0 -106.5464,37.8528,0 -106.5458,37.8524,0 -106.5451,37.8519,0 -106.5448,37.8515,0 -106.5442,37.8512,0 -106.5439,37.8511,0 -106.5432,37.8509,0 -106.5426,37.8509,0 -106.5423,37.8507,0 -106.5417,37.8504,0 -106.5412,37.85,0 -106.5408,37.8497,0 -106.5406,37.8497,0 -106.5402,37.8501,0 -106.5398,37.8502,0 -106.5387,37.8507,0 -106.5372,37.8512,0 -106.5354,37.8518,0 -106.5349,37.8521,0 -106.5344,37.8524,0 -106.5339,37.8525,0 -106.5336,37.8524,0 -106.5326,37.8521,0 -106.5321,37.8519,0 -106.5318,37.8516,0 -106.5312,37.8511,0 -106.5306,37.8508,0 -106.5301,37.8504,0 -106.5295,37.85,0 -106.5288,37.8497,0 -106.5279,37.8494,0 -106.5272,37.8491,0 -106.5267,37.8491,0 -106.5261,37.8493,0 -106.5257,37.8495,0 -106.5252,37.8499,0 -106.5245,37.8501,0 -106.5239,37.8504,0 -106.523,37.8507,0 -106.5226,37.8508,0 -106.5223,37.8507,0 -106.5216,37.8507,0 -106.5215,37.8505,0 -106.5213,37.8501,0 -106.5212,37.8495,0 -106.5213,37.8491,0 -106.521,37.8483,0 -106.5204,37.8472,0 -106.52,37.8467,0 -106.5193,37.8465,0 -106.5187,37.8463,0 -106.5183,37.8461,0 -106.5182,37.8459,0 -106.5181,37.8455,0 -106.5181,37.8452,0 -106.5183,37.8446,0 -106.5184,37.8442,0 -106.5178,37.8443,0 -106.5173,37.8445,0 -106.5169,37.8447,0 -106.5164,37.8449,0 -106.5161,37.8449,0 -106.5149,37.8445,0 -106.514,37.844,0 -106.5133,37.8437,0 -106.5123,37.8435,0 -106.5114,37.8431,0 -106.5102,37.8427,0 -106.5087,37.8422,0 -106.5083,37.842,0 -106.508,37.8418,0 -106.5074,37.8414,0 -106.5072,37.8408,0 -106.5071,37.8402,0 -106.507,37.8399,0 -106.5071,37.8397,0 -106.5068,37.8394,0 -106.5066,37.8391,0 -106.5064,37.8389,0 -106.5058,37.8389,0 -106.5054,37.8389,0 -106.5048,37.8388,0 -106.504,37.8386,0 -106.5038,37.8385,0 -106.5037,37.8388,0 -106.5035,37.8391,0 -106.503,37.8397,0 -106.5026,37.84,0 -106.5023,37.8401,0 -106.502,37.84,0 -106.5014,37.84,0 -106.5007,37.8399,0 -106.5002,37.8399,0 -106.5,37.8399,0 -106.4998,37.84,0 -106.4994,37.8397,0 -106.4989,37.8391,0 -106.4983,37.8385,0 -106.4978,37.8379,0 -106.4977,37.8377,0 -106.4975,37.8373,0 -106.4972,37.8372,0 -106.4964,37.837,0 -106.4959,37.8367,0 -106.4953,37.8363,0 -106.4944,37.836,0 -106.494,37.8358,0 -106.4937,37.8356,0 -106.4933,37.8356,0 -106.4925,37.8355,0 -106.4918,37.8353,0 -106.4913,37.835,0 -106.4908,37.8349,0 -106.4903,37.835,0 -106.4896,37.8351,0 -106.4882,37.835,0 -106.4873,37.8349,0 -106.4861,37.8346,0 -106.4857,37.8344,0 -106.4852,37.8342,0 -106.4849,37.8345,0 -106.4845,37.8347,0 -106.4833,37.8349,0 -106.4822,37.8348,0 -106.4812,37.8346,0 -106.4807,37.8344,0 -106.4805,37.8342,0 -106.4797,37.8343,0 -106.4791,37.8342,0 -106.4782,37.8339,0 -106.4779,37.8339,0 -106.4772,37.8336,0 -106.4768,37.8334,0 -106.4762,37.833,0 -106.4758,37.8328,0 -106.4754,37.8326,0 -106.4745,37.8323,0 -106.4736,37.8321,0 -106.4725,37.8317,0 -106.4716,37.8316,0 -106.4709,37.8318,0 -106.4701,37.8318,0 -106.4697,37.8318,0 -106.4687,37.8315,0 -106.46810784915073,37.831302616383574,0 -106.46380614442876,37.61275847409498,0</coordinates></LinearRing></outerBoundaryIs></Polygon></MultiGeometry></Placemark>
</Folder>
<Folder><name>Senator Beck Basin, CO (lidar)</name>
<Placemark><name>Senator Beck Basin 2016-09-26</name><description>ASO snow-off DTM (bare-earth reference, ASO_3M_PCDTM) | overlaps UAVSAR: irnton,tellur | snow-off DTM (bare-earth reference surface)</description><Style><LineStyle><color>ffff00ff</color><width>3</width></LineStyle><PolyStyle><color>2dff00ff</color></PolyStyle></Style><MultiGeometry><Polygon><outerBoundaryIs><LinearRing><coordinates>-107.75212,37.9388,0 -107.74904,37.85607,0 -107.6725,37.85784,0 -107.67549,37.94057,0 -107.75212,37.9388,0</coordinates></LinearRing></outerBoundaryIs></Polygon></MultiGeometry></Placemark>
<Placemark><name>Senator Beck Basin 2017-02-08</name><description>ASO SnowEx17 Senator Beck/Red Mtn Pass; product not in NSIDC/ASO archives, footprint proxied from 2014 Uncompahgre flight; approx footprint | overlaps UAVSAR: irnton,tellur | ASO SnowEx17 Senator Beck/Red Mtn Pass; product not in NSIDC/ASO archives, footprint proxied from 2014 Uncompahgre flight; approx footprint</description><Style><LineStyle><color>ffff00ff</color><width>3</width></LineStyle><PolyStyle><color>2dff00ff</color></PolyStyle></Style><MultiGeometry><Polygon><outerBoundaryIs><LinearRing><coordinates>-107.8132314585802,38.202202794088876,0 -107.81694639913646,38.19490562451856,0 -107.82698568565999,38.18880762774606,0 -107.8436107669609,38.1906583541429,0 -107.85699805935862,38.18267463538952,0 -107.86784948826518,38.18286039157411,0 -107.88008957773543,38.18931800892747,0 -107.89792670823505,38.17851738553176,0 -107.89543222421975,38.173173025280434,0 -107.90045607919697,38.1703459735785,0 -107.93081428748,38.17319555271056,0 -107.93912116974195,38.181096603889465,0 -107.94342866130063,38.17468174483379,0 -107.96743108864364,38.16146344732969,0 -107.96495052012172,38.15657076485362,0 -107.9690352859511,38.14475474860913,0 -107.95824443943864,38.1459282339893,0 -107.95581958380595,38.14238540112692,0 -107.94958760503896,38.14344317764399,0 -107.95031014682212,38.13306369162321,0 -107.94578819345212,38.13407825831524,0 -107.95165667052744,38.124019980956554,0 -107.95221572893607,38.10959013296345,0 -107.94280380990304,38.11658386522519,0 -107.93096721237359,38.120033470734946,0 -107.9261940783163,38.11474660382716,0 -107.92240405231284,38.11979647586589,0 -107.90396002343904,38.114848230368345,0 -107.90006152195923,38.11719709689808,0 -107.88947017717638,38.10889878193995,0 -107.88918838300826,38.087281692886805,0 -107.89548876742285,38.07361147062033,0 -107.8906504403398,38.06652263591424,0 -107.89369357652927,38.056987147772034,0 -107.88811049384631,38.04541148402823,0 -107.89314393604099,38.043035098948806,0 -107.90045396604168,38.02618621036107,0 -107.89129736121188,38.02506040679906,0 -107.89083725590088,38.01335860270317,0 -107.88319489010526,38.0072393030146,0 -107.86163168182203,38.00911796111646,0 -107.84213394204608,38.00553660522522,0 -107.84139127550316,38.001049460884026,0 -107.84916274366985,37.99590567757698,0 -107.84902335226131,37.99230497448844,0 -107.83764868668233,37.99258018393004,0 -107.82494635471924,37.98793057251838,0 -107.81422688096522,37.99044031956684,0 -107.80328377160515,37.98709773834441,0 -107.79537304596943,37.98863770950368,0 -107.78705298950202,37.97937445855329,0 -107.7897257723061,37.97480588039375,0 -107.78070361422861,37.96195463984755,0 -107.76070369518484,37.95972290982843,0 -107.75538503562339,37.95444143768782,0 -107.74849607342654,37.95280060841014,0 -107.74349598122123,37.94075327653269,0 -107.73888203172373,37.939058750768545,0 -107.732848034167,37.92973813267678,0 -107.73818069793528,37.90483518851828,0 -107.7318981648799,37.90408023157676,0 -107.72255947716022,37.89753885940007,0 -107.70897544827677,37.899204085329835,0 -107.7070732226842,37.89384152852209,0 -107.69507861907698,37.89231483751064,0 -107.68917438664987,37.901911114088165,0 -107.68344419777013,37.90069039123286,0 -107.67903000435071,37.90439526680224,0 -107.66589782532706,37.90289151829605,0 -107.66157995101081,37.90929676516201,0 -107.65245668687184,37.90860180074563,0 -107.64651332323348,37.917295827576794,0 -107.63426887118857,37.92477927750556,0 -107.62082990913197,37.91471722277757,0 -107.61297570555973,37.93381449963517,0 -107.59783515299308,37.940006933469704,0 -107.58690839492364,37.952862866762985,0 -107.56847552797883,37.9627282827633,0 -107.56973839073757,37.96630498573841,0 -107.58807766186492,37.969957504804164,0 -107.58427061167667,37.974997149958355,0 -107.59111257500915,37.99151631223114,0 -107.58662507681758,37.9934172924056,0 -107.58743132315378,38.00015755545676,0 -107.60242992989517,38.00568331262374,0 -107.60374308067303,38.01061007646982,0 -107.62405891000832,38.02142142801546,0 -107.62169517186037,38.03499006259165,0 -107.6166688156598,38.03780528855303,0 -107.61739834638706,38.04229432532504,0 -107.61232331303464,38.04375886950482,0 -107.60867430956316,38.05330106032404,0 -107.61278762232664,38.0568138704218,0 -107.61429492151812,38.067142470560476,0 -107.62781049378754,38.07855454324049,0 -107.62627921720981,38.083544575060664,0 -107.62993852341135,38.09022055805872,0 -107.64915761293597,38.101502157740185,0 -107.65343855987187,38.1095148855117,0 -107.66102480115752,38.1142989235753,0 -107.66267141575946,38.12822770698841,0 -107.65269171723119,38.151880654627,0 -107.65410937811951,38.15950742038594,0 -107.6611145100251,38.1638539697065,0 -107.66145845794725,38.173307029142904,0 -107.67034053493816,38.18211556508909,0 -107.67780370958239,38.183297030991646,0 -107.6774477552164,38.18916184401915,0 -107.68549862990426,38.190779907836124,0 -107.68358090673588,38.200735083070114,0 -107.69059178715938,38.20507963311135,0 -107.8132314585802,38.202202794088876,0</coordinates></LinearRing></outerBoundaryIs></Polygon></MultiGeometry></Placemark>
</Folder>
<Folder><name>Uncompahgre Basin, CO (lidar)</name>
<Placemark><name>Uncompahgre Basin 2014-09-10</name><description>ASO snow-off DTM (bare-earth reference, ASO_3M_PCDTM) | overlaps UAVSAR: irnton,tellur | snow-off DTM (bare-earth reference surface)</description><Style><LineStyle><color>ffff00ff</color><width>3</width></LineStyle><PolyStyle><color>2dff00ff</color></PolyStyle></Style><MultiGeometry><Polygon><outerBoundaryIs><LinearRing><coordinates>-107.97235,38.19827,0 -107.95966,37.88416,0 -107.56207,37.89349,0 -107.57305,38.20771,0 -107.97235,38.19827,0</coordinates></LinearRing></outerBoundaryIs></Polygon></MultiGeometry></Placemark>
<Placemark><name>Uncompahgre Basin 2014-03-20</name><description>ASO lidar (NSIDC 2013-19) | overlaps UAVSAR: irnton,tellur | footprint from local product (CMR metadata corrupt)</description><Style><LineStyle><color>ffff00ff</color><width>3</width></LineStyle><PolyStyle><color>2dff00ff</color></PolyStyle></Style><MultiGeometry><Polygon><outerBoundaryIs><LinearRing><coordinates>-107.8132314585802,38.202202794088876,0 -107.81694639913646,38.19490562451856,0 -107.82698568565999,38.18880762774606,0 -107.8436107669609,38.1906583541429,0 -107.85699805935862,38.18267463538952,0 -107.86784948826518,38.18286039157411,0 -107.88008957773543,38.18931800892747,0 -107.89792670823505,38.17851738553176,0 -107.89543222421975,38.173173025280434,0 -107.90045607919697,38.1703459735785,0 -107.93081428748,38.17319555271056,0 -107.93912116974195,38.181096603889465,0 -107.94342866130063,38.17468174483379,0 -107.96743108864364,38.16146344732969,0 -107.96495052012172,38.15657076485362,0 -107.9690352859511,38.14475474860913,0 -107.95824443943864,38.1459282339893,0 -107.95581958380595,38.14238540112692,0 -107.94958760503896,38.14344317764399,0 -107.95031014682212,38.13306369162321,0 -107.94578819345212,38.13407825831524,0 -107.95165667052744,38.124019980956554,0 -107.95221572893607,38.10959013296345,0 -107.94280380990304,38.11658386522519,0 -107.93096721237359,38.120033470734946,0 -107.9261940783163,38.11474660382716,0 -107.92240405231284,38.11979647586589,0 -107.90396002343904,38.114848230368345,0 -107.90006152195923,38.11719709689808,0 -107.88947017717638,38.10889878193995,0 -107.88918838300826,38.087281692886805,0 -107.89548876742285,38.07361147062033,0 -107.8906504403398,38.06652263591424,0 -107.89369357652927,38.056987147772034,0 -107.88811049384631,38.04541148402823,0 -107.89314393604099,38.043035098948806,0 -107.90045396604168,38.02618621036107,0 -107.89129736121188,38.02506040679906,0 -107.89083725590088,38.01335860270317,0 -107.88319489010526,38.0072393030146,0 -107.86163168182203,38.00911796111646,0 -107.84213394204608,38.00553660522522,0 -107.84139127550316,38.001049460884026,0 -107.84916274366985,37.99590567757698,0 -107.84902335226131,37.99230497448844,0 -107.83764868668233,37.99258018393004,0 -107.82494635471924,37.98793057251838,0 -107.81422688096522,37.99044031956684,0 -107.80328377160515,37.98709773834441,0 -107.79537304596943,37.98863770950368,0 -107.78705298950202,37.97937445855329,0 -107.7897257723061,37.97480588039375,0 -107.78070361422861,37.96195463984755,0 -107.76070369518484,37.95972290982843,0 -107.75538503562339,37.95444143768782,0 -107.74849607342654,37.95280060841014,0 -107.74349598122123,37.94075327653269,0 -107.73888203172373,37.939058750768545,0 -107.732848034167,37.92973813267678,0 -107.73818069793528,37.90483518851828,0 -107.7318981648799,37.90408023157676,0 -107.72255947716022,37.89753885940007,0 -107.70897544827677,37.899204085329835,0 -107.7070732226842,37.89384152852209,0 -107.69507861907698,37.89231483751064,0 -107.68917438664987,37.901911114088165,0 -107.68344419777013,37.90069039123286,0 -107.67903000435071,37.90439526680224,0 -107.66589782532706,37.90289151829605,0 -107.66157995101081,37.90929676516201,0 -107.65245668687184,37.90860180074563,0 -107.64651332323348,37.917295827576794,0 -107.63426887118857,37.92477927750556,0 -107.62082990913197,37.91471722277757,0 -107.61297570555973,37.93381449963517,0 -107.59783515299308,37.940006933469704,0 -107.58690839492364,37.952862866762985,0 -107.56847552797883,37.9627282827633,0 -107.56973839073757,37.96630498573841,0 -107.58807766186492,37.969957504804164,0 -107.58427061167667,37.974997149958355,0 -107.59111257500915,37.99151631223114,0 -107.58662507681758,37.9934172924056,0 -107.58743132315378,38.00015755545676,0 -107.60242992989517,38.00568331262374,0 -107.60374308067303,38.01061007646982,0 -107.62405891000832,38.02142142801546,0 -107.62169517186037,38.03499006259165,0 -107.6166688156598,38.03780528855303,0 -107.61739834638706,38.04229432532504,0 -107.61232331303464,38.04375886950482,0 -107.60867430956316,38.05330106032404,0 -107.61278762232664,38.0568138704218,0 -107.61429492151812,38.067142470560476,0 -107.62781049378754,38.07855454324049,0 -107.62627921720981,38.083544575060664,0 -107.62993852341135,38.09022055805872,0 -107.64915761293597,38.101502157740185,0 -107.65343855987187,38.1095148855117,0 -107.66102480115752,38.1142989235753,0 -107.66267141575946,38.12822770698841,0 -107.65269171723119,38.151880654627,0 -107.65410937811951,38.15950742038594,0 -107.6611145100251,38.1638539697065,0 -107.66145845794725,38.173307029142904,0 -107.67034053493816,38.18211556508909,0 -107.67780370958239,38.183297030991646,0 -107.6774477552164,38.18916184401915,0 -107.68549862990426,38.190779907836124,0 -107.68358090673588,38.200735083070114,0 -107.69059178715938,38.20507963311135,0 -107.8132314585802,38.202202794088876,0</coordinates></LinearRing></outerBoundaryIs></Polygon></MultiGeometry></Placemark>
<Placemark><name>Uncompahgre Basin 2015-04-30</name><description>ASO Uncompahgre (not in CMR) | overlaps UAVSAR: irnton,tellur | ASO Uncompahgre (not in CMR)</description><Style><LineStyle><color>ffff00ff</color><width>3</width></LineStyle><PolyStyle><color>2dff00ff</color></PolyStyle></Style><MultiGeometry><Polygon><outerBoundaryIs><LinearRing><coordinates>-107.8132314585802,38.202202794088876,0 -107.81694639913646,38.19490562451856,0 -107.82698568565999,38.18880762774606,0 -107.8436107669609,38.1906583541429,0 -107.85699805935862,38.18267463538952,0 -107.86784948826518,38.18286039157411,0 -107.88008957773543,38.18931800892747,0 -107.89792670823505,38.17851738553176,0 -107.89543222421975,38.173173025280434,0 -107.90045607919697,38.1703459735785,0 -107.93081428748,38.17319555271056,0 -107.93912116974195,38.181096603889465,0 -107.94342866130063,38.17468174483379,0 -107.96743108864364,38.16146344732969,0 -107.96495052012172,38.15657076485362,0 -107.9690352859511,38.14475474860913,0 -107.95824443943864,38.1459282339893,0 -107.95581958380595,38.14238540112692,0 -107.94958760503896,38.14344317764399,0 -107.95031014682212,38.13306369162321,0 -107.94578819345212,38.13407825831524,0 -107.95165667052744,38.124019980956554,0 -107.95221572893607,38.10959013296345,0 -107.94280380990304,38.11658386522519,0 -107.93096721237359,38.120033470734946,0 -107.9261940783163,38.11474660382716,0 -107.92240405231284,38.11979647586589,0 -107.90396002343904,38.114848230368345,0 -107.90006152195923,38.11719709689808,0 -107.88947017717638,38.10889878193995,0 -107.88918838300826,38.087281692886805,0 -107.89548876742285,38.07361147062033,0 -107.8906504403398,38.06652263591424,0 -107.89369357652927,38.056987147772034,0 -107.88811049384631,38.04541148402823,0 -107.89314393604099,38.043035098948806,0 -107.90045396604168,38.02618621036107,0 -107.89129736121188,38.02506040679906,0 -107.89083725590088,38.01335860270317,0 -107.88319489010526,38.0072393030146,0 -107.86163168182203,38.00911796111646,0 -107.84213394204608,38.00553660522522,0 -107.84139127550316,38.001049460884026,0 -107.84916274366985,37.99590567757698,0 -107.84902335226131,37.99230497448844,0 -107.83764868668233,37.99258018393004,0 -107.82494635471924,37.98793057251838,0 -107.81422688096522,37.99044031956684,0 -107.80328377160515,37.98709773834441,0 -107.79537304596943,37.98863770950368,0 -107.78705298950202,37.97937445855329,0 -107.7897257723061,37.97480588039375,0 -107.78070361422861,37.96195463984755,0 -107.76070369518484,37.95972290982843,0 -107.75538503562339,37.95444143768782,0 -107.74849607342654,37.95280060841014,0 -107.74349598122123,37.94075327653269,0 -107.73888203172373,37.939058750768545,0 -107.732848034167,37.92973813267678,0 -107.73818069793528,37.90483518851828,0 -107.7318981648799,37.90408023157676,0 -107.72255947716022,37.89753885940007,0 -107.70897544827677,37.899204085329835,0 -107.7070732226842,37.89384152852209,0 -107.69507861907698,37.89231483751064,0 -107.68917438664987,37.901911114088165,0 -107.68344419777013,37.90069039123286,0 -107.67903000435071,37.90439526680224,0 -107.66589782532706,37.90289151829605,0 -107.66157995101081,37.90929676516201,0 -107.65245668687184,37.90860180074563,0 -107.64651332323348,37.917295827576794,0 -107.63426887118857,37.92477927750556,0 -107.62082990913197,37.91471722277757,0 -107.61297570555973,37.93381449963517,0 -107.59783515299308,37.940006933469704,0 -107.58690839492364,37.952862866762985,0 -107.56847552797883,37.9627282827633,0 -107.56973839073757,37.96630498573841,0 -107.58807766186492,37.969957504804164,0 -107.58427061167667,37.974997149958355,0 -107.59111257500915,37.99151631223114,0 -107.58662507681758,37.9934172924056,0 -107.58743132315378,38.00015755545676,0 -107.60242992989517,38.00568331262374,0 -107.60374308067303,38.01061007646982,0 -107.62405891000832,38.02142142801546,0 -107.62169517186037,38.03499006259165,0 -107.6166688156598,38.03780528855303,0 -107.61739834638706,38.04229432532504,0 -107.61232331303464,38.04375886950482,0 -107.60867430956316,38.05330106032404,0 -107.61278762232664,38.0568138704218,0 -107.61429492151812,38.067142470560476,0 -107.62781049378754,38.07855454324049,0 -107.62627921720981,38.083544575060664,0 -107.62993852341135,38.09022055805872,0 -107.64915761293597,38.101502157740185,0 -107.65343855987187,38.1095148855117,0 -107.66102480115752,38.1142989235753,0 -107.66267141575946,38.12822770698841,0 -107.65269171723119,38.151880654627,0 -107.65410937811951,38.15950742038594,0 -107.6611145100251,38.1638539697065,0 -107.66145845794725,38.173307029142904,0 -107.67034053493816,38.18211556508909,0 -107.67780370958239,38.183297030991646,0 -107.6774477552164,38.18916184401915,0 -107.68549862990426,38.190779907836124,0 -107.68358090673588,38.200735083070114,0 -107.69059178715938,38.20507963311135,0 -107.8132314585802,38.202202794088876,0</coordinates></LinearRing></outerBoundaryIs></Polygon></MultiGeometry></Placemark>
</Folder>
<Folder><name>Banner Summit, ID (lidar)</name>
<Placemark><name>Banner Summit 2020-02-18</name><description>QSI lidar 0.5m/3m (SNEX20_QSI_SD[_3m]) | overlaps UAVSAR: lowman</description><Style><LineStyle><color>ffff00ff</color><width>3</width></LineStyle><PolyStyle><color>2dff00ff</color></PolyStyle></Style><MultiGeometry><Polygon><outerBoundaryIs><LinearRing><coordinates>-115.281,44.1953,0 -115.092,44.1923,0 -115.087,44.3411,0 -115.277,44.3442,0 -115.281,44.1953,0</coordinates></LinearRing></outerBoundaryIs></Polygon></MultiGeometry></Placemark>
<Placemark><name>Banner Summit 2021-03-15</name><description>QSI lidar 0.5m/3m (SNEX20_QSI_SD[_3m]) | overlaps UAVSAR: lowman</description><Style><LineStyle><color>ffff00ff</color><width>3</width></LineStyle><PolyStyle><color>2dff00ff</color></PolyStyle></Style><MultiGeometry><Polygon><outerBoundaryIs><LinearRing><coordinates>-115.281,44.1953,0 -115.092,44.1923,0 -115.087,44.3411,0 -115.277,44.3442,0 -115.281,44.1953,0</coordinates></LinearRing></outerBoundaryIs></Polygon></MultiGeometry></Placemark>
</Folder>
<Folder><name>Dry Creek, ID (lidar)</name>
<Placemark><name>Dry Creek 2020-02-19</name><description>QSI lidar 0.5m/3m (SNEX20_QSI_SD[_3m]) | overlaps UAVSAR: lowman</description><Style><LineStyle><color>ffff00ff</color><width>3</width></LineStyle><PolyStyle><color>2dff00ff</color></PolyStyle></Style><MultiGeometry><Polygon><outerBoundaryIs><LinearRing><coordinates>-116.146,43.695,0 -116.063,43.6944,0 -116.061,43.7977,0 -116.144,43.7983,0 -116.146,43.695,0</coordinates></LinearRing></outerBoundaryIs></Polygon></MultiGeometry></Placemark>
</Folder>
<Folder><name>Mores Creek Summit, ID (lidar)</name>
<Placemark><name>Mores Creek Summit 2020-02-09</name><description>QSI lidar 0.5m/3m (SNEX20_QSI_SD[_3m]) | overlaps UAVSAR: idahos,lowman</description><Style><LineStyle><color>ffff00ff</color><width>3</width></LineStyle><PolyStyle><color>2dff00ff</color></PolyStyle></Style><MultiGeometry><Polygon><outerBoundaryIs><LinearRing><coordinates>-115.735,43.9083,0 -115.637,43.9072,0 -115.635,43.9828,0 -115.734,43.984,0 -115.735,43.9083,0</coordinates></LinearRing></outerBoundaryIs></Polygon></MultiGeometry></Placemark>
<Placemark><name>Mores Creek Summit 2021-03-15</name><description>QSI lidar 0.5m/3m (SNEX20_QSI_SD[_3m]) | overlaps UAVSAR: idahos,lowman</description><Style><LineStyle><color>ffff00ff</color><width>3</width></LineStyle><PolyStyle><color>2dff00ff</color></PolyStyle></Style><MultiGeometry><Polygon><outerBoundaryIs><LinearRing><coordinates>-115.735,43.9083,0 -115.637,43.9072,0 -115.635,43.9828,0 -115.734,43.984,0 -115.735,43.9083,0</coordinates></LinearRing></outerBoundaryIs></Polygon></MultiGeometry></Placemark>
</Folder>
<Folder><name>Reynolds Creek, ID (lidar)</name>
<Placemark><name>Reynolds Creek 2020-02-18</name><description>ASO SnowEx20 (Reynolds Creek, flown Feb 18-19) | overlaps UAVSAR: silver | ASO SnowEx20 (Reynolds Creek, flown Feb 18-19)</description><Style><LineStyle><color>ffff00ff</color><width>3</width></LineStyle><PolyStyle><color>2dff00ff</color></PolyStyle></Style><MultiGeometry><Polygon><outerBoundaryIs><LinearRing><coordinates>-116.79000745996407,43.15158759425292,0 -116.76292206669876,43.158738565929106,0 -116.7438998462993,43.14834198041838,0 -116.72921751812912,43.13119890110825,0 -116.71510572171604,43.12531145140528,0 -116.72255307051802,43.109571147924136,0 -116.71769483410549,43.09695235181483,0 -116.72816942320199,43.09022399762861,0 -116.7411783576853,43.064589966269,0 -116.75101081413851,43.06281078063446,0 -116.75959879699734,43.06508039374967,0 -116.76206555846267,43.0623840481378,0 -116.76695068456971,43.06959810003684,0 -116.78659954265757,43.070536926172075,0 -116.79154160525113,43.061991285064856,0 -116.79952717806046,43.061105051546846,0 -116.80564624977717,43.067869359509466,0 -116.8185292447761,43.07239301094295,0 -116.8197469959569,43.075996930931005,0 -116.8283481690233,43.07510965679225,0 -116.83631455075069,43.08187506538973,0 -116.8258608446165,43.08591187351444,0 -116.82644208168178,43.09761920592835,0 -116.80056251651027,43.12053960750588,0 -116.79929792418763,43.13134328389223,0 -116.78945741430967,43.13267633481802,0 -116.78694680987303,43.14752974533232,0 -116.79000745996407,43.15158759425292,0</coordinates></LinearRing></outerBoundaryIs></Polygon><Polygon><outerBoundaryIs><LinearRing><coordinates>-116.83695562419425,43.302943882939495,0 -116.82893267839495,43.306083784466225,0 -116.83077094225429,43.31013859778764,0 -116.82521431885334,43.31283162606715,0 -116.81105135644628,43.3069561063942,0 -116.80737788594712,43.29884581474114,0 -116.77844831918583,43.287087405091924,0 -116.76488088564304,43.289311484616626,0 -116.75810839792369,43.28749643382381,0 -116.7568937052894,43.282991532087394,0 -116.76801899229882,43.27446020456023,0 -116.76866586746614,43.2663573051862,0 -116.76252588825712,43.26094191108046,0 -116.75637084226283,43.259578264086,0 -116.74772226939515,43.26541256560468,0 -116.72803153458368,43.25996463293999,0 -116.72061856903242,43.26444911253626,0 -116.72001693531134,43.26129600117825,0 -116.71018157862915,43.256769159595876,0 -116.70217359975804,43.256748591021946,0 -116.69604944921322,43.24952872197782,0 -116.69488501223447,43.23601854621998,0 -116.68817790575086,43.22294359105708,0 -116.69806619035508,43.21531607447051,0 -116.6950443700161,43.204052097605704,0 -116.70367616924297,43.20092310703031,0 -116.70805291045818,43.18652668703787,0 -116.70008938577479,43.179302239466956,0 -116.69956465841149,43.16084095703573,0 -116.69221137910007,43.155418502215454,0 -116.70095058724216,43.12887729267535,0 -116.70402415415998,43.12888528418012,0 -116.70334197904536,43.142841091177615,0 -116.71440096265269,43.144670204050044,0 -116.71434645186604,43.156376390736135,0 -116.72479319920431,43.15820296565859,0 -116.72229034297156,43.16765200495162,0 -116.72535375562602,43.1703608500058,0 -116.73212216081195,43.16992665532204,0 -116.73270390790344,43.177582119648164,0 -116.7468535952824,43.17761430174707,0 -116.7487268989702,43.17086481026328,0 -116.74866411987442,43.18617286840498,0 -116.75541254181982,43.19114013720991,0 -116.77078764341705,43.19342317338639,0 -116.7677261900903,43.1893648382116,0 -116.76719298716311,43.16775218181736,0 -116.77210881696537,43.16911280441633,0 -116.77084996185232,43.17676439642723,0 -116.78253870900815,43.17678720987496,0 -116.77821929107846,43.180380847523864,0 -116.79298338394007,43.18085875507005,0 -116.79668676902338,43.17726346707782,0 -116.79428036153728,43.16105045745515,0 -116.7979706029279,43.16105703291479,0 -116.79671813054138,43.167808448576864,0 -116.8053296461528,43.16782342455075,0 -116.8071579745117,43.173229422399366,0 -116.81453175555657,43.175943062065876,0 -116.81635978652206,43.18179914588892,0 -116.82189310389602,43.183158616128594,0 -116.82434124709839,43.18766480760244,0 -116.83911338560891,43.18588557177603,0 -116.84646415163259,43.19895263641506,0 -116.8532251662359,43.20256342583663,0 -116.85750403574906,43.21517552319503,0 -116.85686212100205,43.22643066968404,0 -116.8512956559554,43.23677902181021,0 -116.85127594504728,43.24488325002761,0 -116.85496377687953,43.24803963618896,0 -116.84879570209513,43.25163353469379,0 -116.84629565562658,43.26603771960022,0 -116.85492530437332,43.26424805172838,0 -116.85922852803596,43.26830553711144,0 -116.8555073051039,43.27865627353205,0 -116.85670805639856,43.292164768308,0 -116.84746488284092,43.29125235135874,0 -116.83695562419425,43.302943882939495,0</coordinates></LinearRing></outerBoundaryIs></Polygon></MultiGeometry></Placemark>
</Folder>
<Folder><name>Little Cottonwood Canyon, UT (lidar)</name>
<Placemark><name>Little Cottonwood Canyon 2021-03-18</name><description>QSI lidar 0.5m/3m (SNEX20_QSI_SD[_3m]) | overlaps UAVSAR: stlake</description><Style><LineStyle><color>ffff00ff</color><width>3</width></LineStyle><PolyStyle><color>2dff00ff</color></PolyStyle></Style><MultiGeometry><Polygon><outerBoundaryIs><LinearRing><coordinates>-111.72,40.5202,0 -111.615,40.5208,0 -111.615,40.5984,0 -111.721,40.5978,0 -111.72,40.5202,0</coordinates></LinearRing></outerBoundaryIs></Polygon></MultiGeometry></Placemark>
</Folder>
</Document></kml>